url,path,page_type,source,indexable,in_sitemap,dynamically_generated,cluster,notes
https://saudiprivatetransfers.com,,homepage,app/(main)/page.tsx,true,true,false,,
https://saudiprivatetransfers.com/services,/services,static-page,app/(main)/services/page.tsx,true,true,false,static,
https://saudiprivatetransfers.com/about,/about,static-page,app/(main)/about/page.tsx,true,true,false,static,
https://saudiprivatetransfers.com/contact,/contact,static-page,app/(main)/contact/page.tsx,true,true,false,static,
https://saudiprivatetransfers.com/get-quote,/get-quote,static-page,app/(main)/get-quote/page.tsx,true,true,false,static,
https://saudiprivatetransfers.com/blog,/blog,blog-listing,app/(main)/blog/page.tsx,true,true,false,blog,
https://saudiprivatetransfers.com/terms-and-conditions,/terms-and-conditions,static-page,app/(main)/terms-and-conditions/page.tsx,true,true,false,static,
https://saudiprivatetransfers.com/privacy-policy,/privacy-policy,static-page,app/(main)/privacy-policy/page.tsx,true,true,false,static,
https://saudiprivatetransfers.com/airport-transfers,/airport-transfers,service-page,data/services.ts + data/service-content/*.ts (static route file per service),true,true,false,services,
https://saudiprivatetransfers.com/city-transfers,/city-transfers,service-page,data/services.ts + data/service-content/*.ts (static route file per service),true,true,false,services,
https://saudiprivatetransfers.com/intercity-transfers,/intercity-transfers,service-page,data/services.ts + data/service-content/*.ts (static route file per service),true,true,false,services,
https://saudiprivatetransfers.com/border-transfers,/border-transfers,service-page,data/services.ts + data/service-content/*.ts (static route file per service),true,true,false,services,
https://saudiprivatetransfers.com/umrah-taxi-service,/umrah-taxi-service,service-page,data/services.ts + data/service-content/*.ts (static route file per service),true,true,false,services,
https://saudiprivatetransfers.com/hajj-transport-service,/hajj-transport-service,service-page,data/services.ts + data/service-content/*.ts (static route file per service),true,true,false,services,
https://saudiprivatetransfers.com/ziyarat-taxi-service,/ziyarat-taxi-service,service-page,data/services.ts + data/service-content/*.ts (static route file per service),true,true,false,services,
https://saudiprivatetransfers.com/services/hotel-transfers,/services/hotel-transfers,service-page,data/services.ts via app/(main)/services/hotel-transfers/page.tsx,true,true,false,services,
https://saudiprivatetransfers.com/taxi-service/riyadh,/taxi-service/riyadh,city-taxi-service,data/cities.ts via app/(main)/taxi-service/[city]/page.tsx,true,true,true,cities,
https://saudiprivatetransfers.com/taxi-service/jeddah,/taxi-service/jeddah,city-taxi-service,data/cities.ts via app/(main)/taxi-service/[city]/page.tsx,true,true,true,cities,
https://saudiprivatetransfers.com/taxi-service/makkah,/taxi-service/makkah,city-taxi-service,data/cities.ts via app/(main)/taxi-service/[city]/page.tsx,true,true,true,cities,
https://saudiprivatetransfers.com/taxi-service/madinah,/taxi-service/madinah,city-taxi-service,data/cities.ts via app/(main)/taxi-service/[city]/page.tsx,true,true,true,cities,
https://saudiprivatetransfers.com/taxi-service/dammam,/taxi-service/dammam,city-taxi-service,data/cities.ts via app/(main)/taxi-service/[city]/page.tsx,true,true,true,cities,
https://saudiprivatetransfers.com/taxi-service/khobar,/taxi-service/khobar,city-taxi-service,data/cities.ts via app/(main)/taxi-service/[city]/page.tsx,true,true,true,cities,
https://saudiprivatetransfers.com/taxi-service/jubail,/taxi-service/jubail,city-taxi-service,data/cities.ts via app/(main)/taxi-service/[city]/page.tsx,true,true,true,cities,
https://saudiprivatetransfers.com/taxi-service/taif,/taxi-service/taif,city-taxi-service,data/cities.ts via app/(main)/taxi-service/[city]/page.tsx,true,true,true,cities,
https://saudiprivatetransfers.com/taxi-service/abha,/taxi-service/abha,city-taxi-service,data/cities.ts via app/(main)/taxi-service/[city]/page.tsx,true,true,true,cities,
https://saudiprivatetransfers.com/taxi-service/tabuk,/taxi-service/tabuk,city-taxi-service,data/cities.ts via app/(main)/taxi-service/[city]/page.tsx,true,true,true,cities,
https://saudiprivatetransfers.com/taxi-service/alula,/taxi-service/alula,city-taxi-service,data/cities.ts via app/(main)/taxi-service/[city]/page.tsx,true,true,true,cities,
https://saudiprivatetransfers.com/taxi-service/yanbu,/taxi-service/yanbu,city-taxi-service,data/cities.ts via app/(main)/taxi-service/[city]/page.tsx,true,true,true,cities,
https://saudiprivatetransfers.com/taxi-service/hail,/taxi-service/hail,city-taxi-service,data/cities.ts via app/(main)/taxi-service/[city]/page.tsx,true,true,true,cities,
https://saudiprivatetransfers.com/taxi-service/najran,/taxi-service/najran,city-taxi-service,data/cities.ts via app/(main)/taxi-service/[city]/page.tsx,true,true,true,cities,
https://saudiprivatetransfers.com/taxi-service/jazan,/taxi-service/jazan,city-taxi-service,data/cities.ts via app/(main)/taxi-service/[city]/page.tsx,true,true,true,cities,
https://saudiprivatetransfers.com/taxi-service/buraidah,/taxi-service/buraidah,city-taxi-service,data/cities.ts via app/(main)/taxi-service/[city]/page.tsx,true,true,true,cities,
https://saudiprivatetransfers.com/taxi-service/hofuf,/taxi-service/hofuf,city-taxi-service,data/cities.ts via app/(main)/taxi-service/[city]/page.tsx,true,true,true,cities,
https://saudiprivatetransfers.com/taxi-service/al-ahsa,/taxi-service/al-ahsa,city-taxi-service,data/cities.ts via app/(main)/taxi-service/[city]/page.tsx,true,true,true,cities,
https://saudiprivatetransfers.com/taxi-service/khamis-mushait,/taxi-service/khamis-mushait,city-taxi-service,data/cities.ts via app/(main)/taxi-service/[city]/page.tsx,true,true,true,cities,
https://saudiprivatetransfers.com/airport-transfer/riyadh-airport,/airport-transfer/riyadh-airport,airport-transfer,data/airports.ts via app/(main)/airport-transfer/[airport]/page.tsx,true,true,true,airports,
https://saudiprivatetransfers.com/airport-transfer/jeddah-airport,/airport-transfer/jeddah-airport,airport-transfer,data/airports.ts via app/(main)/airport-transfer/[airport]/page.tsx,true,true,true,airports,
https://saudiprivatetransfers.com/airport-transfer/madinah-airport,/airport-transfer/madinah-airport,airport-transfer,data/airports.ts via app/(main)/airport-transfer/[airport]/page.tsx,true,true,true,airports,
https://saudiprivatetransfers.com/airport-transfer/dammam-airport,/airport-transfer/dammam-airport,airport-transfer,data/airports.ts via app/(main)/airport-transfer/[airport]/page.tsx,true,true,true,airports,
https://saudiprivatetransfers.com/airport-transfer/taif-airport,/airport-transfer/taif-airport,airport-transfer,data/airports.ts via app/(main)/airport-transfer/[airport]/page.tsx,true,true,true,airports,
https://saudiprivatetransfers.com/airport-transfer/abha-airport,/airport-transfer/abha-airport,airport-transfer,data/airports.ts via app/(main)/airport-transfer/[airport]/page.tsx,true,true,true,airports,
https://saudiprivatetransfers.com/airport-transfer/tabuk-airport,/airport-transfer/tabuk-airport,airport-transfer,data/airports.ts via app/(main)/airport-transfer/[airport]/page.tsx,true,true,true,airports,
https://saudiprivatetransfers.com/airport-transfer/yanbu-airport,/airport-transfer/yanbu-airport,airport-transfer,data/airports.ts via app/(main)/airport-transfer/[airport]/page.tsx,true,true,true,airports,
https://saudiprivatetransfers.com/airport-transfer/alula-airport,/airport-transfer/alula-airport,airport-transfer,data/airports.ts via app/(main)/airport-transfer/[airport]/page.tsx,true,true,true,airports,
https://saudiprivatetransfers.com/airport-transfer/jazan-airport,/airport-transfer/jazan-airport,airport-transfer,data/airports.ts via app/(main)/airport-transfer/[airport]/page.tsx,true,true,true,airports,
https://saudiprivatetransfers.com/airport-transfer/hail-airport,/airport-transfer/hail-airport,airport-transfer,data/airports.ts via app/(main)/airport-transfer/[airport]/page.tsx,true,true,true,airports,
https://saudiprivatetransfers.com/airport-transfer/red-sea-airport,/airport-transfer/red-sea-airport,airport-transfer,data/airports.ts via app/(main)/airport-transfer/[airport]/page.tsx,true,true,true,airports,
https://saudiprivatetransfers.com/airport-transfer/neom-bay-airport,/airport-transfer/neom-bay-airport,airport-transfer,data/airports.ts via app/(main)/airport-transfer/[airport]/page.tsx,true,true,true,airports,
https://saudiprivatetransfers.com/routes/jeddah-to-makkah,/routes/jeddah-to-makkah,commercial-route,"data/routes.ts (+ makkah-routes.ts, dammam-routes.ts) via app/(main)/routes/[slug]/page.tsx",true,true,true,routes,
https://saudiprivatetransfers.com/routes/makkah-to-madinah,/routes/makkah-to-madinah,commercial-route,"data/routes.ts (+ makkah-routes.ts, dammam-routes.ts) via app/(main)/routes/[slug]/page.tsx",true,true,true,routes,
https://saudiprivatetransfers.com/routes/madinah-to-makkah,/routes/madinah-to-makkah,commercial-route,"data/routes.ts (+ makkah-routes.ts, dammam-routes.ts) via app/(main)/routes/[slug]/page.tsx",true,true,true,routes,
https://saudiprivatetransfers.com/routes/jeddah-to-madinah,/routes/jeddah-to-madinah,commercial-route,"data/routes.ts (+ makkah-routes.ts, dammam-routes.ts) via app/(main)/routes/[slug]/page.tsx",true,true,true,routes,
https://saudiprivatetransfers.com/routes/riyadh-to-dammam,/routes/riyadh-to-dammam,commercial-route,"data/routes.ts (+ makkah-routes.ts, dammam-routes.ts) via app/(main)/routes/[slug]/page.tsx",true,true,true,routes,
https://saudiprivatetransfers.com/routes/dammam-to-riyadh,/routes/dammam-to-riyadh,commercial-route,"data/routes.ts (+ makkah-routes.ts, dammam-routes.ts) via app/(main)/routes/[slug]/page.tsx",true,true,true,routes,
https://saudiprivatetransfers.com/routes/riyadh-to-jeddah,/routes/riyadh-to-jeddah,commercial-route,"data/routes.ts (+ makkah-routes.ts, dammam-routes.ts) via app/(main)/routes/[slug]/page.tsx",true,true,true,routes,
https://saudiprivatetransfers.com/routes/riyadh-to-alula,/routes/riyadh-to-alula,commercial-route,"data/routes.ts (+ makkah-routes.ts, dammam-routes.ts) via app/(main)/routes/[slug]/page.tsx",true,true,true,routes,
https://saudiprivatetransfers.com/routes/madinah-to-alula,/routes/madinah-to-alula,commercial-route,"data/routes.ts (+ makkah-routes.ts, dammam-routes.ts) via app/(main)/routes/[slug]/page.tsx",true,true,true,routes,
https://saudiprivatetransfers.com/routes/jeddah-to-taif,/routes/jeddah-to-taif,commercial-route,"data/routes.ts (+ makkah-routes.ts, dammam-routes.ts) via app/(main)/routes/[slug]/page.tsx",true,true,true,routes,
https://saudiprivatetransfers.com/routes/khobar-to-bahrain,/routes/khobar-to-bahrain,commercial-route,"data/routes.ts (+ makkah-routes.ts, dammam-routes.ts) via app/(main)/routes/[slug]/page.tsx",true,true,true,routes,
https://saudiprivatetransfers.com/routes/dammam-to-bahrain,/routes/dammam-to-bahrain,commercial-route,"data/routes.ts (+ makkah-routes.ts, dammam-routes.ts) via app/(main)/routes/[slug]/page.tsx",true,true,true,routes,
https://saudiprivatetransfers.com/routes/riyadh-to-qatar-border,/routes/riyadh-to-qatar-border,commercial-route,"data/routes.ts (+ makkah-routes.ts, dammam-routes.ts) via app/(main)/routes/[slug]/page.tsx",true,true,true,routes,
https://saudiprivatetransfers.com/routes/dammam-airport-to-khobar,/routes/dammam-airport-to-khobar,commercial-route,"data/routes.ts (+ makkah-routes.ts, dammam-routes.ts) via app/(main)/routes/[slug]/page.tsx",true,true,true,routes,
https://saudiprivatetransfers.com/routes/makkah-to-jeddah,/routes/makkah-to-jeddah,commercial-route,"data/routes.ts (+ makkah-routes.ts, dammam-routes.ts) via app/(main)/routes/[slug]/page.tsx",true,true,true,routes,
https://saudiprivatetransfers.com/routes/madinah-to-jeddah,/routes/madinah-to-jeddah,commercial-route,"data/routes.ts (+ makkah-routes.ts, dammam-routes.ts) via app/(main)/routes/[slug]/page.tsx",true,true,true,routes,
https://saudiprivatetransfers.com/routes/taif-to-jeddah,/routes/taif-to-jeddah,commercial-route,"data/routes.ts (+ makkah-routes.ts, dammam-routes.ts) via app/(main)/routes/[slug]/page.tsx",true,true,true,routes,
https://saudiprivatetransfers.com/routes/jeddah-to-yanbu,/routes/jeddah-to-yanbu,commercial-route,"data/routes.ts (+ makkah-routes.ts, dammam-routes.ts) via app/(main)/routes/[slug]/page.tsx",true,true,true,routes,
https://saudiprivatetransfers.com/routes/yanbu-to-jeddah,/routes/yanbu-to-jeddah,commercial-route,"data/routes.ts (+ makkah-routes.ts, dammam-routes.ts) via app/(main)/routes/[slug]/page.tsx",true,true,true,routes,
https://saudiprivatetransfers.com/routes/jeddah-to-kaec,/routes/jeddah-to-kaec,commercial-route,"data/routes.ts (+ makkah-routes.ts, dammam-routes.ts) via app/(main)/routes/[slug]/page.tsx",true,true,true,routes,
https://saudiprivatetransfers.com/routes/kaec-to-jeddah,/routes/kaec-to-jeddah,commercial-route,"data/routes.ts (+ makkah-routes.ts, dammam-routes.ts) via app/(main)/routes/[slug]/page.tsx",true,true,true,routes,
https://saudiprivatetransfers.com/routes/dammam-airport-to-bahrain,/routes/dammam-airport-to-bahrain,commercial-route,"data/routes.ts (+ makkah-routes.ts, dammam-routes.ts) via app/(main)/routes/[slug]/page.tsx",true,true,true,routes,
https://saudiprivatetransfers.com/routes/bahrain-airport-to-dammam,/routes/bahrain-airport-to-dammam,commercial-route,"data/routes.ts (+ makkah-routes.ts, dammam-routes.ts) via app/(main)/routes/[slug]/page.tsx",true,true,true,routes,
https://saudiprivatetransfers.com/routes/bahrain-to-khobar,/routes/bahrain-to-khobar,commercial-route,"data/routes.ts (+ makkah-routes.ts, dammam-routes.ts) via app/(main)/routes/[slug]/page.tsx",true,true,true,routes,
https://saudiprivatetransfers.com/routes/manama-to-dammam,/routes/manama-to-dammam,commercial-route,"data/routes.ts (+ makkah-routes.ts, dammam-routes.ts) via app/(main)/routes/[slug]/page.tsx",true,true,true,routes,
https://saudiprivatetransfers.com/routes/riyadh-to-bahrain,/routes/riyadh-to-bahrain,commercial-route,"data/routes.ts (+ makkah-routes.ts, dammam-routes.ts) via app/(main)/routes/[slug]/page.tsx",true,true,true,routes,
https://saudiprivatetransfers.com/routes/bahrain-to-riyadh,/routes/bahrain-to-riyadh,commercial-route,"data/routes.ts (+ makkah-routes.ts, dammam-routes.ts) via app/(main)/routes/[slug]/page.tsx",true,true,true,routes,
https://saudiprivatetransfers.com/routes/dammam-to-kuwait-city,/routes/dammam-to-kuwait-city,commercial-route,"data/routes.ts (+ makkah-routes.ts, dammam-routes.ts) via app/(main)/routes/[slug]/page.tsx",true,true,true,routes,
https://saudiprivatetransfers.com/routes/kuwait-city-to-dammam,/routes/kuwait-city-to-dammam,commercial-route,"data/routes.ts (+ makkah-routes.ts, dammam-routes.ts) via app/(main)/routes/[slug]/page.tsx",true,true,true,routes,
https://saudiprivatetransfers.com/routes/riyadh-to-kuwait-city,/routes/riyadh-to-kuwait-city,commercial-route,"data/routes.ts (+ makkah-routes.ts, dammam-routes.ts) via app/(main)/routes/[slug]/page.tsx",true,true,true,routes,
https://saudiprivatetransfers.com/routes/kuwait-city-to-riyadh,/routes/kuwait-city-to-riyadh,commercial-route,"data/routes.ts (+ makkah-routes.ts, dammam-routes.ts) via app/(main)/routes/[slug]/page.tsx",true,true,true,routes,
https://saudiprivatetransfers.com/routes/dammam-airport-to-khafji-border,/routes/dammam-airport-to-khafji-border,commercial-route,"data/routes.ts (+ makkah-routes.ts, dammam-routes.ts) via app/(main)/routes/[slug]/page.tsx",true,true,true,routes,
https://saudiprivatetransfers.com/routes/khafji-border-to-dammam-airport,/routes/khafji-border-to-dammam-airport,commercial-route,"data/routes.ts (+ makkah-routes.ts, dammam-routes.ts) via app/(main)/routes/[slug]/page.tsx",true,true,true,routes,
https://saudiprivatetransfers.com/routes/dammam-to-kuwait-airport,/routes/dammam-to-kuwait-airport,commercial-route,"data/routes.ts (+ makkah-routes.ts, dammam-routes.ts) via app/(main)/routes/[slug]/page.tsx",true,true,true,routes,
https://saudiprivatetransfers.com/routes/kuwait-airport-to-dammam,/routes/kuwait-airport-to-dammam,commercial-route,"data/routes.ts (+ makkah-routes.ts, dammam-routes.ts) via app/(main)/routes/[slug]/page.tsx",true,true,true,routes,
https://saudiprivatetransfers.com/routes/dammam-airport-to-doha,/routes/dammam-airport-to-doha,commercial-route,"data/routes.ts (+ makkah-routes.ts, dammam-routes.ts) via app/(main)/routes/[slug]/page.tsx",true,true,true,routes,
https://saudiprivatetransfers.com/routes/doha-to-dammam-airport,/routes/doha-to-dammam-airport,commercial-route,"data/routes.ts (+ makkah-routes.ts, dammam-routes.ts) via app/(main)/routes/[slug]/page.tsx",true,true,true,routes,
https://saudiprivatetransfers.com/routes/riyadh-to-doha,/routes/riyadh-to-doha,commercial-route,"data/routes.ts (+ makkah-routes.ts, dammam-routes.ts) via app/(main)/routes/[slug]/page.tsx",true,true,true,routes,
https://saudiprivatetransfers.com/routes/doha-to-riyadh,/routes/doha-to-riyadh,commercial-route,"data/routes.ts (+ makkah-routes.ts, dammam-routes.ts) via app/(main)/routes/[slug]/page.tsx",true,true,true,routes,
https://saudiprivatetransfers.com/routes/al-khobar-to-doha,/routes/al-khobar-to-doha,commercial-route,"data/routes.ts (+ makkah-routes.ts, dammam-routes.ts) via app/(main)/routes/[slug]/page.tsx",true,true,true,routes,
https://saudiprivatetransfers.com/routes/doha-to-al-khobar,/routes/doha-to-al-khobar,commercial-route,"data/routes.ts (+ makkah-routes.ts, dammam-routes.ts) via app/(main)/routes/[slug]/page.tsx",true,true,true,routes,
https://saudiprivatetransfers.com/routes/riyadh-to-dubai,/routes/riyadh-to-dubai,commercial-route,"data/routes.ts (+ makkah-routes.ts, dammam-routes.ts) via app/(main)/routes/[slug]/page.tsx",true,true,true,routes,
https://saudiprivatetransfers.com/routes/dubai-to-riyadh,/routes/dubai-to-riyadh,commercial-route,"data/routes.ts (+ makkah-routes.ts, dammam-routes.ts) via app/(main)/routes/[slug]/page.tsx",true,true,true,routes,
https://saudiprivatetransfers.com/routes/dammam-to-dubai,/routes/dammam-to-dubai,commercial-route,"data/routes.ts (+ makkah-routes.ts, dammam-routes.ts) via app/(main)/routes/[slug]/page.tsx",true,true,true,routes,
https://saudiprivatetransfers.com/routes/dubai-to-dammam,/routes/dubai-to-dammam,commercial-route,"data/routes.ts (+ makkah-routes.ts, dammam-routes.ts) via app/(main)/routes/[slug]/page.tsx",true,true,true,routes,
https://saudiprivatetransfers.com/routes/riyadh-to-abu-dhabi,/routes/riyadh-to-abu-dhabi,commercial-route,"data/routes.ts (+ makkah-routes.ts, dammam-routes.ts) via app/(main)/routes/[slug]/page.tsx",true,true,true,routes,
https://saudiprivatetransfers.com/routes/abu-dhabi-to-riyadh,/routes/abu-dhabi-to-riyadh,commercial-route,"data/routes.ts (+ makkah-routes.ts, dammam-routes.ts) via app/(main)/routes/[slug]/page.tsx",true,true,true,routes,
https://saudiprivatetransfers.com/routes/riyadh-to-al-batha-border,/routes/riyadh-to-al-batha-border,commercial-route,"data/routes.ts (+ makkah-routes.ts, dammam-routes.ts) via app/(main)/routes/[slug]/page.tsx",true,true,true,routes,
https://saudiprivatetransfers.com/routes/al-batha-border-to-riyadh,/routes/al-batha-border-to-riyadh,commercial-route,"data/routes.ts (+ makkah-routes.ts, dammam-routes.ts) via app/(main)/routes/[slug]/page.tsx",true,true,true,routes,
https://saudiprivatetransfers.com/routes/dammam-to-al-batha-border,/routes/dammam-to-al-batha-border,commercial-route,"data/routes.ts (+ makkah-routes.ts, dammam-routes.ts) via app/(main)/routes/[slug]/page.tsx",true,true,true,routes,
https://saudiprivatetransfers.com/routes/al-batha-border-to-dammam,/routes/al-batha-border-to-dammam,commercial-route,"data/routes.ts (+ makkah-routes.ts, dammam-routes.ts) via app/(main)/routes/[slug]/page.tsx",true,true,true,routes,
https://saudiprivatetransfers.com/routes/tabuk-to-amman,/routes/tabuk-to-amman,commercial-route,"data/routes.ts (+ makkah-routes.ts, dammam-routes.ts) via app/(main)/routes/[slug]/page.tsx",true,true,true,routes,
https://saudiprivatetransfers.com/routes/amman-to-tabuk,/routes/amman-to-tabuk,commercial-route,"data/routes.ts (+ makkah-routes.ts, dammam-routes.ts) via app/(main)/routes/[slug]/page.tsx",true,true,true,routes,
https://saudiprivatetransfers.com/routes/alula-to-amman,/routes/alula-to-amman,commercial-route,"data/routes.ts (+ makkah-routes.ts, dammam-routes.ts) via app/(main)/routes/[slug]/page.tsx",true,true,true,routes,
https://saudiprivatetransfers.com/routes/amman-to-alula,/routes/amman-to-alula,commercial-route,"data/routes.ts (+ makkah-routes.ts, dammam-routes.ts) via app/(main)/routes/[slug]/page.tsx",true,true,true,routes,
https://saudiprivatetransfers.com/routes/taif-airport-to-makkah,/routes/taif-airport-to-makkah,commercial-route,"data/routes.ts (+ makkah-routes.ts, dammam-routes.ts) via app/(main)/routes/[slug]/page.tsx",true,true,true,routes,
https://saudiprivatetransfers.com/routes/taif-airport-to-madinah,/routes/taif-airport-to-madinah,commercial-route,"data/routes.ts (+ makkah-routes.ts, dammam-routes.ts) via app/(main)/routes/[slug]/page.tsx",true,true,true,routes,
https://saudiprivatetransfers.com/routes/alula-airport-to-madinah,/routes/alula-airport-to-madinah,commercial-route,"data/routes.ts (+ makkah-routes.ts, dammam-routes.ts) via app/(main)/routes/[slug]/page.tsx",true,true,true,routes,
https://saudiprivatetransfers.com/routes/alula-airport-to-tabuk,/routes/alula-airport-to-tabuk,commercial-route,"data/routes.ts (+ makkah-routes.ts, dammam-routes.ts) via app/(main)/routes/[slug]/page.tsx",true,true,true,routes,
https://saudiprivatetransfers.com/routes/alula-airport-to-neom,/routes/alula-airport-to-neom,commercial-route,"data/routes.ts (+ makkah-routes.ts, dammam-routes.ts) via app/(main)/routes/[slug]/page.tsx",true,true,true,routes,
https://saudiprivatetransfers.com/routes/makkah-to-taif,/routes/makkah-to-taif,commercial-route,"data/routes.ts (+ makkah-routes.ts, dammam-routes.ts) via app/(main)/routes/[slug]/page.tsx",true,true,true,routes,
https://saudiprivatetransfers.com/routes/taif-to-makkah,/routes/taif-to-makkah,commercial-route,"data/routes.ts (+ makkah-routes.ts, dammam-routes.ts) via app/(main)/routes/[slug]/page.tsx",true,true,true,routes,
https://saudiprivatetransfers.com/routes/alula-to-tabuk,/routes/alula-to-tabuk,commercial-route,"data/routes.ts (+ makkah-routes.ts, dammam-routes.ts) via app/(main)/routes/[slug]/page.tsx",true,true,true,routes,
https://saudiprivatetransfers.com/routes/tabuk-to-alula,/routes/tabuk-to-alula,commercial-route,"data/routes.ts (+ makkah-routes.ts, dammam-routes.ts) via app/(main)/routes/[slug]/page.tsx",true,true,true,routes,
https://saudiprivatetransfers.com/routes/alula-to-neom,/routes/alula-to-neom,commercial-route,"data/routes.ts (+ makkah-routes.ts, dammam-routes.ts) via app/(main)/routes/[slug]/page.tsx",true,true,true,routes,
https://saudiprivatetransfers.com/routes/neom-to-alula,/routes/neom-to-alula,commercial-route,"data/routes.ts (+ makkah-routes.ts, dammam-routes.ts) via app/(main)/routes/[slug]/page.tsx",true,true,true,routes,
https://saudiprivatetransfers.com/routes/jeddah-to-dubai,/routes/jeddah-to-dubai,commercial-route,"data/routes.ts (+ makkah-routes.ts, dammam-routes.ts) via app/(main)/routes/[slug]/page.tsx",true,true,true,routes,
https://saudiprivatetransfers.com/routes/dubai-to-jeddah,/routes/dubai-to-jeddah,commercial-route,"data/routes.ts (+ makkah-routes.ts, dammam-routes.ts) via app/(main)/routes/[slug]/page.tsx",true,true,true,routes,
https://saudiprivatetransfers.com/routes/madinah-to-amman,/routes/madinah-to-amman,commercial-route,"data/routes.ts (+ makkah-routes.ts, dammam-routes.ts) via app/(main)/routes/[slug]/page.tsx",true,true,true,routes,
https://saudiprivatetransfers.com/routes/amman-to-madinah,/routes/amman-to-madinah,commercial-route,"data/routes.ts (+ makkah-routes.ts, dammam-routes.ts) via app/(main)/routes/[slug]/page.tsx",true,true,true,routes,
https://saudiprivatetransfers.com/routes/jeddah-airport-to-madinah,/routes/jeddah-airport-to-madinah,commercial-route,"data/routes.ts (+ makkah-routes.ts, dammam-routes.ts) via app/(main)/routes/[slug]/page.tsx",true,true,true,routes,
https://saudiprivatetransfers.com/routes/madinah-to-jeddah-airport,/routes/madinah-to-jeddah-airport,commercial-route,"data/routes.ts (+ makkah-routes.ts, dammam-routes.ts) via app/(main)/routes/[slug]/page.tsx",true,true,true,routes,
https://saudiprivatetransfers.com/routes/riyadh-to-khobar,/routes/riyadh-to-khobar,commercial-route,"data/routes.ts (+ makkah-routes.ts, dammam-routes.ts) via app/(main)/routes/[slug]/page.tsx",true,true,true,routes,
https://saudiprivatetransfers.com/routes/khobar-to-riyadh,/routes/khobar-to-riyadh,commercial-route,"data/routes.ts (+ makkah-routes.ts, dammam-routes.ts) via app/(main)/routes/[slug]/page.tsx",true,true,true,routes,
https://saudiprivatetransfers.com/routes/riyadh-to-jubail,/routes/riyadh-to-jubail,commercial-route,"data/routes.ts (+ makkah-routes.ts, dammam-routes.ts) via app/(main)/routes/[slug]/page.tsx",true,true,true,routes,
https://saudiprivatetransfers.com/routes/jubail-to-riyadh,/routes/jubail-to-riyadh,commercial-route,"data/routes.ts (+ makkah-routes.ts, dammam-routes.ts) via app/(main)/routes/[slug]/page.tsx",true,true,true,routes,
https://saudiprivatetransfers.com/routes/riyadh-to-hofuf,/routes/riyadh-to-hofuf,commercial-route,"data/routes.ts (+ makkah-routes.ts, dammam-routes.ts) via app/(main)/routes/[slug]/page.tsx",true,true,true,routes,
https://saudiprivatetransfers.com/routes/hofuf-to-riyadh,/routes/hofuf-to-riyadh,commercial-route,"data/routes.ts (+ makkah-routes.ts, dammam-routes.ts) via app/(main)/routes/[slug]/page.tsx",true,true,true,routes,
https://saudiprivatetransfers.com/routes/riyadh-to-qassim,/routes/riyadh-to-qassim,commercial-route,"data/routes.ts (+ makkah-routes.ts, dammam-routes.ts) via app/(main)/routes/[slug]/page.tsx",true,true,true,routes,
https://saudiprivatetransfers.com/routes/qassim-to-riyadh,/routes/qassim-to-riyadh,commercial-route,"data/routes.ts (+ makkah-routes.ts, dammam-routes.ts) via app/(main)/routes/[slug]/page.tsx",true,true,true,routes,
https://saudiprivatetransfers.com/routes/riyadh-to-hail,/routes/riyadh-to-hail,commercial-route,"data/routes.ts (+ makkah-routes.ts, dammam-routes.ts) via app/(main)/routes/[slug]/page.tsx",true,true,true,routes,
https://saudiprivatetransfers.com/routes/hail-to-riyadh,/routes/hail-to-riyadh,commercial-route,"data/routes.ts (+ makkah-routes.ts, dammam-routes.ts) via app/(main)/routes/[slug]/page.tsx",true,true,true,routes,
https://saudiprivatetransfers.com/routes/riyadh-to-madinah,/routes/riyadh-to-madinah,commercial-route,"data/routes.ts (+ makkah-routes.ts, dammam-routes.ts) via app/(main)/routes/[slug]/page.tsx",true,true,true,routes,
https://saudiprivatetransfers.com/routes/madinah-to-riyadh,/routes/madinah-to-riyadh,commercial-route,"data/routes.ts (+ makkah-routes.ts, dammam-routes.ts) via app/(main)/routes/[slug]/page.tsx",true,true,true,routes,
https://saudiprivatetransfers.com/routes/riyadh-to-taif,/routes/riyadh-to-taif,commercial-route,"data/routes.ts (+ makkah-routes.ts, dammam-routes.ts) via app/(main)/routes/[slug]/page.tsx",true,true,true,routes,
https://saudiprivatetransfers.com/routes/taif-to-riyadh,/routes/taif-to-riyadh,commercial-route,"data/routes.ts (+ makkah-routes.ts, dammam-routes.ts) via app/(main)/routes/[slug]/page.tsx",true,true,true,routes,
https://saudiprivatetransfers.com/routes/riyadh-to-abha,/routes/riyadh-to-abha,commercial-route,"data/routes.ts (+ makkah-routes.ts, dammam-routes.ts) via app/(main)/routes/[slug]/page.tsx",true,true,true,routes,
https://saudiprivatetransfers.com/routes/abha-to-riyadh,/routes/abha-to-riyadh,commercial-route,"data/routes.ts (+ makkah-routes.ts, dammam-routes.ts) via app/(main)/routes/[slug]/page.tsx",true,true,true,routes,
https://saudiprivatetransfers.com/routes/riyadh-to-tabuk,/routes/riyadh-to-tabuk,commercial-route,"data/routes.ts (+ makkah-routes.ts, dammam-routes.ts) via app/(main)/routes/[slug]/page.tsx",true,true,true,routes,
https://saudiprivatetransfers.com/routes/tabuk-to-riyadh,/routes/tabuk-to-riyadh,commercial-route,"data/routes.ts (+ makkah-routes.ts, dammam-routes.ts) via app/(main)/routes/[slug]/page.tsx",true,true,true,routes,
https://saudiprivatetransfers.com/routes/riyadh-to-yanbu,/routes/riyadh-to-yanbu,commercial-route,"data/routes.ts (+ makkah-routes.ts, dammam-routes.ts) via app/(main)/routes/[slug]/page.tsx",true,true,true,routes,
https://saudiprivatetransfers.com/routes/yanbu-to-riyadh,/routes/yanbu-to-riyadh,commercial-route,"data/routes.ts (+ makkah-routes.ts, dammam-routes.ts) via app/(main)/routes/[slug]/page.tsx",true,true,true,routes,
https://saudiprivatetransfers.com/routes/riyadh-to-neom,/routes/riyadh-to-neom,commercial-route,"data/routes.ts (+ makkah-routes.ts, dammam-routes.ts) via app/(main)/routes/[slug]/page.tsx",true,true,true,routes,
https://saudiprivatetransfers.com/routes/neom-to-riyadh,/routes/neom-to-riyadh,commercial-route,"data/routes.ts (+ makkah-routes.ts, dammam-routes.ts) via app/(main)/routes/[slug]/page.tsx",true,true,true,routes,
https://saudiprivatetransfers.com/routes/jeddah-to-riyadh,/routes/jeddah-to-riyadh,commercial-route,"data/routes.ts (+ makkah-routes.ts, dammam-routes.ts) via app/(main)/routes/[slug]/page.tsx",true,true,true,routes,
https://saudiprivatetransfers.com/routes/jeddah-airport-to-riyadh,/routes/jeddah-airport-to-riyadh,commercial-route,"data/routes.ts (+ makkah-routes.ts, dammam-routes.ts) via app/(main)/routes/[slug]/page.tsx",true,true,true,routes,
https://saudiprivatetransfers.com/routes/riyadh-airport-to-jeddah,/routes/riyadh-airport-to-jeddah,commercial-route,"data/routes.ts (+ makkah-routes.ts, dammam-routes.ts) via app/(main)/routes/[slug]/page.tsx",true,true,true,routes,
https://saudiprivatetransfers.com/routes/tabuk-to-neom,/routes/tabuk-to-neom,commercial-route,"data/routes.ts (+ makkah-routes.ts, dammam-routes.ts) via app/(main)/routes/[slug]/page.tsx",true,true,true,routes,
https://saudiprivatetransfers.com/routes/neom-to-tabuk,/routes/neom-to-tabuk,commercial-route,"data/routes.ts (+ makkah-routes.ts, dammam-routes.ts) via app/(main)/routes/[slug]/page.tsx",true,true,true,routes,
https://saudiprivatetransfers.com/routes/jeddah-to-alula,/routes/jeddah-to-alula,commercial-route,"data/routes.ts (+ makkah-routes.ts, dammam-routes.ts) via app/(main)/routes/[slug]/page.tsx",true,true,true,routes,
https://saudiprivatetransfers.com/routes/alula-to-riyadh,/routes/alula-to-riyadh,commercial-route,"data/routes.ts (+ makkah-routes.ts, dammam-routes.ts) via app/(main)/routes/[slug]/page.tsx",true,true,true,routes,
https://saudiprivatetransfers.com/routes/alula-to-jeddah,/routes/alula-to-jeddah,commercial-route,"data/routes.ts (+ makkah-routes.ts, dammam-routes.ts) via app/(main)/routes/[slug]/page.tsx",true,true,true,routes,
https://saudiprivatetransfers.com/routes/riyadh-airport-to-makkah,/routes/riyadh-airport-to-makkah,commercial-route,"data/routes.ts (+ makkah-routes.ts, dammam-routes.ts) via app/(main)/routes/[slug]/page.tsx",true,true,true,routes,
https://saudiprivatetransfers.com/routes/jeddah-to-dammam,/routes/jeddah-to-dammam,commercial-route,"data/routes.ts (+ makkah-routes.ts, dammam-routes.ts) via app/(main)/routes/[slug]/page.tsx",true,true,true,routes,
https://saudiprivatetransfers.com/routes/dammam-to-jeddah,/routes/dammam-to-jeddah,commercial-route,"data/routes.ts (+ makkah-routes.ts, dammam-routes.ts) via app/(main)/routes/[slug]/page.tsx",true,true,true,routes,
https://saudiprivatetransfers.com/routes/alula-to-madinah,/routes/alula-to-madinah,commercial-route,"data/routes.ts (+ makkah-routes.ts, dammam-routes.ts) via app/(main)/routes/[slug]/page.tsx",true,true,true,routes,
https://saudiprivatetransfers.com/routes/riyadh-airport-to-madinah,/routes/riyadh-airport-to-madinah,commercial-route,"data/routes.ts (+ makkah-routes.ts, dammam-routes.ts) via app/(main)/routes/[slug]/page.tsx",true,true,true,routes,
https://saudiprivatetransfers.com/routes/abha-to-jeddah,/routes/abha-to-jeddah,commercial-route,"data/routes.ts (+ makkah-routes.ts, dammam-routes.ts) via app/(main)/routes/[slug]/page.tsx",true,true,true,routes,
https://saudiprivatetransfers.com/routes/tabuk-to-madinah,/routes/tabuk-to-madinah,commercial-route,"data/routes.ts (+ makkah-routes.ts, dammam-routes.ts) via app/(main)/routes/[slug]/page.tsx",true,true,true,routes,
https://saudiprivatetransfers.com/routes/madinah-to-tabuk,/routes/madinah-to-tabuk,commercial-route,"data/routes.ts (+ makkah-routes.ts, dammam-routes.ts) via app/(main)/routes/[slug]/page.tsx",true,true,true,routes,
https://saudiprivatetransfers.com/routes/dammam-airport-to-riyadh,/routes/dammam-airport-to-riyadh,commercial-route,"data/routes.ts (+ makkah-routes.ts, dammam-routes.ts) via app/(main)/routes/[slug]/page.tsx",true,true,true,routes,
https://saudiprivatetransfers.com/routes/madinah-airport-to-riyadh,/routes/madinah-airport-to-riyadh,commercial-route,"data/routes.ts (+ makkah-routes.ts, dammam-routes.ts) via app/(main)/routes/[slug]/page.tsx",true,true,true,routes,
https://saudiprivatetransfers.com/routes/jeddah-airport-to-taif,/routes/jeddah-airport-to-taif,commercial-route,"data/routes.ts (+ makkah-routes.ts, dammam-routes.ts) via app/(main)/routes/[slug]/page.tsx",true,true,true,routes,
https://saudiprivatetransfers.com/routes/taif-to-jeddah-airport,/routes/taif-to-jeddah-airport,commercial-route,"data/routes.ts (+ makkah-routes.ts, dammam-routes.ts) via app/(main)/routes/[slug]/page.tsx",true,true,true,routes,
https://saudiprivatetransfers.com/routes/madinah-to-yanbu,/routes/madinah-to-yanbu,commercial-route,"data/routes.ts (+ makkah-routes.ts, dammam-routes.ts) via app/(main)/routes/[slug]/page.tsx",true,true,true,routes,
https://saudiprivatetransfers.com/routes/yanbu-to-madinah,/routes/yanbu-to-madinah,commercial-route,"data/routes.ts (+ makkah-routes.ts, dammam-routes.ts) via app/(main)/routes/[slug]/page.tsx",true,true,true,routes,
https://saudiprivatetransfers.com/routes/taif-to-madinah,/routes/taif-to-madinah,commercial-route,"data/routes.ts (+ makkah-routes.ts, dammam-routes.ts) via app/(main)/routes/[slug]/page.tsx",true,true,true,routes,
https://saudiprivatetransfers.com/routes/madinah-to-taif,/routes/madinah-to-taif,commercial-route,"data/routes.ts (+ makkah-routes.ts, dammam-routes.ts) via app/(main)/routes/[slug]/page.tsx",true,true,true,routes,
https://saudiprivatetransfers.com/routes/jeddah-to-abha,/routes/jeddah-to-abha,commercial-route,"data/routes.ts (+ makkah-routes.ts, dammam-routes.ts) via app/(main)/routes/[slug]/page.tsx",true,true,true,routes,
https://saudiprivatetransfers.com/routes/alula-to-yanbu,/routes/alula-to-yanbu,commercial-route,"data/routes.ts (+ makkah-routes.ts, dammam-routes.ts) via app/(main)/routes/[slug]/page.tsx",true,true,true,routes,
https://saudiprivatetransfers.com/routes/yanbu-to-alula,/routes/yanbu-to-alula,commercial-route,"data/routes.ts (+ makkah-routes.ts, dammam-routes.ts) via app/(main)/routes/[slug]/page.tsx",true,true,true,routes,
https://saudiprivatetransfers.com/routes/hail-to-madinah,/routes/hail-to-madinah,commercial-route,"data/routes.ts (+ makkah-routes.ts, dammam-routes.ts) via app/(main)/routes/[slug]/page.tsx",true,true,true,routes,
https://saudiprivatetransfers.com/routes/madinah-to-hail,/routes/madinah-to-hail,commercial-route,"data/routes.ts (+ makkah-routes.ts, dammam-routes.ts) via app/(main)/routes/[slug]/page.tsx",true,true,true,routes,
https://saudiprivatetransfers.com/routes/alula-airport-to-riyadh,/routes/alula-airport-to-riyadh,commercial-route,"data/routes.ts (+ makkah-routes.ts, dammam-routes.ts) via app/(main)/routes/[slug]/page.tsx",true,true,true,routes,
https://saudiprivatetransfers.com/routes/alula-airport-to-jeddah,/routes/alula-airport-to-jeddah,commercial-route,"data/routes.ts (+ makkah-routes.ts, dammam-routes.ts) via app/(main)/routes/[slug]/page.tsx",true,true,true,routes,
https://saudiprivatetransfers.com/routes/abha-airport-to-jeddah,/routes/abha-airport-to-jeddah,commercial-route,"data/routes.ts (+ makkah-routes.ts, dammam-routes.ts) via app/(main)/routes/[slug]/page.tsx",true,true,true,routes,
https://saudiprivatetransfers.com/routes/abha-airport-to-riyadh,/routes/abha-airport-to-riyadh,commercial-route,"data/routes.ts (+ makkah-routes.ts, dammam-routes.ts) via app/(main)/routes/[slug]/page.tsx",true,true,true,routes,
https://saudiprivatetransfers.com/routes/yanbu-to-jeddah-airport,/routes/yanbu-to-jeddah-airport,commercial-route,"data/routes.ts (+ makkah-routes.ts, dammam-routes.ts) via app/(main)/routes/[slug]/page.tsx",true,true,true,routes,
https://saudiprivatetransfers.com/routes/jeddah-airport-to-yanbu,/routes/jeddah-airport-to-yanbu,commercial-route,"data/routes.ts (+ makkah-routes.ts, dammam-routes.ts) via app/(main)/routes/[slug]/page.tsx",true,true,true,routes,
https://saudiprivatetransfers.com/routes/riyadh-to-jizan,/routes/riyadh-to-jizan,commercial-route,"data/routes.ts (+ makkah-routes.ts, dammam-routes.ts) via app/(main)/routes/[slug]/page.tsx",true,true,true,routes,
https://saudiprivatetransfers.com/routes/jizan-to-riyadh,/routes/jizan-to-riyadh,commercial-route,"data/routes.ts (+ makkah-routes.ts, dammam-routes.ts) via app/(main)/routes/[slug]/page.tsx",true,true,true,routes,
https://saudiprivatetransfers.com/routes/dammam-to-qatar-border,/routes/dammam-to-qatar-border,commercial-route,"data/routes.ts (+ makkah-routes.ts, dammam-routes.ts) via app/(main)/routes/[slug]/page.tsx",true,true,true,routes,
https://saudiprivatetransfers.com/routes/riyadh-airport-to-riyadh,/routes/riyadh-airport-to-riyadh,commercial-route,"data/routes.ts (+ makkah-routes.ts, dammam-routes.ts) via app/(main)/routes/[slug]/page.tsx",true,true,true,routes,
https://saudiprivatetransfers.com/routes/riyadh-to-riyadh-airport,/routes/riyadh-to-riyadh-airport,commercial-route,"data/routes.ts (+ makkah-routes.ts, dammam-routes.ts) via app/(main)/routes/[slug]/page.tsx",true,true,true,routes,
https://saudiprivatetransfers.com/routes/jeddah-airport-to-jeddah,/routes/jeddah-airport-to-jeddah,commercial-route,"data/routes.ts (+ makkah-routes.ts, dammam-routes.ts) via app/(main)/routes/[slug]/page.tsx",true,true,true,routes,
https://saudiprivatetransfers.com/routes/jeddah-to-jeddah-airport,/routes/jeddah-to-jeddah-airport,commercial-route,"data/routes.ts (+ makkah-routes.ts, dammam-routes.ts) via app/(main)/routes/[slug]/page.tsx",true,true,true,routes,
https://saudiprivatetransfers.com/routes/madinah-airport-to-madinah,/routes/madinah-airport-to-madinah,commercial-route,"data/routes.ts (+ makkah-routes.ts, dammam-routes.ts) via app/(main)/routes/[slug]/page.tsx",true,true,true,routes,
https://saudiprivatetransfers.com/routes/madinah-to-madinah-airport,/routes/madinah-to-madinah-airport,commercial-route,"data/routes.ts (+ makkah-routes.ts, dammam-routes.ts) via app/(main)/routes/[slug]/page.tsx",true,true,true,routes,
https://saudiprivatetransfers.com/routes/riyadh-to-al-kharj,/routes/riyadh-to-al-kharj,commercial-route,"data/routes.ts (+ makkah-routes.ts, dammam-routes.ts) via app/(main)/routes/[slug]/page.tsx",true,true,true,routes,
https://saudiprivatetransfers.com/routes/al-kharj-to-riyadh,/routes/al-kharj-to-riyadh,commercial-route,"data/routes.ts (+ makkah-routes.ts, dammam-routes.ts) via app/(main)/routes/[slug]/page.tsx",true,true,true,routes,
https://saudiprivatetransfers.com/routes/riyadh-to-diriyah,/routes/riyadh-to-diriyah,commercial-route,"data/routes.ts (+ makkah-routes.ts, dammam-routes.ts) via app/(main)/routes/[slug]/page.tsx",true,true,true,routes,
https://saudiprivatetransfers.com/routes/diriyah-to-riyadh,/routes/diriyah-to-riyadh,commercial-route,"data/routes.ts (+ makkah-routes.ts, dammam-routes.ts) via app/(main)/routes/[slug]/page.tsx",true,true,true,routes,
https://saudiprivatetransfers.com/routes/khobar-to-bahrain-airport,/routes/khobar-to-bahrain-airport,commercial-route,"data/routes.ts (+ makkah-routes.ts, dammam-routes.ts) via app/(main)/routes/[slug]/page.tsx",true,true,true,routes,
https://saudiprivatetransfers.com/routes/bahrain-airport-to-khobar,/routes/bahrain-airport-to-khobar,commercial-route,"data/routes.ts (+ makkah-routes.ts, dammam-routes.ts) via app/(main)/routes/[slug]/page.tsx",true,true,true,routes,
https://saudiprivatetransfers.com/routes/dammam-to-bahrain-airport,/routes/dammam-to-bahrain-airport,commercial-route,"data/routes.ts (+ makkah-routes.ts, dammam-routes.ts) via app/(main)/routes/[slug]/page.tsx",true,true,true,routes,
https://saudiprivatetransfers.com/routes/jeddah-port-to-makkah,/routes/jeddah-port-to-makkah,commercial-route,"data/routes.ts (+ makkah-routes.ts, dammam-routes.ts) via app/(main)/routes/[slug]/page.tsx",true,true,true,routes,
https://saudiprivatetransfers.com/routes/makkah-to-jeddah-port,/routes/makkah-to-jeddah-port,commercial-route,"data/routes.ts (+ makkah-routes.ts, dammam-routes.ts) via app/(main)/routes/[slug]/page.tsx",true,true,true,routes,
https://saudiprivatetransfers.com/routes/red-sea-airport-to-umluj,/routes/red-sea-airport-to-umluj,commercial-route,"data/routes.ts (+ makkah-routes.ts, dammam-routes.ts) via app/(main)/routes/[slug]/page.tsx",true,true,true,routes,
https://saudiprivatetransfers.com/routes/umluj-to-red-sea-airport,/routes/umluj-to-red-sea-airport,commercial-route,"data/routes.ts (+ makkah-routes.ts, dammam-routes.ts) via app/(main)/routes/[slug]/page.tsx",true,true,true,routes,
https://saudiprivatetransfers.com/routes/alula-airport-to-alula,/routes/alula-airport-to-alula,commercial-route,"data/routes.ts (+ makkah-routes.ts, dammam-routes.ts) via app/(main)/routes/[slug]/page.tsx",true,true,true,routes,
https://saudiprivatetransfers.com/routes/alula-to-alula-airport,/routes/alula-to-alula-airport,commercial-route,"data/routes.ts (+ makkah-routes.ts, dammam-routes.ts) via app/(main)/routes/[slug]/page.tsx",true,true,true,routes,
https://saudiprivatetransfers.com/routes/makkah-to-riyadh,/routes/makkah-to-riyadh,commercial-route,"data/routes.ts (+ makkah-routes.ts, dammam-routes.ts) via app/(main)/routes/[slug]/page.tsx",true,true,true,routes,
https://saudiprivatetransfers.com/routes/riyadh-to-makkah,/routes/riyadh-to-makkah,commercial-route,"data/routes.ts (+ makkah-routes.ts, dammam-routes.ts) via app/(main)/routes/[slug]/page.tsx",true,true,true,routes,
https://saudiprivatetransfers.com/routes/makkah-to-kaec,/routes/makkah-to-kaec,commercial-route,"data/routes.ts (+ makkah-routes.ts, dammam-routes.ts) via app/(main)/routes/[slug]/page.tsx",true,true,true,routes,
https://saudiprivatetransfers.com/routes/makkah-to-yanbu,/routes/makkah-to-yanbu,commercial-route,"data/routes.ts (+ makkah-routes.ts, dammam-routes.ts) via app/(main)/routes/[slug]/page.tsx",true,true,true,routes,
https://saudiprivatetransfers.com/routes/makkah-to-alula,/routes/makkah-to-alula,commercial-route,"data/routes.ts (+ makkah-routes.ts, dammam-routes.ts) via app/(main)/routes/[slug]/page.tsx",true,true,true,routes,
https://saudiprivatetransfers.com/routes/makkah-to-dammam,/routes/makkah-to-dammam,commercial-route,"data/routes.ts (+ makkah-routes.ts, dammam-routes.ts) via app/(main)/routes/[slug]/page.tsx",true,true,true,routes,
https://saudiprivatetransfers.com/routes/makkah-to-abha,/routes/makkah-to-abha,commercial-route,"data/routes.ts (+ makkah-routes.ts, dammam-routes.ts) via app/(main)/routes/[slug]/page.tsx",true,true,true,routes,
https://saudiprivatetransfers.com/routes/makkah-to-jeddah-airport,/routes/makkah-to-jeddah-airport,commercial-route,"data/routes.ts (+ makkah-routes.ts, dammam-routes.ts) via app/(main)/routes/[slug]/page.tsx",true,true,true,routes,
https://saudiprivatetransfers.com/routes/dammam-to-khobar,/routes/dammam-to-khobar,commercial-route,"data/routes.ts (+ makkah-routes.ts, dammam-routes.ts) via app/(main)/routes/[slug]/page.tsx",true,true,true,routes,
https://saudiprivatetransfers.com/routes/khobar-to-dammam,/routes/khobar-to-dammam,commercial-route,"data/routes.ts (+ makkah-routes.ts, dammam-routes.ts) via app/(main)/routes/[slug]/page.tsx",true,true,true,routes,
https://saudiprivatetransfers.com/routes/dammam-to-dhahran,/routes/dammam-to-dhahran,commercial-route,"data/routes.ts (+ makkah-routes.ts, dammam-routes.ts) via app/(main)/routes/[slug]/page.tsx",true,true,true,routes,
https://saudiprivatetransfers.com/routes/dhahran-to-dammam,/routes/dhahran-to-dammam,commercial-route,"data/routes.ts (+ makkah-routes.ts, dammam-routes.ts) via app/(main)/routes/[slug]/page.tsx",true,true,true,routes,
https://saudiprivatetransfers.com/routes/dammam-to-jubail,/routes/dammam-to-jubail,commercial-route,"data/routes.ts (+ makkah-routes.ts, dammam-routes.ts) via app/(main)/routes/[slug]/page.tsx",true,true,true,routes,
https://saudiprivatetransfers.com/routes/jubail-to-dammam,/routes/jubail-to-dammam,commercial-route,"data/routes.ts (+ makkah-routes.ts, dammam-routes.ts) via app/(main)/routes/[slug]/page.tsx",true,true,true,routes,
https://saudiprivatetransfers.com/routes/dammam-to-ras-tanura,/routes/dammam-to-ras-tanura,commercial-route,"data/routes.ts (+ makkah-routes.ts, dammam-routes.ts) via app/(main)/routes/[slug]/page.tsx",true,true,true,routes,
https://saudiprivatetransfers.com/routes/ras-tanura-to-dammam,/routes/ras-tanura-to-dammam,commercial-route,"data/routes.ts (+ makkah-routes.ts, dammam-routes.ts) via app/(main)/routes/[slug]/page.tsx",true,true,true,routes,
https://saudiprivatetransfers.com/routes/dammam-to-qatif,/routes/dammam-to-qatif,commercial-route,"data/routes.ts (+ makkah-routes.ts, dammam-routes.ts) via app/(main)/routes/[slug]/page.tsx",true,true,true,routes,
https://saudiprivatetransfers.com/routes/qatif-to-dammam,/routes/qatif-to-dammam,commercial-route,"data/routes.ts (+ makkah-routes.ts, dammam-routes.ts) via app/(main)/routes/[slug]/page.tsx",true,true,true,routes,
https://saudiprivatetransfers.com/routes/dammam-to-saihat,/routes/dammam-to-saihat,commercial-route,"data/routes.ts (+ makkah-routes.ts, dammam-routes.ts) via app/(main)/routes/[slug]/page.tsx",true,true,true,routes,
https://saudiprivatetransfers.com/routes/saihat-to-dammam,/routes/saihat-to-dammam,commercial-route,"data/routes.ts (+ makkah-routes.ts, dammam-routes.ts) via app/(main)/routes/[slug]/page.tsx",true,true,true,routes,
https://saudiprivatetransfers.com/routes/dammam-to-al-khafji,/routes/dammam-to-al-khafji,commercial-route,"data/routes.ts (+ makkah-routes.ts, dammam-routes.ts) via app/(main)/routes/[slug]/page.tsx",true,true,true,routes,
https://saudiprivatetransfers.com/routes/al-khafji-to-dammam,/routes/al-khafji-to-dammam,commercial-route,"data/routes.ts (+ makkah-routes.ts, dammam-routes.ts) via app/(main)/routes/[slug]/page.tsx",true,true,true,routes,
https://saudiprivatetransfers.com/routes/dammam-to-hofuf,/routes/dammam-to-hofuf,commercial-route,"data/routes.ts (+ makkah-routes.ts, dammam-routes.ts) via app/(main)/routes/[slug]/page.tsx",true,true,true,routes,
https://saudiprivatetransfers.com/routes/hofuf-to-dammam,/routes/hofuf-to-dammam,commercial-route,"data/routes.ts (+ makkah-routes.ts, dammam-routes.ts) via app/(main)/routes/[slug]/page.tsx",true,true,true,routes,
https://saudiprivatetransfers.com/routes/dammam-to-abqaiq,/routes/dammam-to-abqaiq,commercial-route,"data/routes.ts (+ makkah-routes.ts, dammam-routes.ts) via app/(main)/routes/[slug]/page.tsx",true,true,true,routes,
https://saudiprivatetransfers.com/routes/abqaiq-to-dammam,/routes/abqaiq-to-dammam,commercial-route,"data/routes.ts (+ makkah-routes.ts, dammam-routes.ts) via app/(main)/routes/[slug]/page.tsx",true,true,true,routes,
https://saudiprivatetransfers.com/routes/dammam-to-khafji-border,/routes/dammam-to-khafji-border,commercial-route,"data/routes.ts (+ makkah-routes.ts, dammam-routes.ts) via app/(main)/routes/[slug]/page.tsx",true,true,true,routes,
https://saudiprivatetransfers.com/routes/khafji-border-to-dammam,/routes/khafji-border-to-dammam,commercial-route,"data/routes.ts (+ makkah-routes.ts, dammam-routes.ts) via app/(main)/routes/[slug]/page.tsx",true,true,true,routes,
https://saudiprivatetransfers.com/routes/khobar-to-dammam-airport,/routes/khobar-to-dammam-airport,commercial-route,"data/routes.ts (+ makkah-routes.ts, dammam-routes.ts) via app/(main)/routes/[slug]/page.tsx",true,true,true,routes,
https://saudiprivatetransfers.com/routes/dammam-airport-to-dhahran,/routes/dammam-airport-to-dhahran,commercial-route,"data/routes.ts (+ makkah-routes.ts, dammam-routes.ts) via app/(main)/routes/[slug]/page.tsx",true,true,true,routes,
https://saudiprivatetransfers.com/routes/dhahran-to-dammam-airport,/routes/dhahran-to-dammam-airport,commercial-route,"data/routes.ts (+ makkah-routes.ts, dammam-routes.ts) via app/(main)/routes/[slug]/page.tsx",true,true,true,routes,
https://saudiprivatetransfers.com/routes/dammam-airport-to-jubail,/routes/dammam-airport-to-jubail,commercial-route,"data/routes.ts (+ makkah-routes.ts, dammam-routes.ts) via app/(main)/routes/[slug]/page.tsx",true,true,true,routes,
https://saudiprivatetransfers.com/routes/jubail-to-dammam-airport,/routes/jubail-to-dammam-airport,commercial-route,"data/routes.ts (+ makkah-routes.ts, dammam-routes.ts) via app/(main)/routes/[slug]/page.tsx",true,true,true,routes,
https://saudiprivatetransfers.com/routes/dammam-airport-to-qatif,/routes/dammam-airport-to-qatif,commercial-route,"data/routes.ts (+ makkah-routes.ts, dammam-routes.ts) via app/(main)/routes/[slug]/page.tsx",true,true,true,routes,
https://saudiprivatetransfers.com/routes/qatif-to-dammam-airport,/routes/qatif-to-dammam-airport,commercial-route,"data/routes.ts (+ makkah-routes.ts, dammam-routes.ts) via app/(main)/routes/[slug]/page.tsx",true,true,true,routes,
https://saudiprivatetransfers.com/routes/dammam-airport-to-ras-tanura,/routes/dammam-airport-to-ras-tanura,commercial-route,"data/routes.ts (+ makkah-routes.ts, dammam-routes.ts) via app/(main)/routes/[slug]/page.tsx",true,true,true,routes,
https://saudiprivatetransfers.com/routes/ras-tanura-to-dammam-airport,/routes/ras-tanura-to-dammam-airport,commercial-route,"data/routes.ts (+ makkah-routes.ts, dammam-routes.ts) via app/(main)/routes/[slug]/page.tsx",true,true,true,routes,
https://saudiprivatetransfers.com/routes/dammam-airport-to-saihat,/routes/dammam-airport-to-saihat,commercial-route,"data/routes.ts (+ makkah-routes.ts, dammam-routes.ts) via app/(main)/routes/[slug]/page.tsx",true,true,true,routes,
https://saudiprivatetransfers.com/routes/saihat-to-dammam-airport,/routes/saihat-to-dammam-airport,commercial-route,"data/routes.ts (+ makkah-routes.ts, dammam-routes.ts) via app/(main)/routes/[slug]/page.tsx",true,true,true,routes,
https://saudiprivatetransfers.com/routes/dammam-airport-to-abqaiq,/routes/dammam-airport-to-abqaiq,commercial-route,"data/routes.ts (+ makkah-routes.ts, dammam-routes.ts) via app/(main)/routes/[slug]/page.tsx",true,true,true,routes,
https://saudiprivatetransfers.com/routes/abqaiq-to-dammam-airport,/routes/abqaiq-to-dammam-airport,commercial-route,"data/routes.ts (+ makkah-routes.ts, dammam-routes.ts) via app/(main)/routes/[slug]/page.tsx",true,true,true,routes,
https://saudiprivatetransfers.com/routes/dammam-airport-to-hofuf,/routes/dammam-airport-to-hofuf,commercial-route,"data/routes.ts (+ makkah-routes.ts, dammam-routes.ts) via app/(main)/routes/[slug]/page.tsx",true,true,true,routes,
https://saudiprivatetransfers.com/routes/hofuf-to-dammam-airport,/routes/hofuf-to-dammam-airport,commercial-route,"data/routes.ts (+ makkah-routes.ts, dammam-routes.ts) via app/(main)/routes/[slug]/page.tsx",true,true,true,routes,
https://saudiprivatetransfers.com/border-transfers/bahrain-causeway,/border-transfers/bahrain-causeway,border-transfer,data/borders.ts via app/(main)/border-transfers/[border]/page.tsx,true,true,true,borders,
https://saudiprivatetransfers.com/border-transfers/qatar-border,/border-transfers/qatar-border,border-transfer,data/borders.ts via app/(main)/border-transfers/[border]/page.tsx,true,true,true,borders,
https://saudiprivatetransfers.com/border-transfers/uae-border,/border-transfers/uae-border,border-transfer,data/borders.ts via app/(main)/border-transfers/[border]/page.tsx,true,true,true,borders,
https://saudiprivatetransfers.com/border-transfers/kuwait-border,/border-transfers/kuwait-border,border-transfer,data/borders.ts via app/(main)/border-transfers/[border]/page.tsx,true,true,true,borders,
https://saudiprivatetransfers.com/border-transfers/jordan-border,/border-transfers/jordan-border,border-transfer,data/borders.ts via app/(main)/border-transfers/[border]/page.tsx,true,true,true,borders,
https://saudiprivatetransfers.com/cities/riyadh,/cities/riyadh,city-hub,lib/hotel-transfers.ts hotelCities() via app/(main)/cities/[city]/page.tsx,true,true,true,city-hub,
https://saudiprivatetransfers.com/cities/jeddah,/cities/jeddah,city-hub,lib/hotel-transfers.ts hotelCities() via app/(main)/cities/[city]/page.tsx,true,true,true,city-hub,
https://saudiprivatetransfers.com/cities/makkah,/cities/makkah,city-hub,lib/hotel-transfers.ts hotelCities() via app/(main)/cities/[city]/page.tsx,true,true,true,city-hub,
https://saudiprivatetransfers.com/cities/madinah,/cities/madinah,city-hub,lib/hotel-transfers.ts hotelCities() via app/(main)/cities/[city]/page.tsx,true,true,true,city-hub,
https://saudiprivatetransfers.com/cities/dammam,/cities/dammam,city-hub,lib/hotel-transfers.ts hotelCities() via app/(main)/cities/[city]/page.tsx,true,true,true,city-hub,
https://saudiprivatetransfers.com/distance/jeddah-to-makkah-distance,/distance/jeddah-to-makkah-distance,distance-informational,data/distance-pages.ts | data/journey-pages.ts | data/distance-guide-v2.ts via app/(main)/distance/[slug]/page.tsx,true,true,true,distance,
https://saudiprivatetransfers.com/distance/makkah-to-madinah-distance,/distance/makkah-to-madinah-distance,distance-informational,data/distance-pages.ts | data/journey-pages.ts | data/distance-guide-v2.ts via app/(main)/distance/[slug]/page.tsx,true,true,true,distance,
https://saudiprivatetransfers.com/distance/madinah-to-makkah-distance,/distance/madinah-to-makkah-distance,distance-informational,data/distance-pages.ts | data/journey-pages.ts | data/distance-guide-v2.ts via app/(main)/distance/[slug]/page.tsx,true,true,true,distance,
https://saudiprivatetransfers.com/distance/jeddah-to-madinah-distance,/distance/jeddah-to-madinah-distance,distance-informational,data/distance-pages.ts | data/journey-pages.ts | data/distance-guide-v2.ts via app/(main)/distance/[slug]/page.tsx,true,true,true,distance,
https://saudiprivatetransfers.com/distance/riyadh-to-dammam-distance,/distance/riyadh-to-dammam-distance,distance-informational,data/distance-pages.ts | data/journey-pages.ts | data/distance-guide-v2.ts via app/(main)/distance/[slug]/page.tsx,true,true,true,distance,
https://saudiprivatetransfers.com/distance/dammam-to-riyadh-distance,/distance/dammam-to-riyadh-distance,distance-informational,data/distance-pages.ts | data/journey-pages.ts | data/distance-guide-v2.ts via app/(main)/distance/[slug]/page.tsx,true,true,true,distance,
https://saudiprivatetransfers.com/distance/riyadh-to-jeddah-distance,/distance/riyadh-to-jeddah-distance,distance-informational,data/distance-pages.ts | data/journey-pages.ts | data/distance-guide-v2.ts via app/(main)/distance/[slug]/page.tsx,true,true,true,distance,
https://saudiprivatetransfers.com/distance/riyadh-to-alula-distance,/distance/riyadh-to-alula-distance,distance-informational,data/distance-pages.ts | data/journey-pages.ts | data/distance-guide-v2.ts via app/(main)/distance/[slug]/page.tsx,true,true,true,distance,
https://saudiprivatetransfers.com/distance/madinah-to-alula-distance,/distance/madinah-to-alula-distance,distance-informational,data/distance-pages.ts | data/journey-pages.ts | data/distance-guide-v2.ts via app/(main)/distance/[slug]/page.tsx,true,true,true,distance,
https://saudiprivatetransfers.com/distance/jeddah-to-taif-distance,/distance/jeddah-to-taif-distance,distance-informational,data/distance-pages.ts | data/journey-pages.ts | data/distance-guide-v2.ts via app/(main)/distance/[slug]/page.tsx,true,true,true,distance,
https://saudiprivatetransfers.com/distance/khobar-to-bahrain-distance,/distance/khobar-to-bahrain-distance,distance-informational,data/distance-pages.ts | data/journey-pages.ts | data/distance-guide-v2.ts via app/(main)/distance/[slug]/page.tsx,true,true,true,distance,
https://saudiprivatetransfers.com/distance/dammam-to-bahrain-distance,/distance/dammam-to-bahrain-distance,distance-informational,data/distance-pages.ts | data/journey-pages.ts | data/distance-guide-v2.ts via app/(main)/distance/[slug]/page.tsx,true,true,true,distance,
https://saudiprivatetransfers.com/distance/riyadh-to-qatar-border-distance,/distance/riyadh-to-qatar-border-distance,distance-informational,data/distance-pages.ts | data/journey-pages.ts | data/distance-guide-v2.ts via app/(main)/distance/[slug]/page.tsx,true,true,true,distance,
https://saudiprivatetransfers.com/distance/dammam-airport-to-khobar-distance,/distance/dammam-airport-to-khobar-distance,distance-informational,data/distance-pages.ts | data/journey-pages.ts | data/distance-guide-v2.ts via app/(main)/distance/[slug]/page.tsx,true,true,true,distance,
https://saudiprivatetransfers.com/distance/makkah-to-jeddah-distance,/distance/makkah-to-jeddah-distance,distance-informational,data/distance-pages.ts | data/journey-pages.ts | data/distance-guide-v2.ts via app/(main)/distance/[slug]/page.tsx,true,true,true,distance,
https://saudiprivatetransfers.com/distance/madinah-to-jeddah-distance,/distance/madinah-to-jeddah-distance,distance-informational,data/distance-pages.ts | data/journey-pages.ts | data/distance-guide-v2.ts via app/(main)/distance/[slug]/page.tsx,true,true,true,distance,
https://saudiprivatetransfers.com/distance/taif-to-jeddah-distance,/distance/taif-to-jeddah-distance,distance-informational,data/distance-pages.ts | data/journey-pages.ts | data/distance-guide-v2.ts via app/(main)/distance/[slug]/page.tsx,true,true,true,distance,
https://saudiprivatetransfers.com/distance/jeddah-to-yanbu-distance,/distance/jeddah-to-yanbu-distance,distance-informational,data/distance-pages.ts | data/journey-pages.ts | data/distance-guide-v2.ts via app/(main)/distance/[slug]/page.tsx,true,true,true,distance,
https://saudiprivatetransfers.com/distance/yanbu-to-jeddah-distance,/distance/yanbu-to-jeddah-distance,distance-informational,data/distance-pages.ts | data/journey-pages.ts | data/distance-guide-v2.ts via app/(main)/distance/[slug]/page.tsx,true,true,true,distance,
https://saudiprivatetransfers.com/distance/jeddah-to-kaec-distance,/distance/jeddah-to-kaec-distance,distance-informational,data/distance-pages.ts | data/journey-pages.ts | data/distance-guide-v2.ts via app/(main)/distance/[slug]/page.tsx,true,true,true,distance,
https://saudiprivatetransfers.com/distance/kaec-to-jeddah-distance,/distance/kaec-to-jeddah-distance,distance-informational,data/distance-pages.ts | data/journey-pages.ts | data/distance-guide-v2.ts via app/(main)/distance/[slug]/page.tsx,true,true,true,distance,
https://saudiprivatetransfers.com/distance/dammam-airport-to-bahrain-distance,/distance/dammam-airport-to-bahrain-distance,distance-informational,data/distance-pages.ts | data/journey-pages.ts | data/distance-guide-v2.ts via app/(main)/distance/[slug]/page.tsx,true,true,true,distance,
https://saudiprivatetransfers.com/distance/bahrain-airport-to-dammam-distance,/distance/bahrain-airport-to-dammam-distance,distance-informational,data/distance-pages.ts | data/journey-pages.ts | data/distance-guide-v2.ts via app/(main)/distance/[slug]/page.tsx,true,true,true,distance,
https://saudiprivatetransfers.com/distance/bahrain-to-khobar-distance,/distance/bahrain-to-khobar-distance,distance-informational,data/distance-pages.ts | data/journey-pages.ts | data/distance-guide-v2.ts via app/(main)/distance/[slug]/page.tsx,true,true,true,distance,
https://saudiprivatetransfers.com/distance/manama-to-dammam-distance,/distance/manama-to-dammam-distance,distance-informational,data/distance-pages.ts | data/journey-pages.ts | data/distance-guide-v2.ts via app/(main)/distance/[slug]/page.tsx,true,true,true,distance,
https://saudiprivatetransfers.com/distance/riyadh-to-bahrain-distance,/distance/riyadh-to-bahrain-distance,distance-informational,data/distance-pages.ts | data/journey-pages.ts | data/distance-guide-v2.ts via app/(main)/distance/[slug]/page.tsx,true,true,true,distance,
https://saudiprivatetransfers.com/distance/bahrain-to-riyadh-distance,/distance/bahrain-to-riyadh-distance,distance-informational,data/distance-pages.ts | data/journey-pages.ts | data/distance-guide-v2.ts via app/(main)/distance/[slug]/page.tsx,true,true,true,distance,
https://saudiprivatetransfers.com/distance/dammam-to-kuwait-city-distance,/distance/dammam-to-kuwait-city-distance,distance-informational,data/distance-pages.ts | data/journey-pages.ts | data/distance-guide-v2.ts via app/(main)/distance/[slug]/page.tsx,true,true,true,distance,
https://saudiprivatetransfers.com/distance/kuwait-city-to-dammam-distance,/distance/kuwait-city-to-dammam-distance,distance-informational,data/distance-pages.ts | data/journey-pages.ts | data/distance-guide-v2.ts via app/(main)/distance/[slug]/page.tsx,true,true,true,distance,
https://saudiprivatetransfers.com/distance/riyadh-to-kuwait-city-distance,/distance/riyadh-to-kuwait-city-distance,distance-informational,data/distance-pages.ts | data/journey-pages.ts | data/distance-guide-v2.ts via app/(main)/distance/[slug]/page.tsx,true,true,true,distance,
https://saudiprivatetransfers.com/distance/kuwait-city-to-riyadh-distance,/distance/kuwait-city-to-riyadh-distance,distance-informational,data/distance-pages.ts | data/journey-pages.ts | data/distance-guide-v2.ts via app/(main)/distance/[slug]/page.tsx,true,true,true,distance,
https://saudiprivatetransfers.com/distance/dammam-airport-to-khafji-border-distance,/distance/dammam-airport-to-khafji-border-distance,distance-informational,data/distance-pages.ts | data/journey-pages.ts | data/distance-guide-v2.ts via app/(main)/distance/[slug]/page.tsx,true,true,true,distance,
https://saudiprivatetransfers.com/distance/khafji-border-to-dammam-airport-distance,/distance/khafji-border-to-dammam-airport-distance,distance-informational,data/distance-pages.ts | data/journey-pages.ts | data/distance-guide-v2.ts via app/(main)/distance/[slug]/page.tsx,true,true,true,distance,
https://saudiprivatetransfers.com/distance/dammam-to-kuwait-airport-distance,/distance/dammam-to-kuwait-airport-distance,distance-informational,data/distance-pages.ts | data/journey-pages.ts | data/distance-guide-v2.ts via app/(main)/distance/[slug]/page.tsx,true,true,true,distance,
https://saudiprivatetransfers.com/distance/kuwait-airport-to-dammam-distance,/distance/kuwait-airport-to-dammam-distance,distance-informational,data/distance-pages.ts | data/journey-pages.ts | data/distance-guide-v2.ts via app/(main)/distance/[slug]/page.tsx,true,true,true,distance,
https://saudiprivatetransfers.com/distance/dammam-airport-to-doha-distance,/distance/dammam-airport-to-doha-distance,distance-informational,data/distance-pages.ts | data/journey-pages.ts | data/distance-guide-v2.ts via app/(main)/distance/[slug]/page.tsx,true,true,true,distance,
https://saudiprivatetransfers.com/distance/doha-to-dammam-airport-distance,/distance/doha-to-dammam-airport-distance,distance-informational,data/distance-pages.ts | data/journey-pages.ts | data/distance-guide-v2.ts via app/(main)/distance/[slug]/page.tsx,true,true,true,distance,
https://saudiprivatetransfers.com/distance/riyadh-to-doha-distance,/distance/riyadh-to-doha-distance,distance-informational,data/distance-pages.ts | data/journey-pages.ts | data/distance-guide-v2.ts via app/(main)/distance/[slug]/page.tsx,true,true,true,distance,
https://saudiprivatetransfers.com/distance/doha-to-riyadh-distance,/distance/doha-to-riyadh-distance,distance-informational,data/distance-pages.ts | data/journey-pages.ts | data/distance-guide-v2.ts via app/(main)/distance/[slug]/page.tsx,true,true,true,distance,
https://saudiprivatetransfers.com/distance/al-khobar-to-doha-distance,/distance/al-khobar-to-doha-distance,distance-informational,data/distance-pages.ts | data/journey-pages.ts | data/distance-guide-v2.ts via app/(main)/distance/[slug]/page.tsx,true,true,true,distance,
https://saudiprivatetransfers.com/distance/doha-to-al-khobar-distance,/distance/doha-to-al-khobar-distance,distance-informational,data/distance-pages.ts | data/journey-pages.ts | data/distance-guide-v2.ts via app/(main)/distance/[slug]/page.tsx,true,true,true,distance,
https://saudiprivatetransfers.com/distance/riyadh-to-dubai-distance,/distance/riyadh-to-dubai-distance,distance-informational,data/distance-pages.ts | data/journey-pages.ts | data/distance-guide-v2.ts via app/(main)/distance/[slug]/page.tsx,true,true,true,distance,
https://saudiprivatetransfers.com/distance/dubai-to-riyadh-distance,/distance/dubai-to-riyadh-distance,distance-informational,data/distance-pages.ts | data/journey-pages.ts | data/distance-guide-v2.ts via app/(main)/distance/[slug]/page.tsx,true,true,true,distance,
https://saudiprivatetransfers.com/distance/dammam-to-dubai-distance,/distance/dammam-to-dubai-distance,distance-informational,data/distance-pages.ts | data/journey-pages.ts | data/distance-guide-v2.ts via app/(main)/distance/[slug]/page.tsx,true,true,true,distance,
https://saudiprivatetransfers.com/distance/dubai-to-dammam-distance,/distance/dubai-to-dammam-distance,distance-informational,data/distance-pages.ts | data/journey-pages.ts | data/distance-guide-v2.ts via app/(main)/distance/[slug]/page.tsx,true,true,true,distance,
https://saudiprivatetransfers.com/distance/riyadh-to-abu-dhabi-distance,/distance/riyadh-to-abu-dhabi-distance,distance-informational,data/distance-pages.ts | data/journey-pages.ts | data/distance-guide-v2.ts via app/(main)/distance/[slug]/page.tsx,true,true,true,distance,
https://saudiprivatetransfers.com/distance/abu-dhabi-to-riyadh-distance,/distance/abu-dhabi-to-riyadh-distance,distance-informational,data/distance-pages.ts | data/journey-pages.ts | data/distance-guide-v2.ts via app/(main)/distance/[slug]/page.tsx,true,true,true,distance,
https://saudiprivatetransfers.com/distance/riyadh-to-al-batha-border-distance,/distance/riyadh-to-al-batha-border-distance,distance-informational,data/distance-pages.ts | data/journey-pages.ts | data/distance-guide-v2.ts via app/(main)/distance/[slug]/page.tsx,true,true,true,distance,
https://saudiprivatetransfers.com/distance/al-batha-border-to-riyadh-distance,/distance/al-batha-border-to-riyadh-distance,distance-informational,data/distance-pages.ts | data/journey-pages.ts | data/distance-guide-v2.ts via app/(main)/distance/[slug]/page.tsx,true,true,true,distance,
https://saudiprivatetransfers.com/distance/dammam-to-al-batha-border-distance,/distance/dammam-to-al-batha-border-distance,distance-informational,data/distance-pages.ts | data/journey-pages.ts | data/distance-guide-v2.ts via app/(main)/distance/[slug]/page.tsx,true,true,true,distance,
https://saudiprivatetransfers.com/jeddah/jeddah-airport-to-al-balad,/jeddah/jeddah-airport-to-al-balad,point-transfer,"data/{jeddah,makkah,madinah,dammam,riyadh,alula}/*.ts (attractions/port/railway/services) via app/(main)/[city]/[route]/page.tsx",true,true,true,point-transfers,
https://saudiprivatetransfers.com/jeddah/al-balad-to-jeddah-airport,/jeddah/al-balad-to-jeddah-airport,point-transfer,"data/{jeddah,makkah,madinah,dammam,riyadh,alula}/*.ts (attractions/port/railway/services) via app/(main)/[city]/[route]/page.tsx",true,true,true,point-transfers,
https://saudiprivatetransfers.com/jeddah/hotels-to-al-balad,/jeddah/hotels-to-al-balad,point-transfer,"data/{jeddah,makkah,madinah,dammam,riyadh,alula}/*.ts (attractions/port/railway/services) via app/(main)/[city]/[route]/page.tsx",true,true,true,point-transfers,
https://saudiprivatetransfers.com/jeddah/jeddah-airport-to-jeddah-corniche,/jeddah/jeddah-airport-to-jeddah-corniche,point-transfer,"data/{jeddah,makkah,madinah,dammam,riyadh,alula}/*.ts (attractions/port/railway/services) via app/(main)/[city]/[route]/page.tsx",true,true,true,point-transfers,
https://saudiprivatetransfers.com/jeddah/hotels-to-jeddah-corniche,/jeddah/hotels-to-jeddah-corniche,point-transfer,"data/{jeddah,makkah,madinah,dammam,riyadh,alula}/*.ts (attractions/port/railway/services) via app/(main)/[city]/[route]/page.tsx",true,true,true,point-transfers,
https://saudiprivatetransfers.com/jeddah/jeddah-airport-to-king-fahd-fountain,/jeddah/jeddah-airport-to-king-fahd-fountain,point-transfer,"data/{jeddah,makkah,madinah,dammam,riyadh,alula}/*.ts (attractions/port/railway/services) via app/(main)/[city]/[route]/page.tsx",true,true,true,point-transfers,
https://saudiprivatetransfers.com/jeddah/hotels-to-king-fahd-fountain,/jeddah/hotels-to-king-fahd-fountain,point-transfer,"data/{jeddah,makkah,madinah,dammam,riyadh,alula}/*.ts (attractions/port/railway/services) via app/(main)/[city]/[route]/page.tsx",true,true,true,point-transfers,
https://saudiprivatetransfers.com/jeddah/jeddah-airport-to-red-sea-mall,/jeddah/jeddah-airport-to-red-sea-mall,point-transfer,"data/{jeddah,makkah,madinah,dammam,riyadh,alula}/*.ts (attractions/port/railway/services) via app/(main)/[city]/[route]/page.tsx",true,true,true,point-transfers,
https://saudiprivatetransfers.com/jeddah/hotels-to-red-sea-mall,/jeddah/hotels-to-red-sea-mall,point-transfer,"data/{jeddah,makkah,madinah,dammam,riyadh,alula}/*.ts (attractions/port/railway/services) via app/(main)/[city]/[route]/page.tsx",true,true,true,point-transfers,
https://saudiprivatetransfers.com/jeddah/jeddah-airport-to-mall-of-arabia,/jeddah/jeddah-airport-to-mall-of-arabia,point-transfer,"data/{jeddah,makkah,madinah,dammam,riyadh,alula}/*.ts (attractions/port/railway/services) via app/(main)/[city]/[route]/page.tsx",true,true,true,point-transfers,
https://saudiprivatetransfers.com/jeddah/hotels-to-mall-of-arabia,/jeddah/hotels-to-mall-of-arabia,point-transfer,"data/{jeddah,makkah,madinah,dammam,riyadh,alula}/*.ts (attractions/port/railway/services) via app/(main)/[city]/[route]/page.tsx",true,true,true,point-transfers,
https://saudiprivatetransfers.com/jeddah/jeddah-airport-to-jeddah-park,/jeddah/jeddah-airport-to-jeddah-park,point-transfer,"data/{jeddah,makkah,madinah,dammam,riyadh,alula}/*.ts (attractions/port/railway/services) via app/(main)/[city]/[route]/page.tsx",true,true,true,point-transfers,
https://saudiprivatetransfers.com/jeddah/hotels-to-jeddah-park,/jeddah/hotels-to-jeddah-park,point-transfer,"data/{jeddah,makkah,madinah,dammam,riyadh,alula}/*.ts (attractions/port/railway/services) via app/(main)/[city]/[route]/page.tsx",true,true,true,point-transfers,
https://saudiprivatetransfers.com/jeddah/jeddah-airport-to-jeddah-islamic-port,/jeddah/jeddah-airport-to-jeddah-islamic-port,point-transfer,"data/{jeddah,makkah,madinah,dammam,riyadh,alula}/*.ts (attractions/port/railway/services) via app/(main)/[city]/[route]/page.tsx",true,true,true,point-transfers,
https://saudiprivatetransfers.com/jeddah/jeddah-islamic-port-to-jeddah-airport,/jeddah/jeddah-islamic-port-to-jeddah-airport,point-transfer,"data/{jeddah,makkah,madinah,dammam,riyadh,alula}/*.ts (attractions/port/railway/services) via app/(main)/[city]/[route]/page.tsx",true,true,true,point-transfers,
https://saudiprivatetransfers.com/jeddah/hotels-to-jeddah-islamic-port,/jeddah/hotels-to-jeddah-islamic-port,point-transfer,"data/{jeddah,makkah,madinah,dammam,riyadh,alula}/*.ts (attractions/port/railway/services) via app/(main)/[city]/[route]/page.tsx",true,true,true,point-transfers,
https://saudiprivatetransfers.com/jeddah/jeddah-islamic-port-to-hotels,/jeddah/jeddah-islamic-port-to-hotels,point-transfer,"data/{jeddah,makkah,madinah,dammam,riyadh,alula}/*.ts (attractions/port/railway/services) via app/(main)/[city]/[route]/page.tsx",true,true,true,point-transfers,
https://saudiprivatetransfers.com/jeddah/jeddah-airport-to-jeddah-sulaymaniyah-railway-station,/jeddah/jeddah-airport-to-jeddah-sulaymaniyah-railway-station,point-transfer,"data/{jeddah,makkah,madinah,dammam,riyadh,alula}/*.ts (attractions/port/railway/services) via app/(main)/[city]/[route]/page.tsx",true,true,true,point-transfers,
https://saudiprivatetransfers.com/jeddah/jeddah-sulaymaniyah-railway-station-to-jeddah-airport,/jeddah/jeddah-sulaymaniyah-railway-station-to-jeddah-airport,point-transfer,"data/{jeddah,makkah,madinah,dammam,riyadh,alula}/*.ts (attractions/port/railway/services) via app/(main)/[city]/[route]/page.tsx",true,true,true,point-transfers,
https://saudiprivatetransfers.com/jeddah/hotels-to-jeddah-sulaymaniyah-railway-station,/jeddah/hotels-to-jeddah-sulaymaniyah-railway-station,point-transfer,"data/{jeddah,makkah,madinah,dammam,riyadh,alula}/*.ts (attractions/port/railway/services) via app/(main)/[city]/[route]/page.tsx",true,true,true,point-transfers,
https://saudiprivatetransfers.com/jeddah/jeddah-sulaymaniyah-railway-station-to-hotels,/jeddah/jeddah-sulaymaniyah-railway-station-to-hotels,point-transfer,"data/{jeddah,makkah,madinah,dammam,riyadh,alula}/*.ts (attractions/port/railway/services) via app/(main)/[city]/[route]/page.tsx",true,true,true,point-transfers,
https://saudiprivatetransfers.com/jeddah/private-chauffeur-service-jeddah,/jeddah/private-chauffeur-service-jeddah,point-transfer,"data/{jeddah,makkah,madinah,dammam,riyadh,alula}/*.ts (attractions/port/railway/services) via app/(main)/[city]/[route]/page.tsx",true,true,true,point-transfers,
https://saudiprivatetransfers.com/jeddah/hourly-chauffeur-jeddah,/jeddah/hourly-chauffeur-jeddah,point-transfer,"data/{jeddah,makkah,madinah,dammam,riyadh,alula}/*.ts (attractions/port/railway/services) via app/(main)/[city]/[route]/page.tsx",true,true,true,point-transfers,
https://saudiprivatetransfers.com/jeddah/executive-car-service-jeddah,/jeddah/executive-car-service-jeddah,point-transfer,"data/{jeddah,makkah,madinah,dammam,riyadh,alula}/*.ts (attractions/port/railway/services) via app/(main)/[city]/[route]/page.tsx",true,true,true,point-transfers,
https://saudiprivatetransfers.com/jeddah/business-transfers-jeddah,/jeddah/business-transfers-jeddah,point-transfer,"data/{jeddah,makkah,madinah,dammam,riyadh,alula}/*.ts (attractions/port/railway/services) via app/(main)/[city]/[route]/page.tsx",true,true,true,point-transfers,
https://saudiprivatetransfers.com/jeddah/jeddah-city-tour,/jeddah/jeddah-city-tour,point-transfer,"data/{jeddah,makkah,madinah,dammam,riyadh,alula}/*.ts (attractions/port/railway/services) via app/(main)/[city]/[route]/page.tsx",true,true,true,point-transfers,
https://saudiprivatetransfers.com/jeddah/half-day-jeddah-tour,/jeddah/half-day-jeddah-tour,point-transfer,"data/{jeddah,makkah,madinah,dammam,riyadh,alula}/*.ts (attractions/port/railway/services) via app/(main)/[city]/[route]/page.tsx",true,true,true,point-transfers,
https://saudiprivatetransfers.com/jeddah/full-day-jeddah-tour,/jeddah/full-day-jeddah-tour,point-transfer,"data/{jeddah,makkah,madinah,dammam,riyadh,alula}/*.ts (attractions/port/railway/services) via app/(main)/[city]/[route]/page.tsx",true,true,true,point-transfers,
https://saudiprivatetransfers.com/makkah/makkah-ziyarat-tour,/makkah/makkah-ziyarat-tour,point-transfer,"data/{jeddah,makkah,madinah,dammam,riyadh,alula}/*.ts (attractions/port/railway/services) via app/(main)/[city]/[route]/page.tsx",true,true,true,point-transfers,
https://saudiprivatetransfers.com/makkah/makkah-to-cave-of-hira,/makkah/makkah-to-cave-of-hira,point-transfer,"data/{jeddah,makkah,madinah,dammam,riyadh,alula}/*.ts (attractions/port/railway/services) via app/(main)/[city]/[route]/page.tsx",true,true,true,point-transfers,
https://saudiprivatetransfers.com/makkah/makkah-to-jabal-thawr,/makkah/makkah-to-jabal-thawr,point-transfer,"data/{jeddah,makkah,madinah,dammam,riyadh,alula}/*.ts (attractions/port/railway/services) via app/(main)/[city]/[route]/page.tsx",true,true,true,point-transfers,
https://saudiprivatetransfers.com/makkah/makkah-historical-sites-tour,/makkah/makkah-historical-sites-tour,point-transfer,"data/{jeddah,makkah,madinah,dammam,riyadh,alula}/*.ts (attractions/port/railway/services) via app/(main)/[city]/[route]/page.tsx",true,true,true,point-transfers,
https://saudiprivatetransfers.com/makkah/makkah-to-mina,/makkah/makkah-to-mina,point-transfer,"data/{jeddah,makkah,madinah,dammam,riyadh,alula}/*.ts (attractions/port/railway/services) via app/(main)/[city]/[route]/page.tsx",true,true,true,point-transfers,
https://saudiprivatetransfers.com/makkah/makkah-to-muzdalifah,/makkah/makkah-to-muzdalifah,point-transfer,"data/{jeddah,makkah,madinah,dammam,riyadh,alula}/*.ts (attractions/port/railway/services) via app/(main)/[city]/[route]/page.tsx",true,true,true,point-transfers,
https://saudiprivatetransfers.com/makkah/makkah-to-arafat,/makkah/makkah-to-arafat,point-transfer,"data/{jeddah,makkah,madinah,dammam,riyadh,alula}/*.ts (attractions/port/railway/services) via app/(main)/[city]/[route]/page.tsx",true,true,true,point-transfers,
https://saudiprivatetransfers.com/makkah/jeddah-airport-to-makkah-umrah,/makkah/jeddah-airport-to-makkah-umrah,point-transfer,"data/{jeddah,makkah,madinah,dammam,riyadh,alula}/*.ts (attractions/port/railway/services) via app/(main)/[city]/[route]/page.tsx",true,true,true,point-transfers,
https://saudiprivatetransfers.com/makkah/makkah-hotel-to-haram-transfer,/makkah/makkah-hotel-to-haram-transfer,point-transfer,"data/{jeddah,makkah,madinah,dammam,riyadh,alula}/*.ts (attractions/port/railway/services) via app/(main)/[city]/[route]/page.tsx",true,true,true,point-transfers,
https://saudiprivatetransfers.com/makkah/makkah-train-station-to-haram-hotels,/makkah/makkah-train-station-to-haram-hotels,point-transfer,"data/{jeddah,makkah,madinah,dammam,riyadh,alula}/*.ts (attractions/port/railway/services) via app/(main)/[city]/[route]/page.tsx",true,true,true,point-transfers,
https://saudiprivatetransfers.com/dammam/dammam-airport-to-dammam-city,/dammam/dammam-airport-to-dammam-city,point-transfer,"data/{jeddah,makkah,madinah,dammam,riyadh,alula}/*.ts (attractions/port/railway/services) via app/(main)/[city]/[route]/page.tsx",true,true,true,point-transfers,
https://saudiprivatetransfers.com/dammam/dammam-city-to-dammam-airport,/dammam/dammam-city-to-dammam-airport,point-transfer,"data/{jeddah,makkah,madinah,dammam,riyadh,alula}/*.ts (attractions/port/railway/services) via app/(main)/[city]/[route]/page.tsx",true,true,true,point-transfers,
https://saudiprivatetransfers.com/dammam/dammam-airport-to-dammam-corniche,/dammam/dammam-airport-to-dammam-corniche,point-transfer,"data/{jeddah,makkah,madinah,dammam,riyadh,alula}/*.ts (attractions/port/railway/services) via app/(main)/[city]/[route]/page.tsx",true,true,true,point-transfers,
https://saudiprivatetransfers.com/dammam/dammam-corniche-to-dammam-airport,/dammam/dammam-corniche-to-dammam-airport,point-transfer,"data/{jeddah,makkah,madinah,dammam,riyadh,alula}/*.ts (attractions/port/railway/services) via app/(main)/[city]/[route]/page.tsx",true,true,true,point-transfers,
https://saudiprivatetransfers.com/dammam/dammam-airport-to-business-district,/dammam/dammam-airport-to-business-district,point-transfer,"data/{jeddah,makkah,madinah,dammam,riyadh,alula}/*.ts (attractions/port/railway/services) via app/(main)/[city]/[route]/page.tsx",true,true,true,point-transfers,
https://saudiprivatetransfers.com/dammam/business-district-to-dammam-airport,/dammam/business-district-to-dammam-airport,point-transfer,"data/{jeddah,makkah,madinah,dammam,riyadh,alula}/*.ts (attractions/port/railway/services) via app/(main)/[city]/[route]/page.tsx",true,true,true,point-transfers,
https://saudiprivatetransfers.com/dammam/dammam-airport-to-hotels,/dammam/dammam-airport-to-hotels,point-transfer,"data/{jeddah,makkah,madinah,dammam,riyadh,alula}/*.ts (attractions/port/railway/services) via app/(main)/[city]/[route]/page.tsx",true,true,true,point-transfers,
https://saudiprivatetransfers.com/dammam/hotels-to-dammam-airport,/dammam/hotels-to-dammam-airport,point-transfer,"data/{jeddah,makkah,madinah,dammam,riyadh,alula}/*.ts (attractions/port/railway/services) via app/(main)/[city]/[route]/page.tsx",true,true,true,point-transfers,
https://saudiprivatetransfers.com/dammam/dammam-airport-to-king-abdulaziz-port,/dammam/dammam-airport-to-king-abdulaziz-port,point-transfer,"data/{jeddah,makkah,madinah,dammam,riyadh,alula}/*.ts (attractions/port/railway/services) via app/(main)/[city]/[route]/page.tsx",true,true,true,point-transfers,
https://saudiprivatetransfers.com/dammam/king-abdulaziz-port-to-dammam-airport,/dammam/king-abdulaziz-port-to-dammam-airport,point-transfer,"data/{jeddah,makkah,madinah,dammam,riyadh,alula}/*.ts (attractions/port/railway/services) via app/(main)/[city]/[route]/page.tsx",true,true,true,point-transfers,
https://saudiprivatetransfers.com/dammam/dammam-hotels-to-king-abdulaziz-port,/dammam/dammam-hotels-to-king-abdulaziz-port,point-transfer,"data/{jeddah,makkah,madinah,dammam,riyadh,alula}/*.ts (attractions/port/railway/services) via app/(main)/[city]/[route]/page.tsx",true,true,true,point-transfers,
https://saudiprivatetransfers.com/dammam/king-abdulaziz-port-to-dammam-hotels,/dammam/king-abdulaziz-port-to-dammam-hotels,point-transfer,"data/{jeddah,makkah,madinah,dammam,riyadh,alula}/*.ts (attractions/port/railway/services) via app/(main)/[city]/[route]/page.tsx",true,true,true,point-transfers,
https://saudiprivatetransfers.com/dammam/dammam-city-to-king-abdulaziz-port,/dammam/dammam-city-to-king-abdulaziz-port,point-transfer,"data/{jeddah,makkah,madinah,dammam,riyadh,alula}/*.ts (attractions/port/railway/services) via app/(main)/[city]/[route]/page.tsx",true,true,true,point-transfers,
https://saudiprivatetransfers.com/dammam/king-abdulaziz-port-to-dammam-city,/dammam/king-abdulaziz-port-to-dammam-city,point-transfer,"data/{jeddah,makkah,madinah,dammam,riyadh,alula}/*.ts (attractions/port/railway/services) via app/(main)/[city]/[route]/page.tsx",true,true,true,point-transfers,
https://saudiprivatetransfers.com/madinah/madinah-to-quba-mosque,/madinah/madinah-to-quba-mosque,point-transfer,"data/{jeddah,makkah,madinah,dammam,riyadh,alula}/*.ts (attractions/port/railway/services) via app/(main)/[city]/[route]/page.tsx",true,true,true,point-transfers,
https://saudiprivatetransfers.com/madinah/madinah-to-mount-uhud,/madinah/madinah-to-mount-uhud,point-transfer,"data/{jeddah,makkah,madinah,dammam,riyadh,alula}/*.ts (attractions/port/railway/services) via app/(main)/[city]/[route]/page.tsx",true,true,true,point-transfers,
https://saudiprivatetransfers.com/madinah/madinah-to-qiblatain-mosque,/madinah/madinah-to-qiblatain-mosque,point-transfer,"data/{jeddah,makkah,madinah,dammam,riyadh,alula}/*.ts (attractions/port/railway/services) via app/(main)/[city]/[route]/page.tsx",true,true,true,point-transfers,
https://saudiprivatetransfers.com/madinah/madinah-to-seven-mosques,/madinah/madinah-to-seven-mosques,point-transfer,"data/{jeddah,makkah,madinah,dammam,riyadh,alula}/*.ts (attractions/port/railway/services) via app/(main)/[city]/[route]/page.tsx",true,true,true,point-transfers,
https://saudiprivatetransfers.com/madinah/madinah-train-station-to-prophets-mosque,/madinah/madinah-train-station-to-prophets-mosque,point-transfer,"data/{jeddah,makkah,madinah,dammam,riyadh,alula}/*.ts (attractions/port/railway/services) via app/(main)/[city]/[route]/page.tsx",true,true,true,point-transfers,
https://saudiprivatetransfers.com/riyadh/king-khalid-airport-to-kafd,/riyadh/king-khalid-airport-to-kafd,point-transfer,"data/{jeddah,makkah,madinah,dammam,riyadh,alula}/*.ts (attractions/port/railway/services) via app/(main)/[city]/[route]/page.tsx",true,true,true,point-transfers,
https://saudiprivatetransfers.com/riyadh/riyadh-to-diriyah-transfers,/riyadh/riyadh-to-diriyah-transfers,point-transfer,"data/{jeddah,makkah,madinah,dammam,riyadh,alula}/*.ts (attractions/port/railway/services) via app/(main)/[city]/[route]/page.tsx",true,true,true,point-transfers,
https://saudiprivatetransfers.com/riyadh/king-khalid-airport-to-ricec-exhibition-center,/riyadh/king-khalid-airport-to-ricec-exhibition-center,point-transfer,"data/{jeddah,makkah,madinah,dammam,riyadh,alula}/*.ts (attractions/port/railway/services) via app/(main)/[city]/[route]/page.tsx",true,true,true,point-transfers,
https://saudiprivatetransfers.com/alula/alula-airport-to-habitas-and-banyan-tree,/alula/alula-airport-to-habitas-and-banyan-tree,point-transfer,"data/{jeddah,makkah,madinah,dammam,riyadh,alula}/*.ts (attractions/port/railway/services) via app/(main)/[city]/[route]/page.tsx",true,true,true,point-transfers,
https://saudiprivatetransfers.com/blog/child-car-seat-law-saudi-arabia,/blog/child-car-seat-law-saudi-arabia,blog-post,Supabase public.blogs table (published) via app/(main)/blog/[slug]/page.tsx,true,true,true,blog,
https://saudiprivatetransfers.com/blog/riyadh-season-transport-guide,/blog/riyadh-season-transport-guide,blog-post,Supabase public.blogs table (published) via app/(main)/blog/[slug]/page.tsx,true,true,true,blog,
https://saudiprivatetransfers.com/blog/hajj-transport-guide-makkah-mina-arafat,/blog/hajj-transport-guide-makkah-mina-arafat,blog-post,Supabase public.blogs table (published) via app/(main)/blog/[slug]/page.tsx,true,true,true,blog,
https://saudiprivatetransfers.com/blog/diriyah-taxi-transfer-guide,/blog/diriyah-taxi-transfer-guide,blog-post,Supabase public.blogs table (published) via app/(main)/blog/[slug]/page.tsx,true,true,true,blog,
https://saudiprivatetransfers.com/blog/travel-documents-bahrain-to-saudi-arabia,/blog/travel-documents-bahrain-to-saudi-arabia,blog-post,Supabase public.blogs table (published) via app/(main)/blog/[slug]/page.tsx,true,true,true,blog,
https://saudiprivatetransfers.com/blog/bahrain-to-saudi-arabia-by-road,/blog/bahrain-to-saudi-arabia-by-road,blog-post,Supabase public.blogs table (published) via app/(main)/blog/[slug]/page.tsx,true,true,true,blog,
https://saudiprivatetransfers.com/blog/best-vehicle-for-cross-border-travel,/blog/best-vehicle-for-cross-border-travel,blog-post,Supabase public.blogs table (published) via app/(main)/blog/[slug]/page.tsx,true,true,true,blog,
https://saudiprivatetransfers.com/blog/gcc-residents-road-travel-to-saudi-arabia,/blog/gcc-residents-road-travel-to-saudi-arabia,blog-post,Supabase public.blogs table (published) via app/(main)/blog/[slug]/page.tsx,true,true,true,blog,
https://saudiprivatetransfers.com/blog/family-travel-bahrain-to-saudi-arabia,/blog/family-travel-bahrain-to-saudi-arabia,blog-post,Supabase public.blogs table (published) via app/(main)/blog/[slug]/page.tsx,true,true,true,blog,
https://saudiprivatetransfers.com/blog/business-travel-bahrain-dammam-guide,/blog/business-travel-bahrain-dammam-guide,blog-post,Supabase public.blogs table (published) via app/(main)/blog/[slug]/page.tsx,true,true,true,blog,
https://saudiprivatetransfers.com/blog/madinah-to-yanbu-transfer-guide,/blog/madinah-to-yanbu-transfer-guide,blog-post,Supabase public.blogs table (published) via app/(main)/blog/[slug]/page.tsx,true,true,true,blog,
https://saudiprivatetransfers.com/blog/riyadh-to-alula-road-trip-guide,/blog/riyadh-to-alula-road-trip-guide,blog-post,Supabase public.blogs table (published) via app/(main)/blog/[slug]/page.tsx,true,true,true,blog,
https://saudiprivatetransfers.com/blog/ai-travel-planning-vs-local-experts-saudi-arabia,/blog/ai-travel-planning-vs-local-experts-saudi-arabia,blog-post,Supabase public.blogs table (published) via app/(main)/blog/[slug]/page.tsx,true,true,true,blog,
https://saudiprivatetransfers.com/blog/saudi-arabia-travel-scams-tourists-should-know,/blog/saudi-arabia-travel-scams-tourists-should-know,blog-post,Supabase public.blogs table (published) via app/(main)/blog/[slug]/page.tsx,true,true,true,blog,
https://saudiprivatetransfers.com/blog/hotel-near-haram-what-to-know-before-booking,/blog/hotel-near-haram-what-to-know-before-booking,blog-post,Supabase public.blogs table (published) via app/(main)/blog/[slug]/page.tsx,true,true,true,blog,
https://saudiprivatetransfers.com/blog/friday-prayer-travel-tips-saudi-arabia,/blog/friday-prayer-travel-tips-saudi-arabia,blog-post,Supabase public.blogs table (published) via app/(main)/blog/[slug]/page.tsx,true,true,true,blog,
https://saudiprivatetransfers.com/blog/best-cashless-payment-apps-saudi-arabia,/blog/best-cashless-payment-apps-saudi-arabia,blog-post,Supabase public.blogs table (published) via app/(main)/blog/[slug]/page.tsx,true,true,true,blog,
https://saudiprivatetransfers.com/blog/saudi-arabia-with-elderly-parents-travel-tips,/blog/saudi-arabia-with-elderly-parents-travel-tips,blog-post,Supabase public.blogs table (published) via app/(main)/blog/[slug]/page.tsx,true,true,true,blog,
https://saudiprivatetransfers.com/blog/what-happens-if-flight-to-saudi-arabia-delayed,/blog/what-happens-if-flight-to-saudi-arabia-delayed,blog-post,Supabase public.blogs table (published) via app/(main)/blog/[slug]/page.tsx,true,true,true,blog,
https://saudiprivatetransfers.com/blog/saudi-arabia-airport-wifi-guide,/blog/saudi-arabia-airport-wifi-guide,blog-post,Supabase public.blogs table (published) via app/(main)/blog/[slug]/page.tsx,true,true,true,blog,
https://saudiprivatetransfers.com/blog/is-saudi-arabia-safe-for-solo-tourists-2026,/blog/is-saudi-arabia-safe-for-solo-tourists-2026,blog-post,Supabase public.blogs table (published) via app/(main)/blog/[slug]/page.tsx,true,true,true,blog,
https://saudiprivatetransfers.com/blog/saudi-arabia-in-august-weather-crowds-travel-tips,/blog/saudi-arabia-in-august-weather-crowds-travel-tips,blog-post,Supabase public.blogs table (published) via app/(main)/blog/[slug]/page.tsx,true,true,true,blog,
https://saudiprivatetransfers.com/blog/saudi-airport-transfer-tips,/blog/saudi-airport-transfer-tips,blog-post,Supabase public.blogs table (published) via app/(main)/blog/[slug]/page.tsx,true,true,true,blog,
https://saudiprivatetransfers.com/blog/king-fahd-causeway-guide,/blog/king-fahd-causeway-guide,blog-post,Supabase public.blogs table (published) via app/(main)/blog/[slug]/page.tsx,true,true,true,blog,
https://saudiprivatetransfers.com/blog/saudi-arabia-business-travel-guide-2027,/blog/saudi-arabia-business-travel-guide-2027,blog-post,Supabase public.blogs table (published) via app/(main)/blog/[slug]/page.tsx,true,true,true,blog,
https://saudiprivatetransfers.com/blog/saudi-arabia-digital-nomad-guide,/blog/saudi-arabia-digital-nomad-guide,blog-post,Supabase public.blogs table (published) via app/(main)/blog/[slug]/page.tsx,true,true,true,blog,
https://saudiprivatetransfers.com/blog/saudi-airport-pickup-guide,/blog/saudi-airport-pickup-guide,blog-post,Supabase public.blogs table (published) via app/(main)/blog/[slug]/page.tsx,true,true,true,blog,
https://saudiprivatetransfers.com/blog/dammam-travel-guide,/blog/dammam-travel-guide,blog-post,Supabase public.blogs table (published) via app/(main)/blog/[slug]/page.tsx,true,true,true,blog,
https://saudiprivatetransfers.com/blog/dammam-to-bahrain-travel-guide,/blog/dammam-to-bahrain-travel-guide,blog-post,Supabase public.blogs table (published) via app/(main)/blog/[slug]/page.tsx,true,true,true,blog,
https://saudiprivatetransfers.com/blog/best-hotels-near-dammam-airport,/blog/best-hotels-near-dammam-airport,blog-post,Supabase public.blogs table (published) via app/(main)/blog/[slug]/page.tsx,true,true,true,blog,
https://saudiprivatetransfers.com/blog/king-fahd-international-airport-complete-guide,/blog/king-fahd-international-airport-complete-guide,blog-post,Supabase public.blogs table (published) via app/(main)/blog/[slug]/page.tsx,true,true,true,blog,
https://saudiprivatetransfers.com/blog/saudi-arabia-entry-requirements-2027,/blog/saudi-arabia-entry-requirements-2027,blog-post,Supabase public.blogs table (published) via app/(main)/blog/[slug]/page.tsx,true,true,true,blog,
https://saudiprivatetransfers.com/blog/saudi-arabia-travel-checklist-before-flight,/blog/saudi-arabia-travel-checklist-before-flight,blog-post,Supabase public.blogs table (published) via app/(main)/blog/[slug]/page.tsx,true,true,true,blog,
https://saudiprivatetransfers.com/blog/how-to-exchange-currency-in-saudi-arabia,/blog/how-to-exchange-currency-in-saudi-arabia,blog-post,Supabase public.blogs table (published) via app/(main)/blog/[slug]/page.tsx,true,true,true,blog,
https://saudiprivatetransfers.com/blog/common-mistakes-tourists-make-in-saudi-arabia,/blog/common-mistakes-tourists-make-in-saudi-arabia,blog-post,Supabase public.blogs table (published) via app/(main)/blog/[slug]/page.tsx,true,true,true,blog,
https://saudiprivatetransfers.com/blog/what-to-wear-in-saudi-arabia-tourist,/blog/what-to-wear-in-saudi-arabia-tourist,blog-post,Supabase public.blogs table (published) via app/(main)/blog/[slug]/page.tsx,true,true,true,blog,
https://saudiprivatetransfers.com/blog/saudi-arabia-sim-card-guide-tourists,/blog/saudi-arabia-sim-card-guide-tourists,blog-post,Supabase public.blogs table (published) via app/(main)/blog/[slug]/page.tsx,true,true,true,blog,
https://saudiprivatetransfers.com/blog/uber-vs-careem-vs-private-transfer-saudi-arabia,/blog/uber-vs-careem-vs-private-transfer-saudi-arabia,blog-post,Supabase public.blogs table (published) via app/(main)/blog/[slug]/page.tsx,true,true,true,blog,
https://saudiprivatetransfers.com/blog/how-much-cash-to-carry-in-saudi-arabia,/blog/how-much-cash-to-carry-in-saudi-arabia,blog-post,Supabase public.blogs table (published) via app/(main)/blog/[slug]/page.tsx,true,true,true,blog,
https://saudiprivatetransfers.com/blog/can-tourists-drive-in-saudi-arabia,/blog/can-tourists-drive-in-saudi-arabia,blog-post,Supabase public.blogs table (published) via app/(main)/blog/[slug]/page.tsx,true,true,true,blog,
https://saudiprivatetransfers.com/blog/what-to-do-after-landing-at-jeddah-airport,/blog/what-to-do-after-landing-at-jeddah-airport,blog-post,Supabase public.blogs table (published) via app/(main)/blog/[slug]/page.tsx,true,true,true,blog,
https://saudiprivatetransfers.com/blog/documents-needed-to-travel-to-saudi-arabia,/blog/documents-needed-to-travel-to-saudi-arabia,blog-post,Supabase public.blogs table (published) via app/(main)/blog/[slug]/page.tsx,true,true,true,blog,
https://saudiprivatetransfers.com/blog/best-day-trips-from-riyadh-private-driver,/blog/best-day-trips-from-riyadh-private-driver,blog-post,Supabase public.blogs table (published) via app/(main)/blog/[slug]/page.tsx,true,true,true,blog,
https://saudiprivatetransfers.com/blog/riyadh-air-what-travelers-should-know,/blog/riyadh-air-what-travelers-should-know,blog-post,Supabase public.blogs table (published) via app/(main)/blog/[slug]/page.tsx,true,true,true,blog,
https://saudiprivatetransfers.com/blog/jeddah-to-alula-transport-options,/blog/jeddah-to-alula-transport-options,blog-post,Supabase public.blogs table (published) via app/(main)/blog/[slug]/page.tsx,true,true,true,blog,
https://saudiprivatetransfers.com/blog/best-places-to-visit-taif-summer,/blog/best-places-to-visit-taif-summer,blog-post,Supabase public.blogs table (published) via app/(main)/blog/[slug]/page.tsx,true,true,true,blog,
https://saudiprivatetransfers.com/blog/jeddah-airport-terminal-guide-jed,/blog/jeddah-airport-terminal-guide-jed,blog-post,Supabase public.blogs table (published) via app/(main)/blog/[slug]/page.tsx,true,true,true,blog,
https://saudiprivatetransfers.com/blog/neom-travel-guide-2026,/blog/neom-travel-guide-2026,blog-post,Supabase public.blogs table (published) via app/(main)/blog/[slug]/page.tsx,true,true,true,blog,
https://saudiprivatetransfers.com/blog/red-sea-project-travel-guide,/blog/red-sea-project-travel-guide,blog-post,Supabase public.blogs table (published) via app/(main)/blog/[slug]/page.tsx,true,true,true,blog,
https://saudiprivatetransfers.com/blog/saudi-tourist-visa-2026-guide,/blog/saudi-tourist-visa-2026-guide,blog-post,Supabase public.blogs table (published) via app/(main)/blog/[slug]/page.tsx,true,true,true,blog,
https://saudiprivatetransfers.com/blog/jeddah-season-2026-events-attractions-guide,/blog/jeddah-season-2026-events-attractions-guide,blog-post,Supabase public.blogs table (published) via app/(main)/blog/[slug]/page.tsx,true,true,true,blog,
https://saudiprivatetransfers.com/blog/saudi-school-public-holidays-2027,/blog/saudi-school-public-holidays-2027,blog-post,Supabase public.blogs table (published) via app/(main)/blog/[slug]/page.tsx,true,true,true,blog,
https://saudiprivatetransfers.com/blog/fifa-world-cup-2034-saudi-arabia-travel-planning,/blog/fifa-world-cup-2034-saudi-arabia-travel-planning,blog-post,Supabase public.blogs table (published) via app/(main)/blog/[slug]/page.tsx,true,true,true,blog,
https://saudiprivatetransfers.com/blog/saudi-national-day-2026-best-cities,/blog/saudi-national-day-2026-best-cities,blog-post,Supabase public.blogs table (published) via app/(main)/blog/[slug]/page.tsx,true,true,true,blog,
https://saudiprivatetransfers.com/blog/riyadh-expo-2030-preparations,/blog/riyadh-expo-2030-preparations,blog-post,Supabase public.blogs table (published) via app/(main)/blog/[slug]/page.tsx,true,true,true,blog,
https://saudiprivatetransfers.com/blog/saudi-arabia-tourism-projects-2027,/blog/saudi-arabia-tourism-projects-2027,blog-post,Supabase public.blogs table (published) via app/(main)/blog/[slug]/page.tsx,true,true,true,blog,
https://saudiprivatetransfers.com/blog/hajj-2027-registration-permit-updates,/blog/hajj-2027-registration-permit-updates,blog-post,Supabase public.blogs table (published) via app/(main)/blog/[slug]/page.tsx,true,true,true,blog,
https://saudiprivatetransfers.com/blog/cost-of-umrah-trip-2026,/blog/cost-of-umrah-trip-2026,blog-post,Supabase public.blogs table (published) via app/(main)/blog/[slug]/page.tsx,true,true,true,blog,
https://saudiprivatetransfers.com/blog/nusuk-app-umrah-guide,/blog/nusuk-app-umrah-guide,blog-post,Supabase public.blogs table (published) via app/(main)/blog/[slug]/page.tsx,true,true,true,blog,
https://saudiprivatetransfers.com/blog/alula-travel-guide-2026,/blog/alula-travel-guide-2026,blog-post,Supabase public.blogs table (published) via app/(main)/blog/[slug]/page.tsx,true,true,true,blog,
https://saudiprivatetransfers.com/blog/solo-female-pilgrim-travel-saudi-arabia,/blog/solo-female-pilgrim-travel-saudi-arabia,blog-post,Supabase public.blogs table (published) via app/(main)/blog/[slug]/page.tsx,true,true,true,blog,
https://saudiprivatetransfers.com/blog/ramadan-2026-makkah-transport-guide,/blog/ramadan-2026-makkah-transport-guide,blog-post,Supabase public.blogs table (published) via app/(main)/blog/[slug]/page.tsx,true,true,true,blog,
https://saudiprivatetransfers.com/blog/private-chauffeur-vs-ride-hailing-saudi-arabia,/blog/private-chauffeur-vs-ride-hailing-saudi-arabia,blog-post,Supabase public.blogs table (published) via app/(main)/blog/[slug]/page.tsx,true,true,true,blog,
https://saudiprivatetransfers.com/blog/vip-transfer-jeddah-airport-to-makkah,/blog/vip-transfer-jeddah-airport-to-makkah,blog-post,Supabase public.blogs table (published) via app/(main)/blog/[slug]/page.tsx,true,true,true,blog,
https://saudiprivatetransfers.com/blog/new-saudi-umrah-visa-rules-2026,/blog/new-saudi-umrah-visa-rules-2026,blog-post,Supabase public.blogs table (published) via app/(main)/blog/[slug]/page.tsx,true,true,true,blog,
https://saudiprivatetransfers.com/blog/king-salman-airport-transfers-guide,/blog/king-salman-airport-transfers-guide,blog-post,Supabase public.blogs table (published) via app/(main)/blog/[slug]/page.tsx,true,true,true,blog,
https://saudiprivatetransfers.com/blog/riyadh-metro-vs-taxi,/blog/riyadh-metro-vs-taxi,blog-post,Supabase public.blogs table (published) via app/(main)/blog/[slug]/page.tsx,true,true,true,blog,
https://saudiprivatetransfers.com/blog/transportation-mistakes-pilgrims,/blog/transportation-mistakes-pilgrims,blog-post,Supabase public.blogs table (published) via app/(main)/blog/[slug]/page.tsx,true,true,true,blog,
https://saudiprivatetransfers.com/blog/miqat-locations-for-umrah,/blog/miqat-locations-for-umrah,blog-post,Supabase public.blogs table (published) via app/(main)/blog/[slug]/page.tsx,true,true,true,blog,
https://saudiprivatetransfers.com/blog/umrah-with-children,/blog/umrah-with-children,blog-post,Supabase public.blogs table (published) via app/(main)/blog/[slug]/page.tsx,true,true,true,blog,
https://saudiprivatetransfers.com/blog/makkah-madinah-train-vs-taxi,/blog/makkah-madinah-train-vs-taxi,blog-post,Supabase public.blogs table (published) via app/(main)/blog/[slug]/page.tsx,true,true,true,blog,
https://saudiprivatetransfers.com/blog/umrah-for-elderly-pilgrims,/blog/umrah-for-elderly-pilgrims,blog-post,Supabase public.blogs table (published) via app/(main)/blog/[slug]/page.tsx,true,true,true,blog,
https://saudiprivatetransfers.com/blog/complete-guide-to-masjid-al-haram,/blog/complete-guide-to-masjid-al-haram,blog-post,Supabase public.blogs table (published) via app/(main)/blog/[slug]/page.tsx,true,true,true,blog,
https://saudiprivatetransfers.com/blog/common-questions-first-time-umrah-pilgrims,/blog/common-questions-first-time-umrah-pilgrims,blog-post,Supabase public.blogs table (published) via app/(main)/blog/[slug]/page.tsx,true,true,true,blog,
https://saudiprivatetransfers.com/blog/how-to-travel-between-makkah-madinah-jeddah,/blog/how-to-travel-between-makkah-madinah-jeddah,blog-post,Supabase public.blogs table (published) via app/(main)/blog/[slug]/page.tsx,true,true,true,blog,
https://saudiprivatetransfers.com/blog/saudi-arabia-entry-requirements-pilgrims-2026,/blog/saudi-arabia-entry-requirements-pilgrims-2026,blog-post,Supabase public.blogs table (published) via app/(main)/blog/[slug]/page.tsx,true,true,true,blog,
https://saudiprivatetransfers.com/blog/jeddah-airport-arrival-guide-umrah,/blog/jeddah-airport-arrival-guide-umrah,blog-post,Supabase public.blogs table (published) via app/(main)/blog/[slug]/page.tsx,true,true,true,blog,
https://saudiprivatetransfers.com/blog/first-time-visiting-madinah-guide,/blog/first-time-visiting-madinah-guide,blog-post,Supabase public.blogs table (published) via app/(main)/blog/[slug]/page.tsx,true,true,true,blog,
https://saudiprivatetransfers.com/blog/first-time-visiting-makkah-guide,/blog/first-time-visiting-makkah-guide,blog-post,Supabase public.blogs table (published) via app/(main)/blog/[slug]/page.tsx,true,true,true,blog,
https://saudiprivatetransfers.com/blog/essential-duas-for-umrah-and-hajj,/blog/essential-duas-for-umrah-and-hajj,blog-post,Supabase public.blogs table (published) via app/(main)/blog/[slug]/page.tsx,true,true,true,blog,
https://saudiprivatetransfers.com/blog/difference-between-hajj-and-umrah,/blog/difference-between-hajj-and-umrah,blog-post,Supabase public.blogs table (published) via app/(main)/blog/[slug]/page.tsx,true,true,true,blog,
https://saudiprivatetransfers.com/blog/best-time-to-perform-umrah-2026,/blog/best-time-to-perform-umrah-2026,blog-post,Supabase public.blogs table (published) via app/(main)/blog/[slug]/page.tsx,true,true,true,blog,
https://saudiprivatetransfers.com/blog/madinah-ziyarat-historic-sites-guide,/blog/madinah-ziyarat-historic-sites-guide,blog-post,Supabase public.blogs table (published) via app/(main)/blog/[slug]/page.tsx,true,true,true,blog,
https://saudiprivatetransfers.com/blog/what-to-pack-for-umrah-checklist,/blog/what-to-pack-for-umrah-checklist,blog-post,Supabase public.blogs table (published) via app/(main)/blog/[slug]/page.tsx,true,true,true,blog,
https://saudiprivatetransfers.com/blog/main-rituals-of-hajj-explained,/blog/main-rituals-of-hajj-explained,blog-post,Supabase public.blogs table (published) via app/(main)/blog/[slug]/page.tsx,true,true,true,blog,
https://saudiprivatetransfers.com/blog/common-mistakes-to-avoid-during-umrah,/blog/common-mistakes-to-avoid-during-umrah,blog-post,Supabase public.blogs table (published) via app/(main)/blog/[slug]/page.tsx,true,true,true,blog,
https://saudiprivatetransfers.com/blog/how-to-perform-umrah-step-by-step-guide,/blog/how-to-perform-umrah-step-by-step-guide,blog-post,Supabase public.blogs table (published) via app/(main)/blog/[slug]/page.tsx,true,true,true,blog,
https://saudiprivatetransfers.com/blog/saudi-to-bahrain-taxi-king-fahd-causeway,/blog/saudi-to-bahrain-taxi-king-fahd-causeway,blog-post,Supabase public.blogs table (published) via app/(main)/blog/[slug]/page.tsx,true,true,true,blog,
https://saudiprivatetransfers.com/blog/umrah-transport-makkah-madinah-guide,/blog/umrah-transport-makkah-madinah-guide,blog-post,Supabase public.blogs table (published) via app/(main)/blog/[slug]/page.tsx,true,true,true,blog,
https://saudiprivatetransfers.com/blog/riyadh-to-dammam-taxi-guide,/blog/riyadh-to-dammam-taxi-guide,blog-post,Supabase public.blogs table (published) via app/(main)/blog/[slug]/page.tsx,true,true,true,blog,
https://saudiprivatetransfers.com/blog/jeddah-to-taif-taxi-guide,/blog/jeddah-to-taif-taxi-guide,blog-post,Supabase public.blogs table (published) via app/(main)/blog/[slug]/page.tsx,true,true,true,blog,
https://saudiprivatetransfers.com/blog/taxi-cost-saudi-arabia-price-guide,/blog/taxi-cost-saudi-arabia-price-guide,blog-post,Supabase public.blogs table (published) via app/(main)/blog/[slug]/page.tsx,true,true,true,blog,
https://saudiprivatetransfers.com/blog/top-tourist-destinations-private-taxi-saudi-arabia,/blog/top-tourist-destinations-private-taxi-saudi-arabia,blog-post,Supabase public.blogs table (published) via app/(main)/blog/[slug]/page.tsx,true,true,true,blog,
https://saudiprivatetransfers.com/blog/saudi-arabia-intercity-taxi-services-guide,/blog/saudi-arabia-intercity-taxi-services-guide,blog-post,Supabase public.blogs table (published) via app/(main)/blog/[slug]/page.tsx,true,true,true,blog,
https://saudiprivatetransfers.com/blog/riyadh-airport-transfer-business-travelers,/blog/riyadh-airport-transfer-business-travelers,blog-post,Supabase public.blogs table (published) via app/(main)/blog/[slug]/page.tsx,true,true,true,blog,
https://saudiprivatetransfers.com/blog/makkah-to-madinah-private-taxi-guide,/blog/makkah-to-madinah-private-taxi-guide,blog-post,Supabase public.blogs table (published) via app/(main)/blog/[slug]/page.tsx,true,true,true,blog,
https://saudiprivatetransfers.com/blog/jeddah-airport-to-makkah-taxi-service-guide,/blog/jeddah-airport-to-makkah-taxi-service-guide,blog-post,Supabase public.blogs table (published) via app/(main)/blog/[slug]/page.tsx,true,true,true,blog,
https://saudiprivatetransfers.com/ar/من-نحن,/ar/من-نحن,arabic-page,data/translations/ar.ts (arPages) via app/ar/[...slug]/page.tsx,true,true,true,ar,
https://saudiprivatetransfers.com/ar/اتصل-بنا,/ar/اتصل-بنا,arabic-page,data/translations/ar.ts (arPages) via app/ar/[...slug]/page.tsx,true,true,true,ar,
https://saudiprivatetransfers.com/ar/نقل-من-المطار,/ar/نقل-من-المطار,arabic-page,data/translations/ar.ts (arPages) via app/ar/[...slug]/page.tsx,true,true,true,ar,
https://saudiprivatetransfers.com/ar/تنقلات-المدينة,/ar/تنقلات-المدينة,arabic-page,data/translations/ar.ts (arPages) via app/ar/[...slug]/page.tsx,true,true,true,ar,
https://saudiprivatetransfers.com/ar/النقل-بين-المدن,/ar/النقل-بين-المدن,arabic-page,data/translations/ar.ts (arPages) via app/ar/[...slug]/page.tsx,true,true,true,ar,
https://saudiprivatetransfers.com/ar/النقل-عبر-الحدود,/ar/النقل-عبر-الحدود,arabic-page,data/translations/ar.ts (arPages) via app/ar/[...slug]/page.tsx,true,true,true,ar,
https://saudiprivatetransfers.com/ar/نقل-الفنادق,/ar/نقل-الفنادق,arabic-page,data/translations/ar.ts (arPages) via app/ar/[...slug]/page.tsx,true,true,true,ar,
https://saudiprivatetransfers.com/ar/نقل-العمرة,/ar/نقل-العمرة,arabic-page,data/translations/ar.ts (arPages) via app/ar/[...slug]/page.tsx,true,true,true,ar,
https://saudiprivatetransfers.com/ar/نقل-الحج,/ar/نقل-الحج,arabic-page,data/translations/ar.ts (arPages) via app/ar/[...slug]/page.tsx,true,true,true,ar,
https://saudiprivatetransfers.com/ar/نقل-الزيارة,/ar/نقل-الزيارة,arabic-page,data/translations/ar.ts (arPages) via app/ar/[...slug]/page.tsx,true,true,true,ar,
https://saudiprivatetransfers.com/ar/نقل-مطار-جدة,/ar/نقل-مطار-جدة,arabic-page,data/translations/ar.ts (arPages) via app/ar/[...slug]/page.tsx,true,true,true,ar,
https://saudiprivatetransfers.com/ar/نقل-مطار-الرياض,/ar/نقل-مطار-الرياض,arabic-page,data/translations/ar.ts (arPages) via app/ar/[...slug]/page.tsx,true,true,true,ar,
https://saudiprivatetransfers.com/ar/تنقلات-جدة,/ar/تنقلات-جدة,arabic-page,data/translations/ar.ts (arPages) via app/ar/[...slug]/page.tsx,true,true,true,ar,
https://saudiprivatetransfers.com/ar/تاكسي-الرياض,/ar/تاكسي-الرياض,arabic-page,data/translations/ar.ts (arPages) via app/ar/[...slug]/page.tsx,true,true,true,ar,
https://saudiprivatetransfers.com/ar/تاكسي-مكة,/ar/تاكسي-مكة,arabic-page,data/translations/ar.ts (arPages) via app/ar/[...slug]/page.tsx,true,true,true,ar,
https://saudiprivatetransfers.com/ar/تاكسي-المدينة,/ar/تاكسي-المدينة,arabic-page,data/translations/ar.ts (arPages) via app/ar/[...slug]/page.tsx,true,true,true,ar,
https://saudiprivatetransfers.com/ar/تاكسي-العلا,/ar/تاكسي-العلا,arabic-page,data/translations/ar.ts (arPages) via app/ar/[...slug]/page.tsx,true,true,true,ar,
https://saudiprivatetransfers.com/ar/نقل-فنادق-مكة,/ar/نقل-فنادق-مكة,arabic-page,data/translations/ar.ts (arPages) via app/ar/[...slug]/page.tsx,true,true,true,ar,
https://saudiprivatetransfers.com/ar/نقل-فنادق-المدينة,/ar/نقل-فنادق-المدينة,arabic-page,data/translations/ar.ts (arPages) via app/ar/[...slug]/page.tsx,true,true,true,ar,
https://saudiprivatetransfers.com/ar/نقل-فنادق-جدة,/ar/نقل-فنادق-جدة,arabic-page,data/translations/ar.ts (arPages) via app/ar/[...slug]/page.tsx,true,true,true,ar,
https://saudiprivatetransfers.com/ar/نقل-فنادق-الرياض,/ar/نقل-فنادق-الرياض,arabic-page,data/translations/ar.ts (arPages) via app/ar/[...slug]/page.tsx,true,true,true,ar,
https://saudiprivatetransfers.com/ar/نقل-فنادق-الدمام,/ar/نقل-فنادق-الدمام,arabic-page,data/translations/ar.ts (arPages) via app/ar/[...slug]/page.tsx,true,true,true,ar,
https://saudiprivatetransfers.com/ar/نقل-من-جدة-الى-مكة,/ar/نقل-من-جدة-الى-مكة,arabic-page,data/translations/ar.ts (arPages) via app/ar/[...slug]/page.tsx,true,true,true,ar,
https://saudiprivatetransfers.com/ar/دليل-تاكسي-من-مطار-جدة-الى-مكة,/ar/دليل-تاكسي-من-مطار-جدة-الى-مكة,arabic-page,data/translations/ar.ts (arPages) via app/ar/[...slug]/page.tsx,true,true,true,ar,
https://saudiprivatetransfers.com/ar/نقل-الى-غار-حراء-جبل-النور,/ar/نقل-الى-غار-حراء-جبل-النور,arabic-page,data/translations/ar.ts (arPages) via app/ar/[...slug]/page.tsx,true,true,true,ar,
https://saudiprivatetransfers.com/ar/جولة-زيارة-مكة,/ar/جولة-زيارة-مكة,arabic-page,data/translations/ar.ts (arPages) via app/ar/[...slug]/page.tsx,true,true,true,ar,
https://saudiprivatetransfers.com/ar/نقل-الى-جبل-ثور,/ar/نقل-الى-جبل-ثور,arabic-page,data/translations/ar.ts (arPages) via app/ar/[...slug]/page.tsx,true,true,true,ar,
https://saudiprivatetransfers.com/ar/نقل-من-مكة-الى-منى,/ar/نقل-من-مكة-الى-منى,arabic-page,data/translations/ar.ts (arPages) via app/ar/[...slug]/page.tsx,true,true,true,ar,
https://saudiprivatetransfers.com/ar/نقل-من-مكة-الى-مزدلفة,/ar/نقل-من-مكة-الى-مزدلفة,arabic-page,data/translations/ar.ts (arPages) via app/ar/[...slug]/page.tsx,true,true,true,ar,
https://saudiprivatetransfers.com/ar/نقل-من-مكة-الى-عرفات,/ar/نقل-من-مكة-الى-عرفات,arabic-page,data/translations/ar.ts (arPages) via app/ar/[...slug]/page.tsx,true,true,true,ar,
https://saudiprivatetransfers.com/ar/نقل-من-المدينة-الى-مسجد-قباء,/ar/نقل-من-المدينة-الى-مسجد-قباء,arabic-page,data/translations/ar.ts (arPages) via app/ar/[...slug]/page.tsx,true,true,true,ar,
https://saudiprivatetransfers.com/ar/نقل-من-المدينة-الى-جبل-أحد,/ar/نقل-من-المدينة-الى-جبل-أحد,arabic-page,data/translations/ar.ts (arPages) via app/ar/[...slug]/page.tsx,true,true,true,ar,
https://saudiprivatetransfers.com/ar/نقل-من-المدينة-الى-مسجد-القبلتين,/ar/نقل-من-المدينة-الى-مسجد-القبلتين,arabic-page,data/translations/ar.ts (arPages) via app/ar/[...slug]/page.tsx,true,true,true,ar,
https://saudiprivatetransfers.com/ar/نقل-من-المدينة-الى-المساجد-السبعة,/ar/نقل-من-المدينة-الى-المساجد-السبعة,arabic-page,data/translations/ar.ts (arPages) via app/ar/[...slug]/page.tsx,true,true,true,ar,
https://saudiprivatetransfers.com/ar/نقل-من-مطار-جدة-الى-المدينة,/ar/نقل-من-مطار-جدة-الى-المدينة,arabic-page,data/translations/ar.ts (arPages) via app/ar/[...slug]/page.tsx,true,true,true,ar,
https://saudiprivatetransfers.com/ar/نقل-من-المدينة-الى-مطار-جدة,/ar/نقل-من-المدينة-الى-مطار-جدة,arabic-page,data/translations/ar.ts (arPages) via app/ar/[...slug]/page.tsx,true,true,true,ar,
https://saudiprivatetransfers.com/ar/السعودية-في-أغسطس-الطقس-والازدحام-ونصائح-السفر,/ar/السعودية-في-أغسطس-الطقس-والازدحام-ونصائح-السفر,arabic-page,data/translations/ar.ts (arPages) via app/ar/[...slug]/page.tsx,true,true,true,ar,
https://saudiprivatetransfers.com/ar/هل-السعودية-آمنة-للسياح-المنفردين-2026,/ar/هل-السعودية-آمنة-للسياح-المنفردين-2026,arabic-page,data/translations/ar.ts (arPages) via app/ar/[...slug]/page.tsx,true,true,true,ar,
https://saudiprivatetransfers.com/ar/دليل-واي-فاي-مطارات-السعودية,/ar/دليل-واي-فاي-مطارات-السعودية,arabic-page,data/translations/ar.ts (arPages) via app/ar/[...slug]/page.tsx,true,true,true,ar,
https://saudiprivatetransfers.com/ar/ماذا-يحدث-إذا-تأخرت-رحلتك-إلى-السعودية,/ar/ماذا-يحدث-إذا-تأخرت-رحلتك-إلى-السعودية,arabic-page,data/translations/ar.ts (arPages) via app/ar/[...slug]/page.tsx,true,true,true,ar,
https://saudiprivatetransfers.com/ar/السفر-إلى-السعودية-مع-الوالدين-كبار-السن,/ar/السفر-إلى-السعودية-مع-الوالدين-كبار-السن,arabic-page,data/translations/ar.ts (arPages) via app/ar/[...slug]/page.tsx,true,true,true,ar,
https://saudiprivatetransfers.com/ar/افضل-تطبيقات-الدفع-اللاتلامسي-للسياح-في-السعودية,/ar/افضل-تطبيقات-الدفع-اللاتلامسي-للسياح-في-السعودية,arabic-page,data/translations/ar.ts (arPages) via app/ar/[...slug]/page.tsx,true,true,true,ar,
https://saudiprivatetransfers.com/ar/نصائح-السفر-حول-صلاة-الجمعة-في-السعودية,/ar/نصائح-السفر-حول-صلاة-الجمعة-في-السعودية,arabic-page,data/translations/ar.ts (arPages) via app/ar/[...slug]/page.tsx,true,true,true,ar,
https://saudiprivatetransfers.com/ar/ما-يجب-معرفته-قبل-حجز-فندق-قرب-الحرم,/ar/ما-يجب-معرفته-قبل-حجز-فندق-قرب-الحرم,arabic-page,data/translations/ar.ts (arPages) via app/ar/[...slug]/page.tsx,true,true,true,ar,
https://saudiprivatetransfers.com/ar/احتيالات-السفر-في-السعودية-التي-يجب-الحذر-منها,/ar/احتيالات-السفر-في-السعودية-التي-يجب-الحذر-منها,arabic-page,data/translations/ar.ts (arPages) via app/ar/[...slug]/page.tsx,true,true,true,ar,
https://saudiprivatetransfers.com/ar/التخطيط-بالذكاء-الاصطناعي-مقابل-الخبراء-المحليين,/ar/التخطيط-بالذكاء-الاصطناعي-مقابل-الخبراء-المحليين,arabic-page,data/translations/ar.ts (arPages) via app/ar/[...slug]/page.tsx,true,true,true,ar,
https://saudiprivatetransfers.com/ar/دليل-رحلة-الرياض-الى-العلا-بالسيارة,/ar/دليل-رحلة-الرياض-الى-العلا-بالسيارة,arabic-page,data/translations/ar.ts (arPages) via app/ar/[...slug]/page.tsx,true,true,true,ar,
https://saudiprivatetransfers.com/ar/دليل-نقل-المدينة-المنورة-الى-ينبع,/ar/دليل-نقل-المدينة-المنورة-الى-ينبع,arabic-page,data/translations/ar.ts (arPages) via app/ar/[...slug]/page.tsx,true,true,true,ar,
https://saudiprivatetransfers.com/ar/دليل-السفر-من-الدمام-الى-البحرين,/ar/دليل-السفر-من-الدمام-الى-البحرين,arabic-page,data/translations/ar.ts (arPages) via app/ar/[...slug]/page.tsx,true,true,true,ar,
https://saudiprivatetransfers.com/ar/دليل-جسر-الملك-فهد,/ar/دليل-جسر-الملك-فهد,arabic-page,data/translations/ar.ts (arPages) via app/ar/[...slug]/page.tsx,true,true,true,ar,
https://saudiprivatetransfers.com/ar/دليل-تاكسي-مكة-الى-المدينة-الخاص,/ar/دليل-تاكسي-مكة-الى-المدينة-الخاص,arabic-page,data/translations/ar.ts (arPages) via app/ar/[...slug]/page.tsx,true,true,true,ar,
https://saudiprivatetransfers.com/ar/دليل-تاكسي-الرياض-الى-الدمام,/ar/دليل-تاكسي-الرياض-الى-الدمام,arabic-page,data/translations/ar.ts (arPages) via app/ar/[...slug]/page.tsx,true,true,true,ar,
https://saudiprivatetransfers.com/ar/دليل-تاكسي-جدة-الى-الطائف,/ar/دليل-تاكسي-جدة-الى-الطائف,arabic-page,data/translations/ar.ts (arPages) via app/ar/[...slug]/page.tsx,true,true,true,ar,
https://saudiprivatetransfers.com/ar/دليل-سفر-الأعمال-بين-البحرين-والدمام,/ar/دليل-سفر-الأعمال-بين-البحرين-والدمام,arabic-page,data/translations/ar.ts (arPages) via app/ar/[...slug]/page.tsx,true,true,true,ar,
https://saudiprivatetransfers.com/ar/دليل-سفر-العائلات-من-البحرين-الى-السعودية,/ar/دليل-سفر-العائلات-من-البحرين-الى-السعودية,arabic-page,data/translations/ar.ts (arPages) via app/ar/[...slug]/page.tsx,true,true,true,ar,
https://saudiprivatetransfers.com/ar/دليل-سفر-مقيمي-الخليج-بالسيارة-الى-السعودية,/ar/دليل-سفر-مقيمي-الخليج-بالسيارة-الى-السعودية,arabic-page,data/translations/ar.ts (arPages) via app/ar/[...slug]/page.tsx,true,true,true,ar,
https://saudiprivatetransfers.com/ar/افضل-مركبة-للسفر-عبر-الحدود,/ar/افضل-مركبة-للسفر-عبر-الحدود,arabic-page,data/translations/ar.ts (arPages) via app/ar/[...slug]/page.tsx,true,true,true,ar,
https://saudiprivatetransfers.com/ar/من-البحرين-الى-السعودية-بالسيارة,/ar/من-البحرين-الى-السعودية-بالسيارة,arabic-page,data/translations/ar.ts (arPages) via app/ar/[...slug]/page.tsx,true,true,true,ar,
https://saudiprivatetransfers.com/ar/مستندات-السفر-من-البحرين-الى-السعودية,/ar/مستندات-السفر-من-البحرين-الى-السعودية,arabic-page,data/translations/ar.ts (arPages) via app/ar/[...slug]/page.tsx,true,true,true,ar,
https://saudiprivatetransfers.com/ar/نقل-من-الرياض-الى-الخبر,/ar/نقل-من-الرياض-الى-الخبر,arabic-page,data/translations/ar.ts (arPages) via app/ar/[...slug]/page.tsx,true,true,true,ar,
https://saudiprivatetransfers.com/ar/نقل-من-الخبر-الى-الرياض,/ar/نقل-من-الخبر-الى-الرياض,arabic-page,data/translations/ar.ts (arPages) via app/ar/[...slug]/page.tsx,true,true,true,ar,
https://saudiprivatetransfers.com/ar/نقل-من-الرياض-الى-الجبيل,/ar/نقل-من-الرياض-الى-الجبيل,arabic-page,data/translations/ar.ts (arPages) via app/ar/[...slug]/page.tsx,true,true,true,ar,
https://saudiprivatetransfers.com/ar/نقل-من-الجبيل-الى-الرياض,/ar/نقل-من-الجبيل-الى-الرياض,arabic-page,data/translations/ar.ts (arPages) via app/ar/[...slug]/page.tsx,true,true,true,ar,
https://saudiprivatetransfers.com/ar/نقل-من-الرياض-الى-الهفوف,/ar/نقل-من-الرياض-الى-الهفوف,arabic-page,data/translations/ar.ts (arPages) via app/ar/[...slug]/page.tsx,true,true,true,ar,
https://saudiprivatetransfers.com/ar/نقل-من-الهفوف-الى-الرياض,/ar/نقل-من-الهفوف-الى-الرياض,arabic-page,data/translations/ar.ts (arPages) via app/ar/[...slug]/page.tsx,true,true,true,ar,
https://saudiprivatetransfers.com/ar/نقل-من-الرياض-الى-القصيم,/ar/نقل-من-الرياض-الى-القصيم,arabic-page,data/translations/ar.ts (arPages) via app/ar/[...slug]/page.tsx,true,true,true,ar,
https://saudiprivatetransfers.com/ar/نقل-من-القصيم-الى-الرياض,/ar/نقل-من-القصيم-الى-الرياض,arabic-page,data/translations/ar.ts (arPages) via app/ar/[...slug]/page.tsx,true,true,true,ar,
https://saudiprivatetransfers.com/ar/نقل-من-الرياض-الى-حائل,/ar/نقل-من-الرياض-الى-حائل,arabic-page,data/translations/ar.ts (arPages) via app/ar/[...slug]/page.tsx,true,true,true,ar,
https://saudiprivatetransfers.com/ar/نقل-من-حائل-الى-الرياض,/ar/نقل-من-حائل-الى-الرياض,arabic-page,data/translations/ar.ts (arPages) via app/ar/[...slug]/page.tsx,true,true,true,ar,
https://saudiprivatetransfers.com/ar/نقل-من-الرياض-الى-المدينة-المنورة,/ar/نقل-من-الرياض-الى-المدينة-المنورة,arabic-page,data/translations/ar.ts (arPages) via app/ar/[...slug]/page.tsx,true,true,true,ar,
https://saudiprivatetransfers.com/ar/نقل-من-المدينة-المنورة-الى-الرياض,/ar/نقل-من-المدينة-المنورة-الى-الرياض,arabic-page,data/translations/ar.ts (arPages) via app/ar/[...slug]/page.tsx,true,true,true,ar,
https://saudiprivatetransfers.com/ar/نقل-من-الرياض-الى-الطائف,/ar/نقل-من-الرياض-الى-الطائف,arabic-page,data/translations/ar.ts (arPages) via app/ar/[...slug]/page.tsx,true,true,true,ar,
https://saudiprivatetransfers.com/ar/نقل-من-الطائف-الى-الرياض,/ar/نقل-من-الطائف-الى-الرياض,arabic-page,data/translations/ar.ts (arPages) via app/ar/[...slug]/page.tsx,true,true,true,ar,
https://saudiprivatetransfers.com/ar/نقل-من-الرياض-الى-ابها,/ar/نقل-من-الرياض-الى-ابها,arabic-page,data/translations/ar.ts (arPages) via app/ar/[...slug]/page.tsx,true,true,true,ar,
https://saudiprivatetransfers.com/ar/نقل-من-ابها-الى-الرياض,/ar/نقل-من-ابها-الى-الرياض,arabic-page,data/translations/ar.ts (arPages) via app/ar/[...slug]/page.tsx,true,true,true,ar,
https://saudiprivatetransfers.com/ar/نقل-من-الرياض-الى-تبوك,/ar/نقل-من-الرياض-الى-تبوك,arabic-page,data/translations/ar.ts (arPages) via app/ar/[...slug]/page.tsx,true,true,true,ar,
https://saudiprivatetransfers.com/ar/نقل-من-تبوك-الى-الرياض,/ar/نقل-من-تبوك-الى-الرياض,arabic-page,data/translations/ar.ts (arPages) via app/ar/[...slug]/page.tsx,true,true,true,ar,
https://saudiprivatetransfers.com/ar/نقل-من-الرياض-الى-ينبع,/ar/نقل-من-الرياض-الى-ينبع,arabic-page,data/translations/ar.ts (arPages) via app/ar/[...slug]/page.tsx,true,true,true,ar,
https://saudiprivatetransfers.com/ar/نقل-من-ينبع-الى-الرياض,/ar/نقل-من-ينبع-الى-الرياض,arabic-page,data/translations/ar.ts (arPages) via app/ar/[...slug]/page.tsx,true,true,true,ar,
https://saudiprivatetransfers.com/ar/نقل-من-الرياض-الى-نيوم,/ar/نقل-من-الرياض-الى-نيوم,arabic-page,data/translations/ar.ts (arPages) via app/ar/[...slug]/page.tsx,true,true,true,ar,
https://saudiprivatetransfers.com/ar/نقل-من-نيوم-الى-الرياض,/ar/نقل-من-نيوم-الى-الرياض,arabic-page,data/translations/ar.ts (arPages) via app/ar/[...slug]/page.tsx,true,true,true,ar,
https://saudiprivatetransfers.com/ar/دليل-نقل-مكة-المدينة-بالتاكسي-الخاص,/ar/دليل-نقل-مكة-المدينة-بالتاكسي-الخاص,arabic-page,data/translations/ar.ts (arPages) via app/ar/[...slug]/page.tsx,true,true,true,ar,
https://saudiprivatetransfers.com/ar/دليل-وصول-مطار-جدة-للسياح-والمقيمين,/ar/دليل-وصول-مطار-جدة-للسياح-والمقيمين,arabic-page,data/translations/ar.ts (arPages) via app/ar/[...slug]/page.tsx,true,true,true,ar,
https://saudiprivatetransfers.com/ar/دليل-عبور-جسر-الملك-فهد-بالتاكسي-الخاص,/ar/دليل-عبور-جسر-الملك-فهد-بالتاكسي-الخاص,arabic-page,data/translations/ar.ts (arPages) via app/ar/[...slug]/page.tsx,true,true,true,ar,
https://saudiprivatetransfers.com/ar/دليل-مطار-الرياض-الصالات-والنقل-إلى-المدينة,/ar/دليل-مطار-الرياض-الصالات-والنقل-إلى-المدينة,arabic-page,data/translations/ar.ts (arPages) via app/ar/[...slug]/page.tsx,true,true,true,ar,
https://saudiprivatetransfers.com/ar/دليل-نقل-العمرة-الشامل-2025,/ar/دليل-نقل-العمرة-الشامل-2025,arabic-page,data/translations/ar.ts (arPages) via app/ar/[...slug]/page.tsx,true,true,true,ar,
https://saudiprivatetransfers.com/ar/تاكسي-خاص-مقابل-كريم-اوبر-السعودية,/ar/تاكسي-خاص-مقابل-كريم-اوبر-السعودية,arabic-page,data/translations/ar.ts (arPages) via app/ar/[...slug]/page.tsx,true,true,true,ar,
https://saudiprivatetransfers.com/ar/دليل-تنقل-موسم-الرياض,/ar/دليل-تنقل-موسم-الرياض,arabic-page,data/translations/ar.ts (arPages) via app/ar/[...slug]/page.tsx,true,true,true,ar,
https://saudiprivatetransfers.com/ar/تاكسي-الدرعية-من-الرياض,/ar/تاكسي-الدرعية-من-الرياض,arabic-page,data/translations/ar.ts (arPages) via app/ar/[...slug]/page.tsx,true,true,true,ar,
https://saudiprivatetransfers.com/ar/دليل-نقل-الحج-مكة-منى-عرفات,/ar/دليل-نقل-الحج-مكة-منى-عرفات,arabic-page,data/translations/ar.ts (arPages) via app/ar/[...slug]/page.tsx,true,true,true,ar,
https://saudiprivatetransfers.com/ar/نظام-مقعد-الطفل-في-السيارة-بالسعودية,/ar/نظام-مقعد-الطفل-في-السيارة-بالسعودية,arabic-page,data/translations/ar.ts (arPages) via app/ar/[...slug]/page.tsx,true,true,true,ar,
https://saudiprivatetransfers.com/ar/نقل-من-جدة-الى-الرياض,/ar/نقل-من-جدة-الى-الرياض,arabic-page,data/translations/ar.ts (arPages) via app/ar/[...slug]/page.tsx,true,true,true,ar,
https://saudiprivatetransfers.com/ar/نقل-من-مطار-جدة-الى-الرياض,/ar/نقل-من-مطار-جدة-الى-الرياض,arabic-page,data/translations/ar.ts (arPages) via app/ar/[...slug]/page.tsx,true,true,true,ar,
https://saudiprivatetransfers.com/ar/نقل-من-مطار-الرياض-الى-جدة,/ar/نقل-من-مطار-الرياض-الى-جدة,arabic-page,data/translations/ar.ts (arPages) via app/ar/[...slug]/page.tsx,true,true,true,ar,
https://saudiprivatetransfers.com/ar/نقل-من-تبوك-الى-نيوم,/ar/نقل-من-تبوك-الى-نيوم,arabic-page,data/translations/ar.ts (arPages) via app/ar/[...slug]/page.tsx,true,true,true,ar,
https://saudiprivatetransfers.com/ar/نقل-من-نيوم-الى-تبوك,/ar/نقل-من-نيوم-الى-تبوك,arabic-page,data/translations/ar.ts (arPages) via app/ar/[...slug]/page.tsx,true,true,true,ar,
https://saudiprivatetransfers.com/ar/نقل-من-جدة-الى-العلا,/ar/نقل-من-جدة-الى-العلا,arabic-page,data/translations/ar.ts (arPages) via app/ar/[...slug]/page.tsx,true,true,true,ar,
https://saudiprivatetransfers.com/ar/نقل-من-العلا-الى-الرياض,/ar/نقل-من-العلا-الى-الرياض,arabic-page,data/translations/ar.ts (arPages) via app/ar/[...slug]/page.tsx,true,true,true,ar,
https://saudiprivatetransfers.com/ar/نقل-من-العلا-الى-جدة,/ar/نقل-من-العلا-الى-جدة,arabic-page,data/translations/ar.ts (arPages) via app/ar/[...slug]/page.tsx,true,true,true,ar,
https://saudiprivatetransfers.com/ar/نقل-من-مطار-الرياض-الى-مكة,/ar/نقل-من-مطار-الرياض-الى-مكة,arabic-page,data/translations/ar.ts (arPages) via app/ar/[...slug]/page.tsx,true,true,true,ar,
https://saudiprivatetransfers.com/ar/نقل-من-جدة-الى-الدمام,/ar/نقل-من-جدة-الى-الدمام,arabic-page,data/translations/ar.ts (arPages) via app/ar/[...slug]/page.tsx,true,true,true,ar,
https://saudiprivatetransfers.com/ar/نقل-من-الدمام-الى-جدة,/ar/نقل-من-الدمام-الى-جدة,arabic-page,data/translations/ar.ts (arPages) via app/ar/[...slug]/page.tsx,true,true,true,ar,
https://saudiprivatetransfers.com/ar/نقل-من-العلا-الى-المدينة-المنورة,/ar/نقل-من-العلا-الى-المدينة-المنورة,arabic-page,data/translations/ar.ts (arPages) via app/ar/[...slug]/page.tsx,true,true,true,ar,
https://saudiprivatetransfers.com/ar/نقل-من-مطار-الرياض-الى-المدينة-المنورة,/ar/نقل-من-مطار-الرياض-الى-المدينة-المنورة,arabic-page,data/translations/ar.ts (arPages) via app/ar/[...slug]/page.tsx,true,true,true,ar,
https://saudiprivatetransfers.com/ar/نقل-من-ابها-الى-جدة,/ar/نقل-من-ابها-الى-جدة,arabic-page,data/translations/ar.ts (arPages) via app/ar/[...slug]/page.tsx,true,true,true,ar,
https://saudiprivatetransfers.com/ar/نقل-من-تبوك-الى-المدينة-المنورة,/ar/نقل-من-تبوك-الى-المدينة-المنورة,arabic-page,data/translations/ar.ts (arPages) via app/ar/[...slug]/page.tsx,true,true,true,ar,
https://saudiprivatetransfers.com/ar/نقل-من-المدينة-المنورة-الى-تبوك,/ar/نقل-من-المدينة-المنورة-الى-تبوك,arabic-page,data/translations/ar.ts (arPages) via app/ar/[...slug]/page.tsx,true,true,true,ar,
https://saudiprivatetransfers.com/ar/نقل-من-مطار-الدمام-الى-الرياض,/ar/نقل-من-مطار-الدمام-الى-الرياض,arabic-page,data/translations/ar.ts (arPages) via app/ar/[...slug]/page.tsx,true,true,true,ar,
https://saudiprivatetransfers.com/ar/نقل-من-مطار-المدينة-الى-الرياض,/ar/نقل-من-مطار-المدينة-الى-الرياض,arabic-page,data/translations/ar.ts (arPages) via app/ar/[...slug]/page.tsx,true,true,true,ar,
https://saudiprivatetransfers.com/ar/نقل-من-مطار-جدة-الى-الطائف,/ar/نقل-من-مطار-جدة-الى-الطائف,arabic-page,data/translations/ar.ts (arPages) via app/ar/[...slug]/page.tsx,true,true,true,ar,
https://saudiprivatetransfers.com/ar/نقل-من-الطائف-الى-مطار-جدة,/ar/نقل-من-الطائف-الى-مطار-جدة,arabic-page,data/translations/ar.ts (arPages) via app/ar/[...slug]/page.tsx,true,true,true,ar,
https://saudiprivatetransfers.com/ar/نقل-من-المدينة-المنورة-الى-ينبع,/ar/نقل-من-المدينة-المنورة-الى-ينبع,arabic-page,data/translations/ar.ts (arPages) via app/ar/[...slug]/page.tsx,true,true,true,ar,
https://saudiprivatetransfers.com/ar/نقل-من-ينبع-الى-المدينة-المنورة,/ar/نقل-من-ينبع-الى-المدينة-المنورة,arabic-page,data/translations/ar.ts (arPages) via app/ar/[...slug]/page.tsx,true,true,true,ar,
https://saudiprivatetransfers.com/ar/نقل-من-الطائف-الى-المدينة-المنورة,/ar/نقل-من-الطائف-الى-المدينة-المنورة,arabic-page,data/translations/ar.ts (arPages) via app/ar/[...slug]/page.tsx,true,true,true,ar,
https://saudiprivatetransfers.com/ar/نقل-من-المدينة-المنورة-الى-الطائف,/ar/نقل-من-المدينة-المنورة-الى-الطائف,arabic-page,data/translations/ar.ts (arPages) via app/ar/[...slug]/page.tsx,true,true,true,ar,
https://saudiprivatetransfers.com/ar/نقل-من-جدة-الى-ابها,/ar/نقل-من-جدة-الى-ابها,arabic-page,data/translations/ar.ts (arPages) via app/ar/[...slug]/page.tsx,true,true,true,ar,
https://saudiprivatetransfers.com/ar/نقل-من-العلا-الى-ينبع,/ar/نقل-من-العلا-الى-ينبع,arabic-page,data/translations/ar.ts (arPages) via app/ar/[...slug]/page.tsx,true,true,true,ar,
https://saudiprivatetransfers.com/ar/نقل-من-ينبع-الى-العلا,/ar/نقل-من-ينبع-الى-العلا,arabic-page,data/translations/ar.ts (arPages) via app/ar/[...slug]/page.tsx,true,true,true,ar,
https://saudiprivatetransfers.com/ar/نقل-من-حائل-الى-المدينة-المنورة,/ar/نقل-من-حائل-الى-المدينة-المنورة,arabic-page,data/translations/ar.ts (arPages) via app/ar/[...slug]/page.tsx,true,true,true,ar,
https://saudiprivatetransfers.com/ar/نقل-من-المدينة-المنورة-الى-حائل,/ar/نقل-من-المدينة-المنورة-الى-حائل,arabic-page,data/translations/ar.ts (arPages) via app/ar/[...slug]/page.tsx,true,true,true,ar,
https://saudiprivatetransfers.com/ar/نقل-من-مطار-العلا-الى-الرياض,/ar/نقل-من-مطار-العلا-الى-الرياض,arabic-page,data/translations/ar.ts (arPages) via app/ar/[...slug]/page.tsx,true,true,true,ar,
https://saudiprivatetransfers.com/ar/نقل-من-مطار-العلا-الى-جدة,/ar/نقل-من-مطار-العلا-الى-جدة,arabic-page,data/translations/ar.ts (arPages) via app/ar/[...slug]/page.tsx,true,true,true,ar,
https://saudiprivatetransfers.com/ar/نقل-من-مطار-ابها-الى-جدة,/ar/نقل-من-مطار-ابها-الى-جدة,arabic-page,data/translations/ar.ts (arPages) via app/ar/[...slug]/page.tsx,true,true,true,ar,
https://saudiprivatetransfers.com/ar/نقل-من-مطار-ابها-الى-الرياض,/ar/نقل-من-مطار-ابها-الى-الرياض,arabic-page,data/translations/ar.ts (arPages) via app/ar/[...slug]/page.tsx,true,true,true,ar,
https://saudiprivatetransfers.com/ar/نقل-من-ينبع-الى-مطار-جدة,/ar/نقل-من-ينبع-الى-مطار-جدة,arabic-page,data/translations/ar.ts (arPages) via app/ar/[...slug]/page.tsx,true,true,true,ar,
https://saudiprivatetransfers.com/ar/نقل-من-مطار-جدة-الى-ينبع,/ar/نقل-من-مطار-جدة-الى-ينبع,arabic-page,data/translations/ar.ts (arPages) via app/ar/[...slug]/page.tsx,true,true,true,ar,
https://saudiprivatetransfers.com/ar/نقل-من-الرياض-الى-جازان,/ar/نقل-من-الرياض-الى-جازان,arabic-page,data/translations/ar.ts (arPages) via app/ar/[...slug]/page.tsx,true,true,true,ar,
https://saudiprivatetransfers.com/ar/نقل-من-جازان-الى-الرياض,/ar/نقل-من-جازان-الى-الرياض,arabic-page,data/translations/ar.ts (arPages) via app/ar/[...slug]/page.tsx,true,true,true,ar,
https://saudiprivatetransfers.com/ar/نقل-من-الدمام-الى-منفذ-سلوى-قطر,/ar/نقل-من-الدمام-الى-منفذ-سلوى-قطر,arabic-page,data/translations/ar.ts (arPages) via app/ar/[...slug]/page.tsx,true,true,true,ar,
https://saudiprivatetransfers.com/ar/نقل-مطار-البحر-الأحمر-الدولي,/ar/نقل-مطار-البحر-الأحمر-الدولي,arabic-page,data/translations/ar.ts (arPages) via app/ar/[...slug]/page.tsx,true,true,true,ar,
https://saudiprivatetransfers.com/ar/نقل-مطار-الملك-خالد-إلى-مركز-الملك-عبدالله-المالي,/ar/نقل-مطار-الملك-خالد-إلى-مركز-الملك-عبدالله-المالي,arabic-page,data/translations/ar.ts (arPages) via app/ar/[...slug]/page.tsx,true,true,true,ar,
https://saudiprivatetransfers.com/ar/نقل-محطة-قطار-مكة-إلى-فنادق-الحرم,/ar/نقل-محطة-قطار-مكة-إلى-فنادق-الحرم,arabic-page,data/translations/ar.ts (arPages) via app/ar/[...slug]/page.tsx,true,true,true,ar,
https://saudiprivatetransfers.com/ar/نقل-محطة-قطار-المدينة-إلى-المسجد-النبوي,/ar/نقل-محطة-قطار-المدينة-إلى-المسجد-النبوي,arabic-page,data/translations/ar.ts (arPages) via app/ar/[...slug]/page.tsx,true,true,true,ar,
https://saudiprivatetransfers.com/ar/نقل-مطار-خليج-نيوم,/ar/نقل-مطار-خليج-نيوم,arabic-page,data/translations/ar.ts (arPages) via app/ar/[...slug]/page.tsx,true,true,true,ar,
https://saudiprivatetransfers.com/ar/نقل-خاص-من-الرياض-إلى-الدرعية,/ar/نقل-خاص-من-الرياض-إلى-الدرعية,arabic-page,data/translations/ar.ts (arPages) via app/ar/[...slug]/page.tsx,true,true,true,ar,
https://saudiprivatetransfers.com/ar/نقل-مطار-الرياض-إلى-مركز-المعارض-والمؤتمرات,/ar/نقل-مطار-الرياض-إلى-مركز-المعارض-والمؤتمرات,arabic-page,data/translations/ar.ts (arPages) via app/ar/[...slug]/page.tsx,true,true,true,ar,
https://saudiprivatetransfers.com/ar/نقل-مطار-العلا-إلى-منتجعات-وادي-عشار,/ar/نقل-مطار-العلا-إلى-منتجعات-وادي-عشار,arabic-page,data/translations/ar.ts (arPages) via app/ar/[...slug]/page.tsx,true,true,true,ar,
https://saudiprivatetransfers.com/ar/توصيل-من-مطار-الرياض-إلى-الرياض,/ar/توصيل-من-مطار-الرياض-إلى-الرياض,arabic-page,data/translations/ar.ts (arPages) via app/ar/[...slug]/page.tsx,true,true,true,ar,
https://saudiprivatetransfers.com/ar/توصيل-من-الرياض-إلى-مطار-الرياض,/ar/توصيل-من-الرياض-إلى-مطار-الرياض,arabic-page,data/translations/ar.ts (arPages) via app/ar/[...slug]/page.tsx,true,true,true,ar,
https://saudiprivatetransfers.com/ar/توصيل-من-مطار-جدة-إلى-جدة,/ar/توصيل-من-مطار-جدة-إلى-جدة,arabic-page,data/translations/ar.ts (arPages) via app/ar/[...slug]/page.tsx,true,true,true,ar,
https://saudiprivatetransfers.com/ar/توصيل-من-جدة-إلى-مطار-جدة,/ar/توصيل-من-جدة-إلى-مطار-جدة,arabic-page,data/translations/ar.ts (arPages) via app/ar/[...slug]/page.tsx,true,true,true,ar,
https://saudiprivatetransfers.com/ar/توصيل-من-مطار-المدينة-إلى-المدينة,/ar/توصيل-من-مطار-المدينة-إلى-المدينة,arabic-page,data/translations/ar.ts (arPages) via app/ar/[...slug]/page.tsx,true,true,true,ar,
https://saudiprivatetransfers.com/ar/توصيل-من-المدينة-إلى-مطار-المدينة,/ar/توصيل-من-المدينة-إلى-مطار-المدينة,arabic-page,data/translations/ar.ts (arPages) via app/ar/[...slug]/page.tsx,true,true,true,ar,
https://saudiprivatetransfers.com/ar/تاكسي-من-الرياض-إلى-الخرج,/ar/تاكسي-من-الرياض-إلى-الخرج,arabic-page,data/translations/ar.ts (arPages) via app/ar/[...slug]/page.tsx,true,true,true,ar,
https://saudiprivatetransfers.com/ar/تاكسي-من-الخرج-إلى-الرياض,/ar/تاكسي-من-الخرج-إلى-الرياض,arabic-page,data/translations/ar.ts (arPages) via app/ar/[...slug]/page.tsx,true,true,true,ar,
https://saudiprivatetransfers.com/ar/توصيل-من-الرياض-إلى-الدرعية,/ar/توصيل-من-الرياض-إلى-الدرعية,arabic-page,data/translations/ar.ts (arPages) via app/ar/[...slug]/page.tsx,true,true,true,ar,
https://saudiprivatetransfers.com/ar/توصيل-من-الدرعية-إلى-الرياض,/ar/توصيل-من-الدرعية-إلى-الرياض,arabic-page,data/translations/ar.ts (arPages) via app/ar/[...slug]/page.tsx,true,true,true,ar,
https://saudiprivatetransfers.com/ar/توصيل-من-الخبر-إلى-مطار-البحرين,/ar/توصيل-من-الخبر-إلى-مطار-البحرين,arabic-page,data/translations/ar.ts (arPages) via app/ar/[...slug]/page.tsx,true,true,true,ar,
https://saudiprivatetransfers.com/ar/توصيل-من-مطار-البحرين-إلى-الخبر,/ar/توصيل-من-مطار-البحرين-إلى-الخبر,arabic-page,data/translations/ar.ts (arPages) via app/ar/[...slug]/page.tsx,true,true,true,ar,
https://saudiprivatetransfers.com/ar/توصيل-من-الدمام-إلى-مطار-البحرين,/ar/توصيل-من-الدمام-إلى-مطار-البحرين,arabic-page,data/translations/ar.ts (arPages) via app/ar/[...slug]/page.tsx,true,true,true,ar,
https://saudiprivatetransfers.com/ar/توصيل-من-مطار-البحرين-إلى-الدمام,/ar/توصيل-من-مطار-البحرين-إلى-الدمام,arabic-page,data/translations/ar.ts (arPages) via app/ar/[...slug]/page.tsx,true,true,true,ar,
https://saudiprivatetransfers.com/ar/توصيل-من-ميناء-جدة-إلى-مكة,/ar/توصيل-من-ميناء-جدة-إلى-مكة,arabic-page,data/translations/ar.ts (arPages) via app/ar/[...slug]/page.tsx,true,true,true,ar,
https://saudiprivatetransfers.com/ar/توصيل-من-مكة-إلى-ميناء-جدة,/ar/توصيل-من-مكة-إلى-ميناء-جدة,arabic-page,data/translations/ar.ts (arPages) via app/ar/[...slug]/page.tsx,true,true,true,ar,
https://saudiprivatetransfers.com/ar/توصيل-من-مطار-البحر-الأحمر-إلى-أملج,/ar/توصيل-من-مطار-البحر-الأحمر-إلى-أملج,arabic-page,data/translations/ar.ts (arPages) via app/ar/[...slug]/page.tsx,true,true,true,ar,
https://saudiprivatetransfers.com/ar/توصيل-من-أملج-إلى-مطار-البحر-الأحمر,/ar/توصيل-من-أملج-إلى-مطار-البحر-الأحمر,arabic-page,data/translations/ar.ts (arPages) via app/ar/[...slug]/page.tsx,true,true,true,ar,
https://saudiprivatetransfers.com/ar/توصيل-من-مطار-العلا-إلى-العلا,/ar/توصيل-من-مطار-العلا-إلى-العلا,arabic-page,data/translations/ar.ts (arPages) via app/ar/[...slug]/page.tsx,true,true,true,ar,
https://saudiprivatetransfers.com/ar/توصيل-من-العلا-إلى-مطار-العلا,/ar/توصيل-من-العلا-إلى-مطار-العلا,arabic-page,data/translations/ar.ts (arPages) via app/ar/[...slug]/page.tsx,true,true,true,ar,
https://saudiprivatetransfers.com/ar/تاكسي-من-مكة-إلى-المدينة-المنورة,/ar/تاكسي-من-مكة-إلى-المدينة-المنورة,arabic-page,data/translations/ar.ts (arPages) via app/ar/[...slug]/page.tsx,true,true,true,ar,
https://saudiprivatetransfers.com/ar/تاكسي-من-المدينة-المنورة-إلى-مكة,/ar/تاكسي-من-المدينة-المنورة-إلى-مكة,arabic-page,data/translations/ar.ts (arPages) via app/ar/[...slug]/page.tsx,true,true,true,ar,
https://saudiprivatetransfers.com/ar/تاكسي-من-جدة-إلى-المدينة-المنورة,/ar/تاكسي-من-جدة-إلى-المدينة-المنورة,arabic-page,data/translations/ar.ts (arPages) via app/ar/[...slug]/page.tsx,true,true,true,ar,
https://saudiprivatetransfers.com/ar/تاكسي-من-المدينة-المنورة-إلى-جدة,/ar/تاكسي-من-المدينة-المنورة-إلى-جدة,arabic-page,data/translations/ar.ts (arPages) via app/ar/[...slug]/page.tsx,true,true,true,ar,
https://saudiprivatetransfers.com/ar/تاكسي-من-مكة-إلى-مدينة-جدة,/ar/تاكسي-من-مكة-إلى-مدينة-جدة,arabic-page,data/translations/ar.ts (arPages) via app/ar/[...slug]/page.tsx,true,true,true,ar,
https://saudiprivatetransfers.com/ar/تاكسي-من-الرياض-إلى-مدينة-الدمام,/ar/تاكسي-من-الرياض-إلى-مدينة-الدمام,arabic-page,data/translations/ar.ts (arPages) via app/ar/[...slug]/page.tsx,true,true,true,ar,
https://saudiprivatetransfers.com/ar/تاكسي-من-الدمام-إلى-مدينة-الرياض,/ar/تاكسي-من-الدمام-إلى-مدينة-الرياض,arabic-page,data/translations/ar.ts (arPages) via app/ar/[...slug]/page.tsx,true,true,true,ar,
https://saudiprivatetransfers.com/ar/تاكسي-من-الرياض-إلى-مدينة-جدة,/ar/تاكسي-من-الرياض-إلى-مدينة-جدة,arabic-page,data/translations/ar.ts (arPages) via app/ar/[...slug]/page.tsx,true,true,true,ar,
https://saudiprivatetransfers.com/ar/تاكسي-من-الرياض-إلى-العلا,/ar/تاكسي-من-الرياض-إلى-العلا,arabic-page,data/translations/ar.ts (arPages) via app/ar/[...slug]/page.tsx,true,true,true,ar,
https://saudiprivatetransfers.com/ar/تاكسي-من-المدينة-المنورة-إلى-العلا,/ar/تاكسي-من-المدينة-المنورة-إلى-العلا,arabic-page,data/translations/ar.ts (arPages) via app/ar/[...slug]/page.tsx,true,true,true,ar,
https://saudiprivatetransfers.com/ar/تاكسي-من-الخبر-إلى-مملكة-البحرين,/ar/تاكسي-من-الخبر-إلى-مملكة-البحرين,arabic-page,data/translations/ar.ts (arPages) via app/ar/[...slug]/page.tsx,true,true,true,ar,
https://saudiprivatetransfers.com/ar/تاكسي-من-الدمام-إلى-مملكة-البحرين,/ar/تاكسي-من-الدمام-إلى-مملكة-البحرين,arabic-page,data/translations/ar.ts (arPages) via app/ar/[...slug]/page.tsx,true,true,true,ar,
https://saudiprivatetransfers.com/ar/تاكسي-من-البحرين-إلى-مدينة-الخبر,/ar/تاكسي-من-البحرين-إلى-مدينة-الخبر,arabic-page,data/translations/ar.ts (arPages) via app/ar/[...slug]/page.tsx,true,true,true,ar,
https://saudiprivatetransfers.com/ar/توصيل-من-مطار-الدمام-إلى-مدينة-الخبر,/ar/توصيل-من-مطار-الدمام-إلى-مدينة-الخبر,arabic-page,data/translations/ar.ts (arPages) via app/ar/[...slug]/page.tsx,true,true,true,ar,
https://saudiprivatetransfers.com/ar/توصيل-من-مطار-الدمام-إلى-مملكة-البحرين,/ar/توصيل-من-مطار-الدمام-إلى-مملكة-البحرين,arabic-page,data/translations/ar.ts (arPages) via app/ar/[...slug]/page.tsx,true,true,true,ar,
https://saudiprivatetransfers.com/ar/توصيل-من-مطار-الدمام-إلى-مدينة-الظهران,/ar/توصيل-من-مطار-الدمام-إلى-مدينة-الظهران,arabic-page,data/translations/ar.ts (arPages) via app/ar/[...slug]/page.tsx,true,true,true,ar,
https://saudiprivatetransfers.com/ar/توصيل-من-الظهران-إلى-مطار-الدمام-الدولي,/ar/توصيل-من-الظهران-إلى-مطار-الدمام-الدولي,arabic-page,data/translations/ar.ts (arPages) via app/ar/[...slug]/page.tsx,true,true,true,ar,
https://saudiprivatetransfers.com/ar/تاكسي-من-الدمام-إلى-الهفوف-الأحساء,/ar/تاكسي-من-الدمام-إلى-الهفوف-الأحساء,arabic-page,data/translations/ar.ts (arPages) via app/ar/[...slug]/page.tsx,true,true,true,ar,
https://saudiprivatetransfers.com/ar/تاكسي-من-الهفوف-إلى-مدينة-الدمام,/ar/تاكسي-من-الهفوف-إلى-مدينة-الدمام,arabic-page,data/translations/ar.ts (arPages) via app/ar/[...slug]/page.tsx,true,true,true,ar,
https://saudiprivatetransfers.com/ar/تاكسي-من-الدمام-إلى-مدينة-بقيق,/ar/تاكسي-من-الدمام-إلى-مدينة-بقيق,arabic-page,data/translations/ar.ts (arPages) via app/ar/[...slug]/page.tsx,true,true,true,ar,
https://saudiprivatetransfers.com/ar/تاكسي-من-بقيق-إلى-مدينة-الدمام,/ar/تاكسي-من-بقيق-إلى-مدينة-الدمام,arabic-page,data/translations/ar.ts (arPages) via app/ar/[...slug]/page.tsx,true,true,true,ar,
https://saudiprivatetransfers.com/ar/توصيل-من-الدمام-إلى-منفذ-البطحاء-الإمارات,/ar/توصيل-من-الدمام-إلى-منفذ-البطحاء-الإمارات,arabic-page,data/translations/ar.ts (arPages) via app/ar/[...slug]/page.tsx,true,true,true,ar,
https://saudiprivatetransfers.com/ar/توصيل-من-الدمام-إلى-منفذ-الخفجي-الكويت,/ar/توصيل-من-الدمام-إلى-منفذ-الخفجي-الكويت,arabic-page,data/translations/ar.ts (arPages) via app/ar/[...slug]/page.tsx,true,true,true,ar,
https://saudiprivatetransfers.com/ar/توصيل-من-الرياض-إلى-منفذ-سلوى-قطر,/ar/توصيل-من-الرياض-إلى-منفذ-سلوى-قطر,arabic-page,data/translations/ar.ts (arPages) via app/ar/[...slug]/page.tsx,true,true,true,ar,
https://saudiprivatetransfers.com/ar/تاكسي-من-الدمام-إلى-دولة-الكويت,/ar/تاكسي-من-الدمام-إلى-دولة-الكويت,arabic-page,data/translations/ar.ts (arPages) via app/ar/[...slug]/page.tsx,true,true,true,ar,
https://saudiprivatetransfers.com/ar/المسافة-بين-جدة-ومكة,/ar/المسافة-بين-جدة-ومكة,arabic-page,data/translations/ar.ts (arPages) via app/ar/[...slug]/page.tsx,true,true,true,ar,
https://saudiprivatetransfers.com/ar/المسافة-بين-مكة-والمدينة-المنورة,/ar/المسافة-بين-مكة-والمدينة-المنورة,arabic-page,data/translations/ar.ts (arPages) via app/ar/[...slug]/page.tsx,true,true,true,ar,
https://saudiprivatetransfers.com/ar/المسافة-من-المدينة-المنورة-إلى-مكة,/ar/المسافة-من-المدينة-المنورة-إلى-مكة,arabic-page,data/translations/ar.ts (arPages) via app/ar/[...slug]/page.tsx,true,true,true,ar,
https://saudiprivatetransfers.com/ar/المسافة-بين-جدة-والمدينة-المنورة,/ar/المسافة-بين-جدة-والمدينة-المنورة,arabic-page,data/translations/ar.ts (arPages) via app/ar/[...slug]/page.tsx,true,true,true,ar,
https://saudiprivatetransfers.com/ar/المسافة-بين-الرياض-والدمام,/ar/المسافة-بين-الرياض-والدمام,arabic-page,data/translations/ar.ts (arPages) via app/ar/[...slug]/page.tsx,true,true,true,ar,
https://saudiprivatetransfers.com/ar/المسافة-من-الدمام-إلى-الرياض,/ar/المسافة-من-الدمام-إلى-الرياض,arabic-page,data/translations/ar.ts (arPages) via app/ar/[...slug]/page.tsx,true,true,true,ar,
https://saudiprivatetransfers.com/ar/المسافة-بين-الرياض-وجدة,/ar/المسافة-بين-الرياض-وجدة,arabic-page,data/translations/ar.ts (arPages) via app/ar/[...slug]/page.tsx,true,true,true,ar,
https://saudiprivatetransfers.com/ar/المسافة-بين-الرياض-والعلا,/ar/المسافة-بين-الرياض-والعلا,arabic-page,data/translations/ar.ts (arPages) via app/ar/[...slug]/page.tsx,true,true,true,ar,
https://saudiprivatetransfers.com/ar/المسافة-من-المدينة-المنورة-إلى-العلا,/ar/المسافة-من-المدينة-المنورة-إلى-العلا,arabic-page,data/translations/ar.ts (arPages) via app/ar/[...slug]/page.tsx,true,true,true,ar,
https://saudiprivatetransfers.com/ar/المسافة-بين-جدة-والطائف,/ar/المسافة-بين-جدة-والطائف,arabic-page,data/translations/ar.ts (arPages) via app/ar/[...slug]/page.tsx,true,true,true,ar,
https://saudiprivatetransfers.com/ar/المسافة-بين-الخبر-والبحرين,/ar/المسافة-بين-الخبر-والبحرين,arabic-page,data/translations/ar.ts (arPages) via app/ar/[...slug]/page.tsx,true,true,true,ar,
https://saudiprivatetransfers.com/ar/المسافة-بين-الدمام-والبحرين,/ar/المسافة-بين-الدمام-والبحرين,arabic-page,data/translations/ar.ts (arPages) via app/ar/[...slug]/page.tsx,true,true,true,ar,
https://saudiprivatetransfers.com/ar/المسافة-من-الرياض-إلى-الحدود-القطرية,/ar/المسافة-من-الرياض-إلى-الحدود-القطرية,arabic-page,data/translations/ar.ts (arPages) via app/ar/[...slug]/page.tsx,true,true,true,ar,
https://saudiprivatetransfers.com/ar/المسافة-بين-مطار-الدمام-والخبر,/ar/المسافة-بين-مطار-الدمام-والخبر,arabic-page,data/translations/ar.ts (arPages) via app/ar/[...slug]/page.tsx,true,true,true,ar,
https://saudiprivatetransfers.com/ar/المسافة-من-مكة-إلى-جدة,/ar/المسافة-من-مكة-إلى-جدة,arabic-page,data/translations/ar.ts (arPages) via app/ar/[...slug]/page.tsx,true,true,true,ar,
https://saudiprivatetransfers.com/ar/المسافة-من-المدينة-المنورة-إلى-جدة,/ar/المسافة-من-المدينة-المنورة-إلى-جدة,arabic-page,data/translations/ar.ts (arPages) via app/ar/[...slug]/page.tsx,true,true,true,ar,
https://saudiprivatetransfers.com/ar/المسافة-من-الطائف-إلى-جدة,/ar/المسافة-من-الطائف-إلى-جدة,arabic-page,data/translations/ar.ts (arPages) via app/ar/[...slug]/page.tsx,true,true,true,ar,
https://saudiprivatetransfers.com/ar/المسافة-بين-جدة-وينبع,/ar/المسافة-بين-جدة-وينبع,arabic-page,data/translations/ar.ts (arPages) via app/ar/[...slug]/page.tsx,true,true,true,ar,
https://saudiprivatetransfers.com/ar/المسافة-من-ينبع-إلى-جدة,/ar/المسافة-من-ينبع-إلى-جدة,arabic-page,data/translations/ar.ts (arPages) via app/ar/[...slug]/page.tsx,true,true,true,ar,
https://saudiprivatetransfers.com/ar/المسافة-بين-جدة-ومدينة-الملك-عبدالله-الاقتصادية,/ar/المسافة-بين-جدة-ومدينة-الملك-عبدالله-الاقتصادية,arabic-page,data/translations/ar.ts (arPages) via app/ar/[...slug]/page.tsx,true,true,true,ar,
https://saudiprivatetransfers.com/ar/المسافة-من-مدينة-الملك-عبدالله-الاقتصادية-إلى-جدة,/ar/المسافة-من-مدينة-الملك-عبدالله-الاقتصادية-إلى-جدة,arabic-page,data/translations/ar.ts (arPages) via app/ar/[...slug]/page.tsx,true,true,true,ar,
https://saudiprivatetransfers.com/ar/المسافة-من-مطار-الدمام-إلى-البحرين,/ar/المسافة-من-مطار-الدمام-إلى-البحرين,arabic-page,data/translations/ar.ts (arPages) via app/ar/[...slug]/page.tsx,true,true,true,ar,
https://saudiprivatetransfers.com/ar/المسافة-من-مطار-البحرين-إلى-الدمام,/ar/المسافة-من-مطار-البحرين-إلى-الدمام,arabic-page,data/translations/ar.ts (arPages) via app/ar/[...slug]/page.tsx,true,true,true,ar,
https://saudiprivatetransfers.com/ar/المسافة-من-البحرين-إلى-الخبر,/ar/المسافة-من-البحرين-إلى-الخبر,arabic-page,data/translations/ar.ts (arPages) via app/ar/[...slug]/page.tsx,true,true,true,ar,
https://saudiprivatetransfers.com/ar/المسافة-من-المنامة-إلى-الدمام,/ar/المسافة-من-المنامة-إلى-الدمام,arabic-page,data/translations/ar.ts (arPages) via app/ar/[...slug]/page.tsx,true,true,true,ar,
https://saudiprivatetransfers.com/ar/المسافة-من-الرياض-إلى-البحرين,/ar/المسافة-من-الرياض-إلى-البحرين,arabic-page,data/translations/ar.ts (arPages) via app/ar/[...slug]/page.tsx,true,true,true,ar,
https://saudiprivatetransfers.com/ar/المسافة-من-البحرين-إلى-الرياض,/ar/المسافة-من-البحرين-إلى-الرياض,arabic-page,data/translations/ar.ts (arPages) via app/ar/[...slug]/page.tsx,true,true,true,ar,
https://saudiprivatetransfers.com/ar/المسافة-من-الدمام-إلى-مدينة-الكويت,/ar/المسافة-من-الدمام-إلى-مدينة-الكويت,arabic-page,data/translations/ar.ts (arPages) via app/ar/[...slug]/page.tsx,true,true,true,ar,
https://saudiprivatetransfers.com/ar/المسافة-من-مدينة-الكويت-إلى-الدمام,/ar/المسافة-من-مدينة-الكويت-إلى-الدمام,arabic-page,data/translations/ar.ts (arPages) via app/ar/[...slug]/page.tsx,true,true,true,ar,
https://saudiprivatetransfers.com/ar/المسافة-من-الرياض-إلى-مدينة-الكويت,/ar/المسافة-من-الرياض-إلى-مدينة-الكويت,arabic-page,data/translations/ar.ts (arPages) via app/ar/[...slug]/page.tsx,true,true,true,ar,
https://saudiprivatetransfers.com/ar/المسافة-من-مدينة-الكويت-إلى-الرياض,/ar/المسافة-من-مدينة-الكويت-إلى-الرياض,arabic-page,data/translations/ar.ts (arPages) via app/ar/[...slug]/page.tsx,true,true,true,ar,
https://saudiprivatetransfers.com/ar/المسافة-من-مطار-الدمام-إلى-منفذ-الخفجي,/ar/المسافة-من-مطار-الدمام-إلى-منفذ-الخفجي,arabic-page,data/translations/ar.ts (arPages) via app/ar/[...slug]/page.tsx,true,true,true,ar,
https://saudiprivatetransfers.com/ar/المسافة-من-منفذ-الخفجي-إلى-مطار-الدمام,/ar/المسافة-من-منفذ-الخفجي-إلى-مطار-الدمام,arabic-page,data/translations/ar.ts (arPages) via app/ar/[...slug]/page.tsx,true,true,true,ar,
https://saudiprivatetransfers.com/ar/المسافة-من-الدمام-إلى-مطار-الكويت,/ar/المسافة-من-الدمام-إلى-مطار-الكويت,arabic-page,data/translations/ar.ts (arPages) via app/ar/[...slug]/page.tsx,true,true,true,ar,
https://saudiprivatetransfers.com/ar/المسافة-من-مطار-الكويت-إلى-الدمام,/ar/المسافة-من-مطار-الكويت-إلى-الدمام,arabic-page,data/translations/ar.ts (arPages) via app/ar/[...slug]/page.tsx,true,true,true,ar,
https://saudiprivatetransfers.com/ar/المسافة-من-مطار-الدمام-إلى-الدوحة,/ar/المسافة-من-مطار-الدمام-إلى-الدوحة,arabic-page,data/translations/ar.ts (arPages) via app/ar/[...slug]/page.tsx,true,true,true,ar,
https://saudiprivatetransfers.com/ar/المسافة-من-الدوحة-إلى-مطار-الدمام,/ar/المسافة-من-الدوحة-إلى-مطار-الدمام,arabic-page,data/translations/ar.ts (arPages) via app/ar/[...slug]/page.tsx,true,true,true,ar,
https://saudiprivatetransfers.com/ar/المسافة-من-الرياض-إلى-الدوحة,/ar/المسافة-من-الرياض-إلى-الدوحة,arabic-page,data/translations/ar.ts (arPages) via app/ar/[...slug]/page.tsx,true,true,true,ar,
https://saudiprivatetransfers.com/ar/المسافة-من-الدوحة-إلى-الرياض,/ar/المسافة-من-الدوحة-إلى-الرياض,arabic-page,data/translations/ar.ts (arPages) via app/ar/[...slug]/page.tsx,true,true,true,ar,
https://saudiprivatetransfers.com/ar/المسافة-من-الخبر-إلى-الدوحة,/ar/المسافة-من-الخبر-إلى-الدوحة,arabic-page,data/translations/ar.ts (arPages) via app/ar/[...slug]/page.tsx,true,true,true,ar,
https://saudiprivatetransfers.com/ar/المسافة-من-الدوحة-إلى-الخبر,/ar/المسافة-من-الدوحة-إلى-الخبر,arabic-page,data/translations/ar.ts (arPages) via app/ar/[...slug]/page.tsx,true,true,true,ar,
https://saudiprivatetransfers.com/ar/المسافة-من-الرياض-إلى-دبي,/ar/المسافة-من-الرياض-إلى-دبي,arabic-page,data/translations/ar.ts (arPages) via app/ar/[...slug]/page.tsx,true,true,true,ar,
https://saudiprivatetransfers.com/ar/المسافة-من-دبي-إلى-الرياض,/ar/المسافة-من-دبي-إلى-الرياض,arabic-page,data/translations/ar.ts (arPages) via app/ar/[...slug]/page.tsx,true,true,true,ar,
https://saudiprivatetransfers.com/ar/المسافة-من-الدمام-إلى-دبي,/ar/المسافة-من-الدمام-إلى-دبي,arabic-page,data/translations/ar.ts (arPages) via app/ar/[...slug]/page.tsx,true,true,true,ar,
https://saudiprivatetransfers.com/ar/المسافة-من-دبي-إلى-الدمام,/ar/المسافة-من-دبي-إلى-الدمام,arabic-page,data/translations/ar.ts (arPages) via app/ar/[...slug]/page.tsx,true,true,true,ar,
https://saudiprivatetransfers.com/ar/المسافة-من-الرياض-إلى-أبوظبي,/ar/المسافة-من-الرياض-إلى-أبوظبي,arabic-page,data/translations/ar.ts (arPages) via app/ar/[...slug]/page.tsx,true,true,true,ar,
https://saudiprivatetransfers.com/ar/المسافة-من-أبوظبي-إلى-الرياض,/ar/المسافة-من-أبوظبي-إلى-الرياض,arabic-page,data/translations/ar.ts (arPages) via app/ar/[...slug]/page.tsx,true,true,true,ar,
https://saudiprivatetransfers.com/ar/المسافة-من-الرياض-إلى-منفذ-البطحاء,/ar/المسافة-من-الرياض-إلى-منفذ-البطحاء,arabic-page,data/translations/ar.ts (arPages) via app/ar/[...slug]/page.tsx,true,true,true,ar,
https://saudiprivatetransfers.com/ar/المسافة-من-منفذ-البطحاء-إلى-الرياض,/ar/المسافة-من-منفذ-البطحاء-إلى-الرياض,arabic-page,data/translations/ar.ts (arPages) via app/ar/[...slug]/page.tsx,true,true,true,ar,
https://saudiprivatetransfers.com/ar/المسافة-من-الدمام-إلى-منفذ-البطحاء,/ar/المسافة-من-الدمام-إلى-منفذ-البطحاء,arabic-page,data/translations/ar.ts (arPages) via app/ar/[...slug]/page.tsx,true,true,true,ar,
https://saudiprivatetransfers.com/ar,/ar,homepage-ar,app/ar/page.tsx,true,true,false,,
https://saudiprivatetransfers.com/admin,/admin,admin-dashboard,app/(main)/admin/**,false,false,false,admin,Auth-protected (proxy.ts); disallowed in robots.txt
https://saudiprivatetransfers.com/admin/login,/admin/login,admin-login,app/(main)/admin/**,false,false,false,admin,Auth-protected (proxy.ts); disallowed in robots.txt
https://saudiprivatetransfers.com/admin/leads,/admin/leads,admin-leads-list,app/(main)/admin/**,false,false,false,admin,Auth-protected (proxy.ts); disallowed in robots.txt
https://saudiprivatetransfers.com/admin/quotations,/admin/quotations,admin-quotations-list,app/(main)/admin/**,false,false,false,admin,Auth-protected (proxy.ts); disallowed in robots.txt
https://saudiprivatetransfers.com/admin/quotations/new,/admin/quotations/new,admin-quotation-new,app/(main)/admin/**,false,false,false,admin,Auth-protected (proxy.ts); disallowed in robots.txt
https://saudiprivatetransfers.com/admin/invoices,/admin/invoices,admin-invoices-list,app/(main)/admin/**,false,false,false,admin,Auth-protected (proxy.ts); disallowed in robots.txt
https://saudiprivatetransfers.com/admin/invoices/new,/admin/invoices/new,admin-invoice-new,app/(main)/admin/**,false,false,false,admin,Auth-protected (proxy.ts); disallowed in robots.txt
https://saudiprivatetransfers.com/admin/settings,/admin/settings,admin-settings,app/(main)/admin/**,false,false,false,admin,Auth-protected (proxy.ts); disallowed in robots.txt
https://saudiprivatetransfers.com/admin/leads/{id},/admin/leads/{id},"admin-lead-detail (per-row, DB-driven — 38 leads as of this audit)",app/(main)/admin/(dashboard)/**/[id]/page.tsx,false,false,true,admin,"Auth-protected; count varies with DB rows, not a fixed URL count"
https://saudiprivatetransfers.com/admin/quotations/{id},/admin/quotations/{id},"admin-quotation-detail (per-row, DB-driven — 4 quotations as of this audit)",app/(main)/admin/(dashboard)/**/[id]/page.tsx,false,false,true,admin,"Auth-protected; count varies with DB rows, not a fixed URL count"
https://saudiprivatetransfers.com/admin/invoices/{id},/admin/invoices/{id},"admin-invoice-detail (per-row, DB-driven — 1 invoice as of this audit)",app/(main)/admin/(dashboard)/**/[id]/page.tsx,false,false,true,admin,"Auth-protected; count varies with DB rows, not a fixed URL count"
https://saudiprivatetransfers.com/invoice/{token},/invoice/{token},"public-invoice-view (per-row, DB-driven — 1 invoice as of this audit)",app/(main)/invoice/[token]/page.tsx | app/(main)/quote/[token]/page.tsx,false,false,true,form/quote-system,"Unguessable public_token (not the sequential DB id); no auth, security-through-obscurity by design"
https://saudiprivatetransfers.com/quote/{token},/quote/{token},"public-quotation-view (per-row, DB-driven — 4 quotations as of this audit)",app/(main)/invoice/[token]/page.tsx | app/(main)/quote/[token]/page.tsx,false,false,true,form/quote-system,"Unguessable public_token (not the sequential DB id); no auth, security-through-obscurity by design"
https://saudiprivatetransfers.com/sitemap,/sitemap,html-sitemap,app/(main)/sitemap/page.tsx,true,false,false,static,"DISCOVERED GAP: real, indexable page but not listed in app/sitemap.ts's staticPaths — not currently in sitemap.xml. Documented, not fixed (out of scope for this audit)."
https://saudiprivatetransfers.com/sitemap.xml,/sitemap.xml,system-file,app/sitemap.ts,false,false,true,system,
https://saudiprivatetransfers.com/robots.txt,/robots.txt,system-file,app/robots.ts,false,false,true,system,
https://saudiprivatetransfers.com/manifest.webmanifest,/manifest.webmanifest,system-file,app/manifest.ts,false,false,true,system,
https://saudiprivatetransfers.com/favicon.ico,/favicon.ico,system-file,app/ (static asset),false,false,false,system,
https://saudiprivatetransfers.com/icon.svg,/icon.svg,system-file,app/ (static asset),false,false,false,system,
https://saudiprivatetransfers.com/apple-icon.png,/apple-icon.png,system-file,app/ (static asset),false,false,false,system,
https://saudiprivatetransfers.com/api/leads,/api/leads,api-endpoint,app/api/leads/route.ts,false,false,false,form/quote-system,POST — public — lead/quote form submission
https://saudiprivatetransfers.com/api/quote/{token}/action,/api/quote/{token}/action,api-endpoint,app/api/quote/[id]/action/route.ts,false,false,true,form/quote-system,POST — public — client accept/decline action on a quotation
https://saudiprivatetransfers.com/api/whatsapp-click,/api/whatsapp-click,api-endpoint,app/api/whatsapp-click/route.ts,false,false,false,form/quote-system,POST — public — WhatsApp CTA click tracking
https://saudiprivatetransfers.com/api/admin/login,/api/admin/login,api-endpoint,app/api/admin/login/route.ts,false,false,false,admin,POST — admin — login
https://saudiprivatetransfers.com/api/admin/logout,/api/admin/logout,api-endpoint,app/api/admin/logout/route.ts,false,false,false,admin,POST — admin — logout
https://saudiprivatetransfers.com/api/admin/leads/{id},/api/admin/leads/{id},api-endpoint,app/api/admin/leads/[id]/route.ts,false,false,true,admin,GET/PATCH/DELETE — admin — lead detail/update/delete
https://saudiprivatetransfers.com/api/admin/leads/{id}/email,/api/admin/leads/{id}/email,api-endpoint,app/api/admin/leads/[id]/email/route.ts,false,false,true,admin,POST — admin — send a manual email re: a lead
https://saudiprivatetransfers.com/api/admin/invoices,/api/admin/invoices,api-endpoint,app/api/admin/invoices/route.ts,false,false,false,admin,GET/POST — admin — list/create invoices
https://saudiprivatetransfers.com/api/admin/invoices/{id},/api/admin/invoices/{id},api-endpoint,app/api/admin/invoices/[id]/route.ts,false,false,true,admin,GET/PATCH/DELETE — admin — invoice detail/update/delete
https://saudiprivatetransfers.com/api/admin/invoices/{id}/send-email,/api/admin/invoices/{id}/send-email,api-endpoint,app/api/admin/invoices/[id]/send-email/route.ts,false,false,true,admin,POST — admin — email an invoice to the client
https://saudiprivatetransfers.com/api/admin/quotations,/api/admin/quotations,api-endpoint,app/api/admin/quotations/route.ts,false,false,false,admin,GET/POST — admin — list/create quotations
https://saudiprivatetransfers.com/api/admin/quotations/{id},/api/admin/quotations/{id},api-endpoint,app/api/admin/quotations/[id]/route.ts,false,false,true,admin,GET/PATCH/DELETE — admin — quotation detail/update/delete
https://saudiprivatetransfers.com/api/admin/quotations/{id}/send-email,/api/admin/quotations/{id}/send-email,api-endpoint,app/api/admin/quotations/[id]/send-email/route.ts,false,false,true,admin,POST — admin — email a quotation to the client
https://saudiprivatetransfers.com/api/admin/quotations/{id}/send-confirmation,/api/admin/quotations/{id}/send-confirmation,api-endpoint,app/api/admin/quotations/[id]/send-confirmation/route.ts,false,false,true,admin,POST — admin — email a booking confirmation
(174 URLs — see DO_NOT_DELETE.md),/{city}/{airport-slug}-to-{hotel-slug} and /{city}/{hotel-slug}-to-{airport-slug},redirect-source (301),"lib/hotel-transfers.ts hotelTransfers[], executed in proxy.ts",false,false,true,redirects,"301s to /cities/{city}#hotels. NOT prerendered as pages (dynamicParams=false on [city]/[route]); must keep redirecting, not start 404ing or rendering real content."
(41 URLs — Arabic side),/ar/{arabic-hotel-transfer-slug},redirect-source (301),"data/translations/ar.ts (type: ""hotel-transfer"") via proxy.ts",false,false,true,redirects,301s to /ar/{city-hub-slug}#hotels. Arabic counterpart of the row above.
https://saudiprivatetransfers.com/index,/index,redirect-source (config),next.config.ts redirects(),false,false,false,redirects,301 -> /
https://saudiprivatetransfers.com/index.html,/index.html,redirect-source (config),next.config.ts redirects(),false,false,false,redirects,301 -> /
https://saudiprivatetransfers.com/index.php,/index.php,redirect-source (config),next.config.ts redirects(),false,false,false,redirects,301 -> /
https://www.saudiprivatetransfers.com/*,https://www.saudiprivatetransfers.com/*,redirect-source (config),next.config.ts redirects(),false,false,false,redirects,"301 (host-based, www -> apex) -> https://saudiprivatetransfers.com/*"
https://saudiprivatetransfers.com/blog/king-fahd-causeway-private-taxi-guide,/blog/king-fahd-causeway-private-taxi-guide,redirect-source (config),next.config.ts redirects(),false,false,false,redirects,301 -> /blog/saudi-to-bahrain-taxi-king-fahd-causeway
https://saudiprivatetransfers.com/blog/riyadh-airport-transfer-guide,/blog/riyadh-airport-transfer-guide,redirect-source (config),next.config.ts redirects(),false,false,false,redirects,301 -> /blog/riyadh-airport-transfer-business-travelers
https://saudiprivatetransfers.com/blog/complete-umrah-transport-guide-2025,/blog/complete-umrah-transport-guide-2025,redirect-source (config),next.config.ts redirects(),false,false,false,redirects,301 -> /blog/umrah-transport-makkah-madinah-guide
https://saudiprivatetransfers.com/blog/private-taxi-vs-uber-careem-saudi-arabia,/blog/private-taxi-vs-uber-careem-saudi-arabia,redirect-source (config),next.config.ts redirects(),false,false,false,redirects,301 -> /blog/uber-vs-careem-vs-private-transfer-saudi-arabia
https://saudiprivatetransfers.com/blog/jeddah-airport-arrival-guide-tourist-expat,/blog/jeddah-airport-arrival-guide-tourist-expat,redirect-source (config),next.config.ts redirects(),false,false,false,redirects,301 -> /blog/what-to-do-after-landing-at-jeddah-airport
https://saudiprivatetransfers.com/ar/تاكسي-عمرة,/ar/تاكسي-عمرة,redirect-source (in-app),app/ar/[...slug]/page.tsx LEGACY_AR_ALIASES,false,false,false,redirects,301 -> /ar/نقل-العمرة
https://saudiprivatetransfers.com/ar/النقل-الحدودي,/ar/النقل-الحدودي,redirect-source (in-app),app/ar/[...slug]/page.tsx LEGACY_AR_ALIASES,false,false,false,redirects,301 -> /ar/النقل-عبر-الحدود
