page_a,page_b,jaccard_5gram
/blog/hajj-transport-guide-makkah-mina-arafat,/blog/travel-documents-bahrain-to-saudi-arabia,0.0382
/blog/hajj-transport-guide-makkah-mina-arafat,/blog/bahrain-to-saudi-arabia-by-road,0.0369
/blog/hajj-transport-guide-makkah-mina-arafat,/blog/best-vehicle-for-cross-border-travel,0.0371
/blog/hajj-transport-guide-makkah-mina-arafat,/blog/business-travel-bahrain-dammam-guide,0.0353
/blog/hajj-transport-guide-makkah-mina-arafat,/blog/gcc-residents-road-travel-to-saudi-arabia,0.0360
/blog/hajj-transport-guide-makkah-mina-arafat,/blog/diriyah-taxi-transfer-guide,0.0374
/blog/hajj-transport-guide-makkah-mina-arafat,/blog/family-travel-bahrain-to-saudi-arabia,0.0349
/blog/hajj-transport-guide-makkah-mina-arafat,/blog/riyadh-season-transport-guide,0.0335
/blog/hajj-transport-guide-makkah-mina-arafat,/blog/child-car-seat-law-saudi-arabia,0.0369
/blog/hajj-transport-guide-makkah-mina-arafat,/blog/riyadh-to-alula-road-trip-guide,0.0322
/blog/hajj-transport-guide-makkah-mina-arafat,/blog/madinah-to-yanbu-transfer-guide,0.0365
/blog/hajj-transport-guide-makkah-mina-arafat,/blog/ai-travel-planning-vs-local-experts-saudi-arabia,0.0300
/blog/hajj-transport-guide-makkah-mina-arafat,/blog/friday-prayer-travel-tips-saudi-arabia,0.0296
/blog/hajj-transport-guide-makkah-mina-arafat,/blog/saudi-arabia-travel-scams-tourists-should-know,0.0307
/blog/hajj-transport-guide-makkah-mina-arafat,/blog/hotel-near-haram-what-to-know-before-booking,0.0303
/blog/hajj-transport-guide-makkah-mina-arafat,/blog/saudi-arabia-airport-wifi-guide,0.0282
/blog/hajj-transport-guide-makkah-mina-arafat,/blog/best-cashless-payment-apps-saudi-arabia,0.0295
/blog/hajj-transport-guide-makkah-mina-arafat,/blog/what-happens-if-flight-to-saudi-arabia-delayed,0.0265
/blog/hajj-transport-guide-makkah-mina-arafat,/blog/saudi-arabia-with-elderly-parents-travel-tips,0.0273
/blog/hajj-transport-guide-makkah-mina-arafat,/blog/is-saudi-arabia-safe-for-solo-tourists-2026,0.0268
/blog/hajj-transport-guide-makkah-mina-arafat,/blog/saudi-arabia-in-august-weather-crowds-travel-tips,0.0414
/blog/hajj-transport-guide-makkah-mina-arafat,/blog/saudi-airport-transfer-tips,0.0256
/blog/hajj-transport-guide-makkah-mina-arafat,/blog/saudi-arabia-digital-nomad-guide,0.0277
/blog/hajj-transport-guide-makkah-mina-arafat,/blog/king-fahd-causeway-guide,0.0266
/blog/hajj-transport-guide-makkah-mina-arafat,/blog/dammam-travel-guide,0.0266
/blog/hajj-transport-guide-makkah-mina-arafat,/blog/saudi-airport-pickup-guide,0.0262
/blog/hajj-transport-guide-makkah-mina-arafat,/blog/saudi-arabia-business-travel-guide-2027,0.0275
/blog/hajj-transport-guide-makkah-mina-arafat,/blog/dammam-to-bahrain-travel-guide,0.0263
/blog/hajj-transport-guide-makkah-mina-arafat,/blog/king-fahd-international-airport-complete-guide,0.0266
/blog/hajj-transport-guide-makkah-mina-arafat,/blog/best-hotels-near-dammam-airport,0.0289
/blog/hajj-transport-guide-makkah-mina-arafat,/blog/saudi-arabia-entry-requirements-2027,0.0235
/blog/hajj-transport-guide-makkah-mina-arafat,/blog/how-to-exchange-currency-in-saudi-arabia,0.0312
/blog/hajj-transport-guide-makkah-mina-arafat,/blog/what-to-wear-in-saudi-arabia-tourist,0.0347
/blog/hajj-transport-guide-makkah-mina-arafat,/blog/how-much-cash-to-carry-in-saudi-arabia,0.0300
/blog/hajj-transport-guide-makkah-mina-arafat,/blog/saudi-arabia-travel-checklist-before-flight,0.0316
/blog/hajj-transport-guide-makkah-mina-arafat,/blog/common-mistakes-tourists-make-in-saudi-arabia,0.0544
/blog/hajj-transport-guide-makkah-mina-arafat,/blog/saudi-arabia-sim-card-guide-tourists,0.0281
/blog/hajj-transport-guide-makkah-mina-arafat,/blog/uber-vs-careem-vs-private-transfer-saudi-arabia,0.0313
/blog/hajj-transport-guide-makkah-mina-arafat,/blog/what-to-do-after-landing-at-jeddah-airport,0.0322
/blog/hajj-transport-guide-makkah-mina-arafat,/blog/documents-needed-to-travel-to-saudi-arabia,0.0316
/blog/hajj-transport-guide-makkah-mina-arafat,/blog/jeddah-airport-terminal-guide-jed,0.0315
/blog/hajj-transport-guide-makkah-mina-arafat,/blog/riyadh-air-what-travelers-should-know,0.0292
/blog/hajj-transport-guide-makkah-mina-arafat,/blog/jeddah-to-alula-transport-options,0.0328
/blog/hajj-transport-guide-makkah-mina-arafat,/blog/best-day-trips-from-riyadh-private-driver,0.0292
/blog/hajj-transport-guide-makkah-mina-arafat,/blog/neom-travel-guide-2026,0.0422
/blog/hajj-transport-guide-makkah-mina-arafat,/blog/red-sea-project-travel-guide,0.0338
/blog/hajj-transport-guide-makkah-mina-arafat,/blog/saudi-tourist-visa-2026-guide,0.0334
/blog/hajj-transport-guide-makkah-mina-arafat,/blog/can-tourists-drive-in-saudi-arabia,0.0333
/blog/hajj-transport-guide-makkah-mina-arafat,/blog/jeddah-season-2026-events-attractions-guide,0.0278
/blog/hajj-transport-guide-makkah-mina-arafat,/blog/saudi-school-public-holidays-2027,0.0317
/blog/hajj-transport-guide-makkah-mina-arafat,/blog/best-places-to-visit-taif-summer,0.0278
/blog/hajj-transport-guide-makkah-mina-arafat,/blog/saudi-national-day-2026-best-cities,0.0322
/blog/hajj-transport-guide-makkah-mina-arafat,/blog/fifa-world-cup-2034-saudi-arabia-travel-planning,0.0312
/blog/hajj-transport-guide-makkah-mina-arafat,/blog/riyadh-expo-2030-preparations,0.0308
/blog/hajj-transport-guide-makkah-mina-arafat,/blog/saudi-arabia-tourism-projects-2027,0.0323
/blog/hajj-transport-guide-makkah-mina-arafat,/blog/hajj-2027-registration-permit-updates,0.0415
/blog/hajj-transport-guide-makkah-mina-arafat,/blog/nusuk-app-umrah-guide,0.0224
/blog/hajj-transport-guide-makkah-mina-arafat,/blog/cost-of-umrah-trip-2026,0.0220
/blog/hajj-transport-guide-makkah-mina-arafat,/blog/private-chauffeur-vs-ride-hailing-saudi-arabia,0.0312
/blog/hajj-transport-guide-makkah-mina-arafat,/blog/solo-female-pilgrim-travel-saudi-arabia,0.0220
/blog/hajj-transport-guide-makkah-mina-arafat,/blog/ramadan-2026-makkah-transport-guide,0.0210
/blog/hajj-transport-guide-makkah-mina-arafat,/blog/riyadh-metro-vs-taxi,0.0296
/blog/hajj-transport-guide-makkah-mina-arafat,/blog/alula-travel-guide-2026,0.0314
/blog/hajj-transport-guide-makkah-mina-arafat,/blog/king-salman-airport-transfers-guide,0.0296
/blog/hajj-transport-guide-makkah-mina-arafat,/blog/transportation-mistakes-pilgrims,0.0217
/blog/hajj-transport-guide-makkah-mina-arafat,/blog/miqat-locations-for-umrah,0.0202
/blog/hajj-transport-guide-makkah-mina-arafat,/blog/new-saudi-umrah-visa-rules-2026,0.0206
/blog/hajj-transport-guide-makkah-mina-arafat,/blog/vip-transfer-jeddah-airport-to-makkah,0.0227
/blog/hajj-transport-guide-makkah-mina-arafat,/blog/makkah-madinah-train-vs-taxi,0.0213
/blog/hajj-transport-guide-makkah-mina-arafat,/blog/umrah-with-children,0.0201
/blog/hajj-transport-guide-makkah-mina-arafat,/blog/how-to-travel-between-makkah-madinah-jeddah,0.0243
/blog/hajj-transport-guide-makkah-mina-arafat,/blog/umrah-for-elderly-pilgrims,0.0200
/blog/hajj-transport-guide-makkah-mina-arafat,/blog/complete-guide-to-masjid-al-haram,0.0218
/blog/hajj-transport-guide-makkah-mina-arafat,/blog/common-questions-first-time-umrah-pilgrims,0.0234
/blog/hajj-transport-guide-makkah-mina-arafat,/blog/jeddah-airport-arrival-guide-umrah,0.0227
/blog/hajj-transport-guide-makkah-mina-arafat,/blog/saudi-arabia-entry-requirements-pilgrims-2026,0.0232
/blog/hajj-transport-guide-makkah-mina-arafat,/blog/essential-duas-for-umrah-and-hajj,0.0220
/blog/hajj-transport-guide-makkah-mina-arafat,/blog/difference-between-hajj-and-umrah,0.0230
/blog/hajj-transport-guide-makkah-mina-arafat,/blog/first-time-visiting-makkah-guide,0.0223
/blog/hajj-transport-guide-makkah-mina-arafat,/blog/first-time-visiting-madinah-guide,0.0228
/blog/hajj-transport-guide-makkah-mina-arafat,/blog/best-time-to-perform-umrah-2026,0.0218
/blog/hajj-transport-guide-makkah-mina-arafat,/blog/madinah-ziyarat-historic-sites-guide,0.0230
/blog/hajj-transport-guide-makkah-mina-arafat,/blog/what-to-pack-for-umrah-checklist,0.0200
/blog/hajj-transport-guide-makkah-mina-arafat,/blog/main-rituals-of-hajj-explained,0.0237
/blog/hajj-transport-guide-makkah-mina-arafat,/blog/common-mistakes-to-avoid-during-umrah,0.0208
/blog/hajj-transport-guide-makkah-mina-arafat,/blog/umrah-transport-makkah-madinah-guide,0.0290
/blog/hajj-transport-guide-makkah-mina-arafat,/blog/riyadh-to-dammam-taxi-guide,0.0289
/blog/hajj-transport-guide-makkah-mina-arafat,/blog/how-to-perform-umrah-step-by-step-guide,0.0207
/blog/hajj-transport-guide-makkah-mina-arafat,/blog/saudi-to-bahrain-taxi-king-fahd-causeway,0.0284
/blog/hajj-transport-guide-makkah-mina-arafat,/blog/saudi-arabia-intercity-taxi-services-guide,0.0275
/blog/hajj-transport-guide-makkah-mina-arafat,/blog/makkah-to-madinah-private-taxi-guide,0.0272
/blog/hajj-transport-guide-makkah-mina-arafat,/blog/riyadh-airport-transfer-business-travelers,0.0276
/blog/hajj-transport-guide-makkah-mina-arafat,/blog/jeddah-to-taif-taxi-guide,0.0284
/blog/hajj-transport-guide-makkah-mina-arafat,/blog/top-tourist-destinations-private-taxi-saudi-arabia,0.0288
/blog/hajj-transport-guide-makkah-mina-arafat,/blog/taxi-cost-saudi-arabia-price-guide,0.0278
/blog/hajj-transport-guide-makkah-mina-arafat,/blog/jeddah-airport-to-makkah-taxi-service-guide,0.0252
/blog/travel-documents-bahrain-to-saudi-arabia,/blog/bahrain-to-saudi-arabia-by-road,0.0725
/blog/travel-documents-bahrain-to-saudi-arabia,/blog/best-vehicle-for-cross-border-travel,0.0706
/blog/travel-documents-bahrain-to-saudi-arabia,/blog/business-travel-bahrain-dammam-guide,0.0699
/blog/travel-documents-bahrain-to-saudi-arabia,/blog/gcc-residents-road-travel-to-saudi-arabia,0.1064
/blog/travel-documents-bahrain-to-saudi-arabia,/blog/diriyah-taxi-transfer-guide,0.0417
/blog/travel-documents-bahrain-to-saudi-arabia,/blog/family-travel-bahrain-to-saudi-arabia,0.0866
/blog/travel-documents-bahrain-to-saudi-arabia,/blog/riyadh-season-transport-guide,0.0360
/blog/travel-documents-bahrain-to-saudi-arabia,/blog/child-car-seat-law-saudi-arabia,0.0362
/blog/travel-documents-bahrain-to-saudi-arabia,/blog/riyadh-to-alula-road-trip-guide,0.0412
/blog/travel-documents-bahrain-to-saudi-arabia,/blog/madinah-to-yanbu-transfer-guide,0.0470
/blog/travel-documents-bahrain-to-saudi-arabia,/blog/ai-travel-planning-vs-local-experts-saudi-arabia,0.0334
/blog/travel-documents-bahrain-to-saudi-arabia,/blog/friday-prayer-travel-tips-saudi-arabia,0.0324
/blog/travel-documents-bahrain-to-saudi-arabia,/blog/saudi-arabia-travel-scams-tourists-should-know,0.0334
/blog/travel-documents-bahrain-to-saudi-arabia,/blog/hotel-near-haram-what-to-know-before-booking,0.0337
/blog/travel-documents-bahrain-to-saudi-arabia,/blog/saudi-arabia-airport-wifi-guide,0.0306
/blog/travel-documents-bahrain-to-saudi-arabia,/blog/best-cashless-payment-apps-saudi-arabia,0.0319
/blog/travel-documents-bahrain-to-saudi-arabia,/blog/what-happens-if-flight-to-saudi-arabia-delayed,0.0286
/blog/travel-documents-bahrain-to-saudi-arabia,/blog/saudi-arabia-with-elderly-parents-travel-tips,0.0302
/blog/travel-documents-bahrain-to-saudi-arabia,/blog/is-saudi-arabia-safe-for-solo-tourists-2026,0.0281
/blog/travel-documents-bahrain-to-saudi-arabia,/blog/saudi-arabia-in-august-weather-crowds-travel-tips,0.0256
/blog/travel-documents-bahrain-to-saudi-arabia,/blog/saudi-airport-transfer-tips,0.0333
/blog/travel-documents-bahrain-to-saudi-arabia,/blog/saudi-arabia-digital-nomad-guide,0.0300
/blog/travel-documents-bahrain-to-saudi-arabia,/blog/king-fahd-causeway-guide,0.0513
/blog/travel-documents-bahrain-to-saudi-arabia,/blog/dammam-travel-guide,0.0332
/blog/travel-documents-bahrain-to-saudi-arabia,/blog/saudi-airport-pickup-guide,0.0318
/blog/travel-documents-bahrain-to-saudi-arabia,/blog/saudi-arabia-business-travel-guide-2027,0.0348
/blog/travel-documents-bahrain-to-saudi-arabia,/blog/dammam-to-bahrain-travel-guide,0.0488
/blog/travel-documents-bahrain-to-saudi-arabia,/blog/king-fahd-international-airport-complete-guide,0.0288
/blog/travel-documents-bahrain-to-saudi-arabia,/blog/best-hotels-near-dammam-airport,0.0359
/blog/travel-documents-bahrain-to-saudi-arabia,/blog/saudi-arabia-entry-requirements-2027,0.0276
/blog/travel-documents-bahrain-to-saudi-arabia,/blog/how-to-exchange-currency-in-saudi-arabia,0.0359
/blog/travel-documents-bahrain-to-saudi-arabia,/blog/what-to-wear-in-saudi-arabia-tourist,0.0373
/blog/travel-documents-bahrain-to-saudi-arabia,/blog/how-much-cash-to-carry-in-saudi-arabia,0.0333
/blog/travel-documents-bahrain-to-saudi-arabia,/blog/saudi-arabia-travel-checklist-before-flight,0.0369
/blog/travel-documents-bahrain-to-saudi-arabia,/blog/common-mistakes-tourists-make-in-saudi-arabia,0.0338
/blog/travel-documents-bahrain-to-saudi-arabia,/blog/saudi-arabia-sim-card-guide-tourists,0.0314
/blog/travel-documents-bahrain-to-saudi-arabia,/blog/uber-vs-careem-vs-private-transfer-saudi-arabia,0.0356
/blog/travel-documents-bahrain-to-saudi-arabia,/blog/what-to-do-after-landing-at-jeddah-airport,0.0357
/blog/travel-documents-bahrain-to-saudi-arabia,/blog/documents-needed-to-travel-to-saudi-arabia,0.0355
/blog/travel-documents-bahrain-to-saudi-arabia,/blog/jeddah-airport-terminal-guide-jed,0.0341
/blog/travel-documents-bahrain-to-saudi-arabia,/blog/riyadh-air-what-travelers-should-know,0.0344
/blog/travel-documents-bahrain-to-saudi-arabia,/blog/jeddah-to-alula-transport-options,0.0350
/blog/travel-documents-bahrain-to-saudi-arabia,/blog/best-day-trips-from-riyadh-private-driver,0.0349
/blog/travel-documents-bahrain-to-saudi-arabia,/blog/neom-travel-guide-2026,0.0349
/blog/travel-documents-bahrain-to-saudi-arabia,/blog/red-sea-project-travel-guide,0.0290
/blog/travel-documents-bahrain-to-saudi-arabia,/blog/saudi-tourist-visa-2026-guide,0.0338
/blog/travel-documents-bahrain-to-saudi-arabia,/blog/can-tourists-drive-in-saudi-arabia,0.0377
/blog/travel-documents-bahrain-to-saudi-arabia,/blog/jeddah-season-2026-events-attractions-guide,0.0288
/blog/travel-documents-bahrain-to-saudi-arabia,/blog/saudi-school-public-holidays-2027,0.0342
/blog/travel-documents-bahrain-to-saudi-arabia,/blog/best-places-to-visit-taif-summer,0.0299
/blog/travel-documents-bahrain-to-saudi-arabia,/blog/saudi-national-day-2026-best-cities,0.0346
/blog/travel-documents-bahrain-to-saudi-arabia,/blog/fifa-world-cup-2034-saudi-arabia-travel-planning,0.0342
/blog/travel-documents-bahrain-to-saudi-arabia,/blog/riyadh-expo-2030-preparations,0.0357
/blog/travel-documents-bahrain-to-saudi-arabia,/blog/saudi-arabia-tourism-projects-2027,0.0323
/blog/travel-documents-bahrain-to-saudi-arabia,/blog/hajj-2027-registration-permit-updates,0.0239
/blog/travel-documents-bahrain-to-saudi-arabia,/blog/nusuk-app-umrah-guide,0.0242
/blog/travel-documents-bahrain-to-saudi-arabia,/blog/cost-of-umrah-trip-2026,0.0227
/blog/travel-documents-bahrain-to-saudi-arabia,/blog/private-chauffeur-vs-ride-hailing-saudi-arabia,0.0329
/blog/travel-documents-bahrain-to-saudi-arabia,/blog/solo-female-pilgrim-travel-saudi-arabia,0.0227
/blog/travel-documents-bahrain-to-saudi-arabia,/blog/ramadan-2026-makkah-transport-guide,0.0226
/blog/travel-documents-bahrain-to-saudi-arabia,/blog/riyadh-metro-vs-taxi,0.0336
/blog/travel-documents-bahrain-to-saudi-arabia,/blog/alula-travel-guide-2026,0.0340
/blog/travel-documents-bahrain-to-saudi-arabia,/blog/king-salman-airport-transfers-guide,0.0320
/blog/travel-documents-bahrain-to-saudi-arabia,/blog/transportation-mistakes-pilgrims,0.0228
/blog/travel-documents-bahrain-to-saudi-arabia,/blog/miqat-locations-for-umrah,0.0222
/blog/travel-documents-bahrain-to-saudi-arabia,/blog/new-saudi-umrah-visa-rules-2026,0.0236
/blog/travel-documents-bahrain-to-saudi-arabia,/blog/vip-transfer-jeddah-airport-to-makkah,0.0230
/blog/travel-documents-bahrain-to-saudi-arabia,/blog/makkah-madinah-train-vs-taxi,0.0217
/blog/travel-documents-bahrain-to-saudi-arabia,/blog/umrah-with-children,0.0222
/blog/travel-documents-bahrain-to-saudi-arabia,/blog/how-to-travel-between-makkah-madinah-jeddah,0.0243
/blog/travel-documents-bahrain-to-saudi-arabia,/blog/umrah-for-elderly-pilgrims,0.0218
/blog/travel-documents-bahrain-to-saudi-arabia,/blog/complete-guide-to-masjid-al-haram,0.0247
/blog/travel-documents-bahrain-to-saudi-arabia,/blog/common-questions-first-time-umrah-pilgrims,0.0258
/blog/travel-documents-bahrain-to-saudi-arabia,/blog/jeddah-airport-arrival-guide-umrah,0.0244
/blog/travel-documents-bahrain-to-saudi-arabia,/blog/saudi-arabia-entry-requirements-pilgrims-2026,0.0255
/blog/travel-documents-bahrain-to-saudi-arabia,/blog/essential-duas-for-umrah-and-hajj,0.0250
/blog/travel-documents-bahrain-to-saudi-arabia,/blog/difference-between-hajj-and-umrah,0.0258
/blog/travel-documents-bahrain-to-saudi-arabia,/blog/first-time-visiting-makkah-guide,0.0258
/blog/travel-documents-bahrain-to-saudi-arabia,/blog/first-time-visiting-madinah-guide,0.0258
/blog/travel-documents-bahrain-to-saudi-arabia,/blog/best-time-to-perform-umrah-2026,0.0244
/blog/travel-documents-bahrain-to-saudi-arabia,/blog/madinah-ziyarat-historic-sites-guide,0.0235
/blog/travel-documents-bahrain-to-saudi-arabia,/blog/what-to-pack-for-umrah-checklist,0.0232
/blog/travel-documents-bahrain-to-saudi-arabia,/blog/main-rituals-of-hajj-explained,0.0234
/blog/travel-documents-bahrain-to-saudi-arabia,/blog/common-mistakes-to-avoid-during-umrah,0.0239
/blog/travel-documents-bahrain-to-saudi-arabia,/blog/umrah-transport-makkah-madinah-guide,0.0569
/blog/travel-documents-bahrain-to-saudi-arabia,/blog/riyadh-to-dammam-taxi-guide,0.0409
/blog/travel-documents-bahrain-to-saudi-arabia,/blog/how-to-perform-umrah-step-by-step-guide,0.0245
/blog/travel-documents-bahrain-to-saudi-arabia,/blog/saudi-to-bahrain-taxi-king-fahd-causeway,0.1049
/blog/travel-documents-bahrain-to-saudi-arabia,/blog/saudi-arabia-intercity-taxi-services-guide,0.0348
/blog/travel-documents-bahrain-to-saudi-arabia,/blog/makkah-to-madinah-private-taxi-guide,0.0343
/blog/travel-documents-bahrain-to-saudi-arabia,/blog/riyadh-airport-transfer-business-travelers,0.0374
/blog/travel-documents-bahrain-to-saudi-arabia,/blog/jeddah-to-taif-taxi-guide,0.0372
/blog/travel-documents-bahrain-to-saudi-arabia,/blog/top-tourist-destinations-private-taxi-saudi-arabia,0.0319
/blog/travel-documents-bahrain-to-saudi-arabia,/blog/taxi-cost-saudi-arabia-price-guide,0.0329
/blog/travel-documents-bahrain-to-saudi-arabia,/blog/jeddah-airport-to-makkah-taxi-service-guide,0.0312
/blog/bahrain-to-saudi-arabia-by-road,/blog/best-vehicle-for-cross-border-travel,0.0860
/blog/bahrain-to-saudi-arabia-by-road,/blog/business-travel-bahrain-dammam-guide,0.0848
/blog/bahrain-to-saudi-arabia-by-road,/blog/gcc-residents-road-travel-to-saudi-arabia,0.0613
/blog/bahrain-to-saudi-arabia-by-road,/blog/diriyah-taxi-transfer-guide,0.0392
/blog/bahrain-to-saudi-arabia-by-road,/blog/family-travel-bahrain-to-saudi-arabia,0.0886
/blog/bahrain-to-saudi-arabia-by-road,/blog/riyadh-season-transport-guide,0.0368
/blog/bahrain-to-saudi-arabia-by-road,/blog/child-car-seat-law-saudi-arabia,0.0370
/blog/bahrain-to-saudi-arabia-by-road,/blog/riyadh-to-alula-road-trip-guide,0.0424
/blog/bahrain-to-saudi-arabia-by-road,/blog/madinah-to-yanbu-transfer-guide,0.0499
/blog/bahrain-to-saudi-arabia-by-road,/blog/ai-travel-planning-vs-local-experts-saudi-arabia,0.0341
/blog/bahrain-to-saudi-arabia-by-road,/blog/friday-prayer-travel-tips-saudi-arabia,0.0333
/blog/bahrain-to-saudi-arabia-by-road,/blog/saudi-arabia-travel-scams-tourists-should-know,0.0342
/blog/bahrain-to-saudi-arabia-by-road,/blog/hotel-near-haram-what-to-know-before-booking,0.0339
/blog/bahrain-to-saudi-arabia-by-road,/blog/saudi-arabia-airport-wifi-guide,0.0310
/blog/bahrain-to-saudi-arabia-by-road,/blog/best-cashless-payment-apps-saudi-arabia,0.0331
/blog/bahrain-to-saudi-arabia-by-road,/blog/what-happens-if-flight-to-saudi-arabia-delayed,0.0289
/blog/bahrain-to-saudi-arabia-by-road,/blog/saudi-arabia-with-elderly-parents-travel-tips,0.0308
/blog/bahrain-to-saudi-arabia-by-road,/blog/is-saudi-arabia-safe-for-solo-tourists-2026,0.0286
/blog/bahrain-to-saudi-arabia-by-road,/blog/saudi-arabia-in-august-weather-crowds-travel-tips,0.0256
/blog/bahrain-to-saudi-arabia-by-road,/blog/saudi-airport-transfer-tips,0.0322
/blog/bahrain-to-saudi-arabia-by-road,/blog/saudi-arabia-digital-nomad-guide,0.0293
/blog/bahrain-to-saudi-arabia-by-road,/blog/king-fahd-causeway-guide,0.0667
/blog/bahrain-to-saudi-arabia-by-road,/blog/dammam-travel-guide,0.0336
/blog/bahrain-to-saudi-arabia-by-road,/blog/saudi-airport-pickup-guide,0.0303
/blog/bahrain-to-saudi-arabia-by-road,/blog/saudi-arabia-business-travel-guide-2027,0.0317
/blog/bahrain-to-saudi-arabia-by-road,/blog/dammam-to-bahrain-travel-guide,0.0523
/blog/bahrain-to-saudi-arabia-by-road,/blog/king-fahd-international-airport-complete-guide,0.0281
/blog/bahrain-to-saudi-arabia-by-road,/blog/best-hotels-near-dammam-airport,0.0344
/blog/bahrain-to-saudi-arabia-by-road,/blog/saudi-arabia-entry-requirements-2027,0.0247
/blog/bahrain-to-saudi-arabia-by-road,/blog/how-to-exchange-currency-in-saudi-arabia,0.0362
/blog/bahrain-to-saudi-arabia-by-road,/blog/what-to-wear-in-saudi-arabia-tourist,0.0377
/blog/bahrain-to-saudi-arabia-by-road,/blog/how-much-cash-to-carry-in-saudi-arabia,0.0340
/blog/bahrain-to-saudi-arabia-by-road,/blog/saudi-arabia-travel-checklist-before-flight,0.0356
/blog/bahrain-to-saudi-arabia-by-road,/blog/common-mistakes-tourists-make-in-saudi-arabia,0.0346
/blog/bahrain-to-saudi-arabia-by-road,/blog/saudi-arabia-sim-card-guide-tourists,0.0321
/blog/bahrain-to-saudi-arabia-by-road,/blog/uber-vs-careem-vs-private-transfer-saudi-arabia,0.0365
/blog/bahrain-to-saudi-arabia-by-road,/blog/what-to-do-after-landing-at-jeddah-airport,0.0366
/blog/bahrain-to-saudi-arabia-by-road,/blog/documents-needed-to-travel-to-saudi-arabia,0.0358
/blog/bahrain-to-saudi-arabia-by-road,/blog/jeddah-airport-terminal-guide-jed,0.0343
/blog/bahrain-to-saudi-arabia-by-road,/blog/riyadh-air-what-travelers-should-know,0.0351
/blog/bahrain-to-saudi-arabia-by-road,/blog/jeddah-to-alula-transport-options,0.0338
/blog/bahrain-to-saudi-arabia-by-road,/blog/best-day-trips-from-riyadh-private-driver,0.0356
/blog/bahrain-to-saudi-arabia-by-road,/blog/neom-travel-guide-2026,0.0354
/blog/bahrain-to-saudi-arabia-by-road,/blog/red-sea-project-travel-guide,0.0298
/blog/bahrain-to-saudi-arabia-by-road,/blog/saudi-tourist-visa-2026-guide,0.0342
/blog/bahrain-to-saudi-arabia-by-road,/blog/can-tourists-drive-in-saudi-arabia,0.0375
/blog/bahrain-to-saudi-arabia-by-road,/blog/jeddah-season-2026-events-attractions-guide,0.0294
/blog/bahrain-to-saudi-arabia-by-road,/blog/saudi-school-public-holidays-2027,0.0348
/blog/bahrain-to-saudi-arabia-by-road,/blog/best-places-to-visit-taif-summer,0.0288
/blog/bahrain-to-saudi-arabia-by-road,/blog/saudi-national-day-2026-best-cities,0.0351
/blog/bahrain-to-saudi-arabia-by-road,/blog/fifa-world-cup-2034-saudi-arabia-travel-planning,0.0350
/blog/bahrain-to-saudi-arabia-by-road,/blog/riyadh-expo-2030-preparations,0.0366
/blog/bahrain-to-saudi-arabia-by-road,/blog/saudi-arabia-tourism-projects-2027,0.0333
/blog/bahrain-to-saudi-arabia-by-road,/blog/hajj-2027-registration-permit-updates,0.0241
/blog/bahrain-to-saudi-arabia-by-road,/blog/nusuk-app-umrah-guide,0.0245
/blog/bahrain-to-saudi-arabia-by-road,/blog/cost-of-umrah-trip-2026,0.0232
/blog/bahrain-to-saudi-arabia-by-road,/blog/private-chauffeur-vs-ride-hailing-saudi-arabia,0.0339
/blog/bahrain-to-saudi-arabia-by-road,/blog/solo-female-pilgrim-travel-saudi-arabia,0.0232
/blog/bahrain-to-saudi-arabia-by-road,/blog/ramadan-2026-makkah-transport-guide,0.0231
/blog/bahrain-to-saudi-arabia-by-road,/blog/riyadh-metro-vs-taxi,0.0341
/blog/bahrain-to-saudi-arabia-by-road,/blog/alula-travel-guide-2026,0.0332
/blog/bahrain-to-saudi-arabia-by-road,/blog/king-salman-airport-transfers-guide,0.0327
/blog/bahrain-to-saudi-arabia-by-road,/blog/transportation-mistakes-pilgrims,0.0228
/blog/bahrain-to-saudi-arabia-by-road,/blog/miqat-locations-for-umrah,0.0227
/blog/bahrain-to-saudi-arabia-by-road,/blog/new-saudi-umrah-visa-rules-2026,0.0234
/blog/bahrain-to-saudi-arabia-by-road,/blog/vip-transfer-jeddah-airport-to-makkah,0.0233
/blog/bahrain-to-saudi-arabia-by-road,/blog/makkah-madinah-train-vs-taxi,0.0222
/blog/bahrain-to-saudi-arabia-by-road,/blog/umrah-with-children,0.0222
/blog/bahrain-to-saudi-arabia-by-road,/blog/how-to-travel-between-makkah-madinah-jeddah,0.0249
/blog/bahrain-to-saudi-arabia-by-road,/blog/umrah-for-elderly-pilgrims,0.0218
/blog/bahrain-to-saudi-arabia-by-road,/blog/complete-guide-to-masjid-al-haram,0.0253
/blog/bahrain-to-saudi-arabia-by-road,/blog/common-questions-first-time-umrah-pilgrims,0.0259
/blog/bahrain-to-saudi-arabia-by-road,/blog/jeddah-airport-arrival-guide-umrah,0.0250
/blog/bahrain-to-saudi-arabia-by-road,/blog/saudi-arabia-entry-requirements-pilgrims-2026,0.0253
/blog/bahrain-to-saudi-arabia-by-road,/blog/essential-duas-for-umrah-and-hajj,0.0253
/blog/bahrain-to-saudi-arabia-by-road,/blog/difference-between-hajj-and-umrah,0.0264
/blog/bahrain-to-saudi-arabia-by-road,/blog/first-time-visiting-makkah-guide,0.0251
/blog/bahrain-to-saudi-arabia-by-road,/blog/first-time-visiting-madinah-guide,0.0256
/blog/bahrain-to-saudi-arabia-by-road,/blog/best-time-to-perform-umrah-2026,0.0250
/blog/bahrain-to-saudi-arabia-by-road,/blog/madinah-ziyarat-historic-sites-guide,0.0238
/blog/bahrain-to-saudi-arabia-by-road,/blog/what-to-pack-for-umrah-checklist,0.0237
/blog/bahrain-to-saudi-arabia-by-road,/blog/main-rituals-of-hajj-explained,0.0239
/blog/bahrain-to-saudi-arabia-by-road,/blog/common-mistakes-to-avoid-during-umrah,0.0244
/blog/bahrain-to-saudi-arabia-by-road,/blog/umrah-transport-makkah-madinah-guide,0.0404
/blog/bahrain-to-saudi-arabia-by-road,/blog/riyadh-to-dammam-taxi-guide,0.0430
/blog/bahrain-to-saudi-arabia-by-road,/blog/how-to-perform-umrah-step-by-step-guide,0.0236
/blog/bahrain-to-saudi-arabia-by-road,/blog/saudi-to-bahrain-taxi-king-fahd-causeway,0.0641
/blog/bahrain-to-saudi-arabia-by-road,/blog/saudi-arabia-intercity-taxi-services-guide,0.0355
/blog/bahrain-to-saudi-arabia-by-road,/blog/makkah-to-madinah-private-taxi-guide,0.0347
/blog/bahrain-to-saudi-arabia-by-road,/blog/riyadh-airport-transfer-business-travelers,0.0382
/blog/bahrain-to-saudi-arabia-by-road,/blog/jeddah-to-taif-taxi-guide,0.0376
/blog/bahrain-to-saudi-arabia-by-road,/blog/top-tourist-destinations-private-taxi-saudi-arabia,0.0333
/blog/bahrain-to-saudi-arabia-by-road,/blog/taxi-cost-saudi-arabia-price-guide,0.0336
/blog/bahrain-to-saudi-arabia-by-road,/blog/jeddah-airport-to-makkah-taxi-service-guide,0.0315
/blog/best-vehicle-for-cross-border-travel,/blog/business-travel-bahrain-dammam-guide,0.0926
/blog/best-vehicle-for-cross-border-travel,/blog/gcc-residents-road-travel-to-saudi-arabia,0.0702
/blog/best-vehicle-for-cross-border-travel,/blog/diriyah-taxi-transfer-guide,0.0408
/blog/best-vehicle-for-cross-border-travel,/blog/family-travel-bahrain-to-saudi-arabia,0.0965
/blog/best-vehicle-for-cross-border-travel,/blog/riyadh-season-transport-guide,0.0352
/blog/best-vehicle-for-cross-border-travel,/blog/child-car-seat-law-saudi-arabia,0.0410
/blog/best-vehicle-for-cross-border-travel,/blog/riyadh-to-alula-road-trip-guide,0.0402
/blog/best-vehicle-for-cross-border-travel,/blog/madinah-to-yanbu-transfer-guide,0.0480
/blog/best-vehicle-for-cross-border-travel,/blog/ai-travel-planning-vs-local-experts-saudi-arabia,0.0373
/blog/best-vehicle-for-cross-border-travel,/blog/friday-prayer-travel-tips-saudi-arabia,0.0364
/blog/best-vehicle-for-cross-border-travel,/blog/saudi-arabia-travel-scams-tourists-should-know,0.0376
/blog/best-vehicle-for-cross-border-travel,/blog/hotel-near-haram-what-to-know-before-booking,0.0370
/blog/best-vehicle-for-cross-border-travel,/blog/saudi-arabia-airport-wifi-guide,0.0343
/blog/best-vehicle-for-cross-border-travel,/blog/best-cashless-payment-apps-saudi-arabia,0.0351
/blog/best-vehicle-for-cross-border-travel,/blog/what-happens-if-flight-to-saudi-arabia-delayed,0.0315
/blog/best-vehicle-for-cross-border-travel,/blog/saudi-arabia-with-elderly-parents-travel-tips,0.0337
/blog/best-vehicle-for-cross-border-travel,/blog/is-saudi-arabia-safe-for-solo-tourists-2026,0.0310
/blog/best-vehicle-for-cross-border-travel,/blog/saudi-arabia-in-august-weather-crowds-travel-tips,0.0281
/blog/best-vehicle-for-cross-border-travel,/blog/saudi-airport-transfer-tips,0.0334
/blog/best-vehicle-for-cross-border-travel,/blog/saudi-arabia-digital-nomad-guide,0.0312
/blog/best-vehicle-for-cross-border-travel,/blog/king-fahd-causeway-guide,0.0492
/blog/best-vehicle-for-cross-border-travel,/blog/dammam-travel-guide,0.0303
/blog/best-vehicle-for-cross-border-travel,/blog/saudi-airport-pickup-guide,0.0325
/blog/best-vehicle-for-cross-border-travel,/blog/saudi-arabia-business-travel-guide-2027,0.0334
/blog/best-vehicle-for-cross-border-travel,/blog/dammam-to-bahrain-travel-guide,0.0631
/blog/best-vehicle-for-cross-border-travel,/blog/king-fahd-international-airport-complete-guide,0.0312
/blog/best-vehicle-for-cross-border-travel,/blog/best-hotels-near-dammam-airport,0.0300
/blog/best-vehicle-for-cross-border-travel,/blog/saudi-arabia-entry-requirements-2027,0.0265
/blog/best-vehicle-for-cross-border-travel,/blog/how-to-exchange-currency-in-saudi-arabia,0.0392
/blog/best-vehicle-for-cross-border-travel,/blog/what-to-wear-in-saudi-arabia-tourist,0.0411
/blog/best-vehicle-for-cross-border-travel,/blog/how-much-cash-to-carry-in-saudi-arabia,0.0374
/blog/best-vehicle-for-cross-border-travel,/blog/saudi-arabia-travel-checklist-before-flight,0.0391
/blog/best-vehicle-for-cross-border-travel,/blog/common-mistakes-tourists-make-in-saudi-arabia,0.0374
/blog/best-vehicle-for-cross-border-travel,/blog/saudi-arabia-sim-card-guide-tourists,0.0350
/blog/best-vehicle-for-cross-border-travel,/blog/uber-vs-careem-vs-private-transfer-saudi-arabia,0.0398
/blog/best-vehicle-for-cross-border-travel,/blog/what-to-do-after-landing-at-jeddah-airport,0.0371
/blog/best-vehicle-for-cross-border-travel,/blog/documents-needed-to-travel-to-saudi-arabia,0.0391
/blog/best-vehicle-for-cross-border-travel,/blog/jeddah-airport-terminal-guide-jed,0.0347
/blog/best-vehicle-for-cross-border-travel,/blog/riyadh-air-what-travelers-should-know,0.0328
/blog/best-vehicle-for-cross-border-travel,/blog/jeddah-to-alula-transport-options,0.0369
/blog/best-vehicle-for-cross-border-travel,/blog/best-day-trips-from-riyadh-private-driver,0.0331
/blog/best-vehicle-for-cross-border-travel,/blog/neom-travel-guide-2026,0.0381
/blog/best-vehicle-for-cross-border-travel,/blog/red-sea-project-travel-guide,0.0315
/blog/best-vehicle-for-cross-border-travel,/blog/saudi-tourist-visa-2026-guide,0.0374
/blog/best-vehicle-for-cross-border-travel,/blog/can-tourists-drive-in-saudi-arabia,0.0412
/blog/best-vehicle-for-cross-border-travel,/blog/jeddah-season-2026-events-attractions-guide,0.0320
/blog/best-vehicle-for-cross-border-travel,/blog/saudi-school-public-holidays-2027,0.0382
/blog/best-vehicle-for-cross-border-travel,/blog/best-places-to-visit-taif-summer,0.0309
/blog/best-vehicle-for-cross-border-travel,/blog/saudi-national-day-2026-best-cities,0.0386
/blog/best-vehicle-for-cross-border-travel,/blog/fifa-world-cup-2034-saudi-arabia-travel-planning,0.0387
/blog/best-vehicle-for-cross-border-travel,/blog/riyadh-expo-2030-preparations,0.0341
/blog/best-vehicle-for-cross-border-travel,/blog/saudi-arabia-tourism-projects-2027,0.0363
/blog/best-vehicle-for-cross-border-travel,/blog/hajj-2027-registration-permit-updates,0.0242
/blog/best-vehicle-for-cross-border-travel,/blog/nusuk-app-umrah-guide,0.0240
/blog/best-vehicle-for-cross-border-travel,/blog/cost-of-umrah-trip-2026,0.0232
/blog/best-vehicle-for-cross-border-travel,/blog/private-chauffeur-vs-ride-hailing-saudi-arabia,0.0367
/blog/best-vehicle-for-cross-border-travel,/blog/solo-female-pilgrim-travel-saudi-arabia,0.0263
/blog/best-vehicle-for-cross-border-travel,/blog/ramadan-2026-makkah-transport-guide,0.0262
/blog/best-vehicle-for-cross-border-travel,/blog/riyadh-metro-vs-taxi,0.0323
/blog/best-vehicle-for-cross-border-travel,/blog/alula-travel-guide-2026,0.0360
/blog/best-vehicle-for-cross-border-travel,/blog/king-salman-airport-transfers-guide,0.0360
/blog/best-vehicle-for-cross-border-travel,/blog/transportation-mistakes-pilgrims,0.0255
/blog/best-vehicle-for-cross-border-travel,/blog/miqat-locations-for-umrah,0.0227
/blog/best-vehicle-for-cross-border-travel,/blog/new-saudi-umrah-visa-rules-2026,0.0237
/blog/best-vehicle-for-cross-border-travel,/blog/vip-transfer-jeddah-airport-to-makkah,0.0238
/blog/best-vehicle-for-cross-border-travel,/blog/makkah-madinah-train-vs-taxi,0.0227
/blog/best-vehicle-for-cross-border-travel,/blog/umrah-with-children,0.0224
/blog/best-vehicle-for-cross-border-travel,/blog/how-to-travel-between-makkah-madinah-jeddah,0.0252
/blog/best-vehicle-for-cross-border-travel,/blog/umrah-for-elderly-pilgrims,0.0220
/blog/best-vehicle-for-cross-border-travel,/blog/complete-guide-to-masjid-al-haram,0.0280
/blog/best-vehicle-for-cross-border-travel,/blog/common-questions-first-time-umrah-pilgrims,0.0259
/blog/best-vehicle-for-cross-border-travel,/blog/jeddah-airport-arrival-guide-umrah,0.0253
/blog/best-vehicle-for-cross-border-travel,/blog/saudi-arabia-entry-requirements-pilgrims-2026,0.0287
/blog/best-vehicle-for-cross-border-travel,/blog/essential-duas-for-umrah-and-hajj,0.0257
/blog/best-vehicle-for-cross-border-travel,/blog/difference-between-hajj-and-umrah,0.0253
/blog/best-vehicle-for-cross-border-travel,/blog/first-time-visiting-makkah-guide,0.0285
/blog/best-vehicle-for-cross-border-travel,/blog/first-time-visiting-madinah-guide,0.0260
/blog/best-vehicle-for-cross-border-travel,/blog/best-time-to-perform-umrah-2026,0.0253
/blog/best-vehicle-for-cross-border-travel,/blog/madinah-ziyarat-historic-sites-guide,0.0236
/blog/best-vehicle-for-cross-border-travel,/blog/what-to-pack-for-umrah-checklist,0.0232
/blog/best-vehicle-for-cross-border-travel,/blog/main-rituals-of-hajj-explained,0.0240
/blog/best-vehicle-for-cross-border-travel,/blog/common-mistakes-to-avoid-during-umrah,0.0239
/blog/best-vehicle-for-cross-border-travel,/blog/umrah-transport-makkah-madinah-guide,0.0347
/blog/best-vehicle-for-cross-border-travel,/blog/riyadh-to-dammam-taxi-guide,0.0379
/blog/best-vehicle-for-cross-border-travel,/blog/how-to-perform-umrah-step-by-step-guide,0.0238
/blog/best-vehicle-for-cross-border-travel,/blog/saudi-to-bahrain-taxi-king-fahd-causeway,0.0560
/blog/best-vehicle-for-cross-border-travel,/blog/saudi-arabia-intercity-taxi-services-guide,0.0395
/blog/best-vehicle-for-cross-border-travel,/blog/makkah-to-madinah-private-taxi-guide,0.0341
/blog/best-vehicle-for-cross-border-travel,/blog/riyadh-airport-transfer-business-travelers,0.0344
/blog/best-vehicle-for-cross-border-travel,/blog/jeddah-to-taif-taxi-guide,0.0410
/blog/best-vehicle-for-cross-border-travel,/blog/top-tourist-destinations-private-taxi-saudi-arabia,0.0370
/blog/best-vehicle-for-cross-border-travel,/blog/taxi-cost-saudi-arabia-price-guide,0.0381
/blog/best-vehicle-for-cross-border-travel,/blog/jeddah-airport-to-makkah-taxi-service-guide,0.0316
/blog/business-travel-bahrain-dammam-guide,/blog/gcc-residents-road-travel-to-saudi-arabia,0.0653
/blog/business-travel-bahrain-dammam-guide,/blog/diriyah-taxi-transfer-guide,0.0351
/blog/business-travel-bahrain-dammam-guide,/blog/family-travel-bahrain-to-saudi-arabia,0.0861
/blog/business-travel-bahrain-dammam-guide,/blog/riyadh-season-transport-guide,0.0355
/blog/business-travel-bahrain-dammam-guide,/blog/child-car-seat-law-saudi-arabia,0.0351
/blog/business-travel-bahrain-dammam-guide,/blog/riyadh-to-alula-road-trip-guide,0.0422
/blog/business-travel-bahrain-dammam-guide,/blog/madinah-to-yanbu-transfer-guide,0.0466
/blog/business-travel-bahrain-dammam-guide,/blog/ai-travel-planning-vs-local-experts-saudi-arabia,0.0324
/blog/business-travel-bahrain-dammam-guide,/blog/friday-prayer-travel-tips-saudi-arabia,0.0317
/blog/business-travel-bahrain-dammam-guide,/blog/saudi-arabia-travel-scams-tourists-should-know,0.0325
/blog/business-travel-bahrain-dammam-guide,/blog/hotel-near-haram-what-to-know-before-booking,0.0327
/blog/business-travel-bahrain-dammam-guide,/blog/saudi-arabia-airport-wifi-guide,0.0298
/blog/business-travel-bahrain-dammam-guide,/blog/best-cashless-payment-apps-saudi-arabia,0.0306
/blog/business-travel-bahrain-dammam-guide,/blog/what-happens-if-flight-to-saudi-arabia-delayed,0.0275
/blog/business-travel-bahrain-dammam-guide,/blog/saudi-arabia-with-elderly-parents-travel-tips,0.0292
/blog/business-travel-bahrain-dammam-guide,/blog/is-saudi-arabia-safe-for-solo-tourists-2026,0.0270
/blog/business-travel-bahrain-dammam-guide,/blog/saudi-arabia-in-august-weather-crowds-travel-tips,0.0247
/blog/business-travel-bahrain-dammam-guide,/blog/saudi-airport-transfer-tips,0.0303
/blog/business-travel-bahrain-dammam-guide,/blog/saudi-arabia-digital-nomad-guide,0.0275
/blog/business-travel-bahrain-dammam-guide,/blog/king-fahd-causeway-guide,0.0439
/blog/business-travel-bahrain-dammam-guide,/blog/dammam-travel-guide,0.0326
/blog/business-travel-bahrain-dammam-guide,/blog/saudi-airport-pickup-guide,0.0284
/blog/business-travel-bahrain-dammam-guide,/blog/saudi-arabia-business-travel-guide-2027,0.0302
/blog/business-travel-bahrain-dammam-guide,/blog/dammam-to-bahrain-travel-guide,0.0592
/blog/business-travel-bahrain-dammam-guide,/blog/king-fahd-international-airport-complete-guide,0.0270
/blog/business-travel-bahrain-dammam-guide,/blog/best-hotels-near-dammam-airport,0.0327
/blog/business-travel-bahrain-dammam-guide,/blog/saudi-arabia-entry-requirements-2027,0.0240
/blog/business-travel-bahrain-dammam-guide,/blog/how-to-exchange-currency-in-saudi-arabia,0.0343
/blog/business-travel-bahrain-dammam-guide,/blog/what-to-wear-in-saudi-arabia-tourist,0.0358
/blog/business-travel-bahrain-dammam-guide,/blog/how-much-cash-to-carry-in-saudi-arabia,0.0325
/blog/business-travel-bahrain-dammam-guide,/blog/saudi-arabia-travel-checklist-before-flight,0.0336
/blog/business-travel-bahrain-dammam-guide,/blog/common-mistakes-tourists-make-in-saudi-arabia,0.0323
/blog/business-travel-bahrain-dammam-guide,/blog/saudi-arabia-sim-card-guide-tourists,0.0303
/blog/business-travel-bahrain-dammam-guide,/blog/uber-vs-careem-vs-private-transfer-saudi-arabia,0.0342
/blog/business-travel-bahrain-dammam-guide,/blog/what-to-do-after-landing-at-jeddah-airport,0.0349
/blog/business-travel-bahrain-dammam-guide,/blog/documents-needed-to-travel-to-saudi-arabia,0.0339
/blog/business-travel-bahrain-dammam-guide,/blog/jeddah-airport-terminal-guide-jed,0.0329
/blog/business-travel-bahrain-dammam-guide,/blog/riyadh-air-what-travelers-should-know,0.0330
/blog/business-travel-bahrain-dammam-guide,/blog/jeddah-to-alula-transport-options,0.0320
/blog/business-travel-bahrain-dammam-guide,/blog/best-day-trips-from-riyadh-private-driver,0.0337
/blog/business-travel-bahrain-dammam-guide,/blog/neom-travel-guide-2026,0.0332
/blog/business-travel-bahrain-dammam-guide,/blog/red-sea-project-travel-guide,0.0277
/blog/business-travel-bahrain-dammam-guide,/blog/saudi-tourist-visa-2026-guide,0.0326
/blog/business-travel-bahrain-dammam-guide,/blog/can-tourists-drive-in-saudi-arabia,0.0362
/blog/business-travel-bahrain-dammam-guide,/blog/jeddah-season-2026-events-attractions-guide,0.0281
/blog/business-travel-bahrain-dammam-guide,/blog/saudi-school-public-holidays-2027,0.0329
/blog/business-travel-bahrain-dammam-guide,/blog/best-places-to-visit-taif-summer,0.0276
/blog/business-travel-bahrain-dammam-guide,/blog/saudi-national-day-2026-best-cities,0.0332
/blog/business-travel-bahrain-dammam-guide,/blog/fifa-world-cup-2034-saudi-arabia-travel-planning,0.0332
/blog/business-travel-bahrain-dammam-guide,/blog/riyadh-expo-2030-preparations,0.0344
/blog/business-travel-bahrain-dammam-guide,/blog/saudi-arabia-tourism-projects-2027,0.0313
/blog/business-travel-bahrain-dammam-guide,/blog/hajj-2027-registration-permit-updates,0.0227
/blog/business-travel-bahrain-dammam-guide,/blog/nusuk-app-umrah-guide,0.0225
/blog/business-travel-bahrain-dammam-guide,/blog/cost-of-umrah-trip-2026,0.0218
/blog/business-travel-bahrain-dammam-guide,/blog/private-chauffeur-vs-ride-hailing-saudi-arabia,0.0316
/blog/business-travel-bahrain-dammam-guide,/blog/solo-female-pilgrim-travel-saudi-arabia,0.0221
/blog/business-travel-bahrain-dammam-guide,/blog/ramadan-2026-makkah-transport-guide,0.0220
/blog/business-travel-bahrain-dammam-guide,/blog/riyadh-metro-vs-taxi,0.0324
/blog/business-travel-bahrain-dammam-guide,/blog/alula-travel-guide-2026,0.0311
/blog/business-travel-bahrain-dammam-guide,/blog/king-salman-airport-transfers-guide,0.0311
/blog/business-travel-bahrain-dammam-guide,/blog/transportation-mistakes-pilgrims,0.0217
/blog/business-travel-bahrain-dammam-guide,/blog/miqat-locations-for-umrah,0.0213
/blog/business-travel-bahrain-dammam-guide,/blog/new-saudi-umrah-visa-rules-2026,0.0222
/blog/business-travel-bahrain-dammam-guide,/blog/vip-transfer-jeddah-airport-to-makkah,0.0223
/blog/business-travel-bahrain-dammam-guide,/blog/makkah-madinah-train-vs-taxi,0.0211
/blog/business-travel-bahrain-dammam-guide,/blog/umrah-with-children,0.0211
/blog/business-travel-bahrain-dammam-guide,/blog/how-to-travel-between-makkah-madinah-jeddah,0.0236
/blog/business-travel-bahrain-dammam-guide,/blog/umrah-for-elderly-pilgrims,0.0208
/blog/business-travel-bahrain-dammam-guide,/blog/complete-guide-to-masjid-al-haram,0.0234
/blog/business-travel-bahrain-dammam-guide,/blog/common-questions-first-time-umrah-pilgrims,0.0242
/blog/business-travel-bahrain-dammam-guide,/blog/jeddah-airport-arrival-guide-umrah,0.0249
/blog/business-travel-bahrain-dammam-guide,/blog/saudi-arabia-entry-requirements-pilgrims-2026,0.0242
/blog/business-travel-bahrain-dammam-guide,/blog/essential-duas-for-umrah-and-hajj,0.0239
/blog/business-travel-bahrain-dammam-guide,/blog/difference-between-hajj-and-umrah,0.0237
/blog/business-travel-bahrain-dammam-guide,/blog/first-time-visiting-makkah-guide,0.0237
/blog/business-travel-bahrain-dammam-guide,/blog/first-time-visiting-madinah-guide,0.0242
/blog/business-travel-bahrain-dammam-guide,/blog/best-time-to-perform-umrah-2026,0.0239
/blog/business-travel-bahrain-dammam-guide,/blog/madinah-ziyarat-historic-sites-guide,0.0221
/blog/business-travel-bahrain-dammam-guide,/blog/what-to-pack-for-umrah-checklist,0.0218
/blog/business-travel-bahrain-dammam-guide,/blog/main-rituals-of-hajj-explained,0.0225
/blog/business-travel-bahrain-dammam-guide,/blog/common-mistakes-to-avoid-during-umrah,0.0224
/blog/business-travel-bahrain-dammam-guide,/blog/umrah-transport-makkah-madinah-guide,0.0348
/blog/business-travel-bahrain-dammam-guide,/blog/riyadh-to-dammam-taxi-guide,0.0398
/blog/business-travel-bahrain-dammam-guide,/blog/how-to-perform-umrah-step-by-step-guide,0.0226
/blog/business-travel-bahrain-dammam-guide,/blog/saudi-to-bahrain-taxi-king-fahd-causeway,0.0575
/blog/business-travel-bahrain-dammam-guide,/blog/saudi-arabia-intercity-taxi-services-guide,0.0340
/blog/business-travel-bahrain-dammam-guide,/blog/makkah-to-madinah-private-taxi-guide,0.0309
/blog/business-travel-bahrain-dammam-guide,/blog/riyadh-airport-transfer-business-travelers,0.0379
/blog/business-travel-bahrain-dammam-guide,/blog/jeddah-to-taif-taxi-guide,0.0353
/blog/business-travel-bahrain-dammam-guide,/blog/top-tourist-destinations-private-taxi-saudi-arabia,0.0304
/blog/business-travel-bahrain-dammam-guide,/blog/taxi-cost-saudi-arabia-price-guide,0.0306
/blog/business-travel-bahrain-dammam-guide,/blog/jeddah-airport-to-makkah-taxi-service-guide,0.0291
/blog/gcc-residents-road-travel-to-saudi-arabia,/blog/diriyah-taxi-transfer-guide,0.0424
/blog/gcc-residents-road-travel-to-saudi-arabia,/blog/family-travel-bahrain-to-saudi-arabia,0.0660
/blog/gcc-residents-road-travel-to-saudi-arabia,/blog/riyadh-season-transport-guide,0.0336
/blog/gcc-residents-road-travel-to-saudi-arabia,/blog/child-car-seat-law-saudi-arabia,0.0387
/blog/gcc-residents-road-travel-to-saudi-arabia,/blog/riyadh-to-alula-road-trip-guide,0.0390
/blog/gcc-residents-road-travel-to-saudi-arabia,/blog/madinah-to-yanbu-transfer-guide,0.0469
/blog/gcc-residents-road-travel-to-saudi-arabia,/blog/ai-travel-planning-vs-local-experts-saudi-arabia,0.0358
/blog/gcc-residents-road-travel-to-saudi-arabia,/blog/friday-prayer-travel-tips-saudi-arabia,0.0347
/blog/gcc-residents-road-travel-to-saudi-arabia,/blog/saudi-arabia-travel-scams-tourists-should-know,0.0358
/blog/gcc-residents-road-travel-to-saudi-arabia,/blog/hotel-near-haram-what-to-know-before-booking,0.0363
/blog/gcc-residents-road-travel-to-saudi-arabia,/blog/saudi-arabia-airport-wifi-guide,0.0331
/blog/gcc-residents-road-travel-to-saudi-arabia,/blog/best-cashless-payment-apps-saudi-arabia,0.0340
/blog/gcc-residents-road-travel-to-saudi-arabia,/blog/what-happens-if-flight-to-saudi-arabia-delayed,0.0308
/blog/gcc-residents-road-travel-to-saudi-arabia,/blog/saudi-arabia-with-elderly-parents-travel-tips,0.0324
/blog/gcc-residents-road-travel-to-saudi-arabia,/blog/is-saudi-arabia-safe-for-solo-tourists-2026,0.0301
/blog/gcc-residents-road-travel-to-saudi-arabia,/blog/saudi-arabia-in-august-weather-crowds-travel-tips,0.0273
/blog/gcc-residents-road-travel-to-saudi-arabia,/blog/saudi-airport-transfer-tips,0.0349
/blog/gcc-residents-road-travel-to-saudi-arabia,/blog/saudi-arabia-digital-nomad-guide,0.0308
/blog/gcc-residents-road-travel-to-saudi-arabia,/blog/king-fahd-causeway-guide,0.0564
/blog/gcc-residents-road-travel-to-saudi-arabia,/blog/dammam-travel-guide,0.0313
/blog/gcc-residents-road-travel-to-saudi-arabia,/blog/saudi-airport-pickup-guide,0.0333
/blog/gcc-residents-road-travel-to-saudi-arabia,/blog/saudi-arabia-business-travel-guide-2027,0.0348
/blog/gcc-residents-road-travel-to-saudi-arabia,/blog/dammam-to-bahrain-travel-guide,0.0570
/blog/gcc-residents-road-travel-to-saudi-arabia,/blog/king-fahd-international-airport-complete-guide,0.0303
/blog/gcc-residents-road-travel-to-saudi-arabia,/blog/best-hotels-near-dammam-airport,0.0321
/blog/gcc-residents-road-travel-to-saudi-arabia,/blog/saudi-arabia-entry-requirements-2027,0.0274
/blog/gcc-residents-road-travel-to-saudi-arabia,/blog/how-to-exchange-currency-in-saudi-arabia,0.0380
/blog/gcc-residents-road-travel-to-saudi-arabia,/blog/what-to-wear-in-saudi-arabia-tourist,0.0400
/blog/gcc-residents-road-travel-to-saudi-arabia,/blog/how-much-cash-to-carry-in-saudi-arabia,0.0360
/blog/gcc-residents-road-travel-to-saudi-arabia,/blog/saudi-arabia-travel-checklist-before-flight,0.0393
/blog/gcc-residents-road-travel-to-saudi-arabia,/blog/common-mistakes-tourists-make-in-saudi-arabia,0.0358
/blog/gcc-residents-road-travel-to-saudi-arabia,/blog/saudi-arabia-sim-card-guide-tourists,0.0338
/blog/gcc-residents-road-travel-to-saudi-arabia,/blog/uber-vs-careem-vs-private-transfer-saudi-arabia,0.0383
/blog/gcc-residents-road-travel-to-saudi-arabia,/blog/what-to-do-after-landing-at-jeddah-airport,0.0357
/blog/gcc-residents-road-travel-to-saudi-arabia,/blog/documents-needed-to-travel-to-saudi-arabia,0.0381
/blog/gcc-residents-road-travel-to-saudi-arabia,/blog/jeddah-airport-terminal-guide-jed,0.0333
/blog/gcc-residents-road-travel-to-saudi-arabia,/blog/riyadh-air-what-travelers-should-know,0.0316
/blog/gcc-residents-road-travel-to-saudi-arabia,/blog/jeddah-to-alula-transport-options,0.0352
/blog/gcc-residents-road-travel-to-saudi-arabia,/blog/best-day-trips-from-riyadh-private-driver,0.0323
/blog/gcc-residents-road-travel-to-saudi-arabia,/blog/neom-travel-guide-2026,0.0376
/blog/gcc-residents-road-travel-to-saudi-arabia,/blog/red-sea-project-travel-guide,0.0309
/blog/gcc-residents-road-travel-to-saudi-arabia,/blog/saudi-tourist-visa-2026-guide,0.0356
/blog/gcc-residents-road-travel-to-saudi-arabia,/blog/can-tourists-drive-in-saudi-arabia,0.0410
/blog/gcc-residents-road-travel-to-saudi-arabia,/blog/jeddah-season-2026-events-attractions-guide,0.0309
/blog/gcc-residents-road-travel-to-saudi-arabia,/blog/saudi-school-public-holidays-2027,0.0365
/blog/gcc-residents-road-travel-to-saudi-arabia,/blog/best-places-to-visit-taif-summer,0.0305
/blog/gcc-residents-road-travel-to-saudi-arabia,/blog/saudi-national-day-2026-best-cities,0.0372
/blog/gcc-residents-road-travel-to-saudi-arabia,/blog/fifa-world-cup-2034-saudi-arabia-travel-planning,0.0368
/blog/gcc-residents-road-travel-to-saudi-arabia,/blog/riyadh-expo-2030-preparations,0.0331
/blog/gcc-residents-road-travel-to-saudi-arabia,/blog/saudi-arabia-tourism-projects-2027,0.0347
/blog/gcc-residents-road-travel-to-saudi-arabia,/blog/hajj-2027-registration-permit-updates,0.0239
/blog/gcc-residents-road-travel-to-saudi-arabia,/blog/nusuk-app-umrah-guide,0.0232
/blog/gcc-residents-road-travel-to-saudi-arabia,/blog/cost-of-umrah-trip-2026,0.0222
/blog/gcc-residents-road-travel-to-saudi-arabia,/blog/private-chauffeur-vs-ride-hailing-saudi-arabia,0.0354
/blog/gcc-residents-road-travel-to-saudi-arabia,/blog/solo-female-pilgrim-travel-saudi-arabia,0.0255
/blog/gcc-residents-road-travel-to-saudi-arabia,/blog/ramadan-2026-makkah-transport-guide,0.0251
/blog/gcc-residents-road-travel-to-saudi-arabia,/blog/riyadh-metro-vs-taxi,0.0312
/blog/gcc-residents-road-travel-to-saudi-arabia,/blog/alula-travel-guide-2026,0.0347
/blog/gcc-residents-road-travel-to-saudi-arabia,/blog/king-salman-airport-transfers-guide,0.0345
/blog/gcc-residents-road-travel-to-saudi-arabia,/blog/transportation-mistakes-pilgrims,0.0243
/blog/gcc-residents-road-travel-to-saudi-arabia,/blog/miqat-locations-for-umrah,0.0218
/blog/gcc-residents-road-travel-to-saudi-arabia,/blog/new-saudi-umrah-visa-rules-2026,0.0227
/blog/gcc-residents-road-travel-to-saudi-arabia,/blog/vip-transfer-jeddah-airport-to-makkah,0.0228
/blog/gcc-residents-road-travel-to-saudi-arabia,/blog/makkah-madinah-train-vs-taxi,0.0215
/blog/gcc-residents-road-travel-to-saudi-arabia,/blog/umrah-with-children,0.0215
/blog/gcc-residents-road-travel-to-saudi-arabia,/blog/how-to-travel-between-makkah-madinah-jeddah,0.0241
/blog/gcc-residents-road-travel-to-saudi-arabia,/blog/umrah-for-elderly-pilgrims,0.0212
/blog/gcc-residents-road-travel-to-saudi-arabia,/blog/complete-guide-to-masjid-al-haram,0.0268
/blog/gcc-residents-road-travel-to-saudi-arabia,/blog/common-questions-first-time-umrah-pilgrims,0.0250
/blog/gcc-residents-road-travel-to-saudi-arabia,/blog/jeddah-airport-arrival-guide-umrah,0.0242
/blog/gcc-residents-road-travel-to-saudi-arabia,/blog/saudi-arabia-entry-requirements-pilgrims-2026,0.0288
/blog/gcc-residents-road-travel-to-saudi-arabia,/blog/essential-duas-for-umrah-and-hajj,0.0248
/blog/gcc-residents-road-travel-to-saudi-arabia,/blog/difference-between-hajj-and-umrah,0.0247
/blog/gcc-residents-road-travel-to-saudi-arabia,/blog/first-time-visiting-makkah-guide,0.0285
/blog/gcc-residents-road-travel-to-saudi-arabia,/blog/first-time-visiting-madinah-guide,0.0256
/blog/gcc-residents-road-travel-to-saudi-arabia,/blog/best-time-to-perform-umrah-2026,0.0242
/blog/gcc-residents-road-travel-to-saudi-arabia,/blog/madinah-ziyarat-historic-sites-guide,0.0234
/blog/gcc-residents-road-travel-to-saudi-arabia,/blog/what-to-pack-for-umrah-checklist,0.0223
/blog/gcc-residents-road-travel-to-saudi-arabia,/blog/main-rituals-of-hajj-explained,0.0232
/blog/gcc-residents-road-travel-to-saudi-arabia,/blog/common-mistakes-to-avoid-during-umrah,0.0229
/blog/gcc-residents-road-travel-to-saudi-arabia,/blog/umrah-transport-makkah-madinah-guide,0.0558
/blog/gcc-residents-road-travel-to-saudi-arabia,/blog/riyadh-to-dammam-taxi-guide,0.0370
/blog/gcc-residents-road-travel-to-saudi-arabia,/blog/how-to-perform-umrah-step-by-step-guide,0.0243
/blog/gcc-residents-road-travel-to-saudi-arabia,/blog/saudi-to-bahrain-taxi-king-fahd-causeway,0.0846
/blog/gcc-residents-road-travel-to-saudi-arabia,/blog/saudi-arabia-intercity-taxi-services-guide,0.0382
/blog/gcc-residents-road-travel-to-saudi-arabia,/blog/makkah-to-madinah-private-taxi-guide,0.0339
/blog/gcc-residents-road-travel-to-saudi-arabia,/blog/riyadh-airport-transfer-business-travelers,0.0338
/blog/gcc-residents-road-travel-to-saudi-arabia,/blog/jeddah-to-taif-taxi-guide,0.0407
/blog/gcc-residents-road-travel-to-saudi-arabia,/blog/top-tourist-destinations-private-taxi-saudi-arabia,0.0356
/blog/gcc-residents-road-travel-to-saudi-arabia,/blog/taxi-cost-saudi-arabia-price-guide,0.0363
/blog/gcc-residents-road-travel-to-saudi-arabia,/blog/jeddah-airport-to-makkah-taxi-service-guide,0.0306
/blog/diriyah-taxi-transfer-guide,/blog/family-travel-bahrain-to-saudi-arabia,0.0367
/blog/diriyah-taxi-transfer-guide,/blog/riyadh-season-transport-guide,0.0406
/blog/diriyah-taxi-transfer-guide,/blog/child-car-seat-law-saudi-arabia,0.0377
/blog/diriyah-taxi-transfer-guide,/blog/riyadh-to-alula-road-trip-guide,0.0357
/blog/diriyah-taxi-transfer-guide,/blog/madinah-to-yanbu-transfer-guide,0.0379
/blog/diriyah-taxi-transfer-guide,/blog/ai-travel-planning-vs-local-experts-saudi-arabia,0.0329
/blog/diriyah-taxi-transfer-guide,/blog/friday-prayer-travel-tips-saudi-arabia,0.0327
/blog/diriyah-taxi-transfer-guide,/blog/saudi-arabia-travel-scams-tourists-should-know,0.0336
/blog/diriyah-taxi-transfer-guide,/blog/hotel-near-haram-what-to-know-before-booking,0.0327
/blog/diriyah-taxi-transfer-guide,/blog/saudi-arabia-airport-wifi-guide,0.0302
/blog/diriyah-taxi-transfer-guide,/blog/best-cashless-payment-apps-saudi-arabia,0.0314
/blog/diriyah-taxi-transfer-guide,/blog/what-happens-if-flight-to-saudi-arabia-delayed,0.0282
/blog/diriyah-taxi-transfer-guide,/blog/saudi-arabia-with-elderly-parents-travel-tips,0.0301
/blog/diriyah-taxi-transfer-guide,/blog/is-saudi-arabia-safe-for-solo-tourists-2026,0.0283
/blog/diriyah-taxi-transfer-guide,/blog/saudi-arabia-in-august-weather-crowds-travel-tips,0.0253
/blog/diriyah-taxi-transfer-guide,/blog/saudi-airport-transfer-tips,0.0299
/blog/diriyah-taxi-transfer-guide,/blog/saudi-arabia-digital-nomad-guide,0.0362
/blog/diriyah-taxi-transfer-guide,/blog/king-fahd-causeway-guide,0.0302
/blog/diriyah-taxi-transfer-guide,/blog/dammam-travel-guide,0.0270
/blog/diriyah-taxi-transfer-guide,/blog/saudi-airport-pickup-guide,0.0308
/blog/diriyah-taxi-transfer-guide,/blog/saudi-arabia-business-travel-guide-2027,0.0369
/blog/diriyah-taxi-transfer-guide,/blog/dammam-to-bahrain-travel-guide,0.0270
/blog/diriyah-taxi-transfer-guide,/blog/king-fahd-international-airport-complete-guide,0.0284
/blog/diriyah-taxi-transfer-guide,/blog/best-hotels-near-dammam-airport,0.0346
/blog/diriyah-taxi-transfer-guide,/blog/saudi-arabia-entry-requirements-2027,0.0387
/blog/diriyah-taxi-transfer-guide,/blog/how-to-exchange-currency-in-saudi-arabia,0.0339
/blog/diriyah-taxi-transfer-guide,/blog/what-to-wear-in-saudi-arabia-tourist,0.0350
/blog/diriyah-taxi-transfer-guide,/blog/how-much-cash-to-carry-in-saudi-arabia,0.0330
/blog/diriyah-taxi-transfer-guide,/blog/saudi-arabia-travel-checklist-before-flight,0.0358
/blog/diriyah-taxi-transfer-guide,/blog/common-mistakes-tourists-make-in-saudi-arabia,0.0330
/blog/diriyah-taxi-transfer-guide,/blog/saudi-arabia-sim-card-guide-tourists,0.0305
/blog/diriyah-taxi-transfer-guide,/blog/uber-vs-careem-vs-private-transfer-saudi-arabia,0.0346
/blog/diriyah-taxi-transfer-guide,/blog/what-to-do-after-landing-at-jeddah-airport,0.0327
/blog/diriyah-taxi-transfer-guide,/blog/documents-needed-to-travel-to-saudi-arabia,0.0355
/blog/diriyah-taxi-transfer-guide,/blog/jeddah-airport-terminal-guide-jed,0.0303
/blog/diriyah-taxi-transfer-guide,/blog/riyadh-air-what-travelers-should-know,0.0321
/blog/diriyah-taxi-transfer-guide,/blog/jeddah-to-alula-transport-options,0.0494
/blog/diriyah-taxi-transfer-guide,/blog/best-day-trips-from-riyadh-private-driver,0.0406
/blog/diriyah-taxi-transfer-guide,/blog/neom-travel-guide-2026,0.0334
/blog/diriyah-taxi-transfer-guide,/blog/red-sea-project-travel-guide,0.0292
/blog/diriyah-taxi-transfer-guide,/blog/saudi-tourist-visa-2026-guide,0.0330
/blog/diriyah-taxi-transfer-guide,/blog/can-tourists-drive-in-saudi-arabia,0.0349
/blog/diriyah-taxi-transfer-guide,/blog/jeddah-season-2026-events-attractions-guide,0.0292
/blog/diriyah-taxi-transfer-guide,/blog/saudi-school-public-holidays-2027,0.0343
/blog/diriyah-taxi-transfer-guide,/blog/best-places-to-visit-taif-summer,0.0367
/blog/diriyah-taxi-transfer-guide,/blog/saudi-national-day-2026-best-cities,0.0332
/blog/diriyah-taxi-transfer-guide,/blog/fifa-world-cup-2034-saudi-arabia-travel-planning,0.0336
/blog/diriyah-taxi-transfer-guide,/blog/riyadh-expo-2030-preparations,0.0304
/blog/diriyah-taxi-transfer-guide,/blog/saudi-arabia-tourism-projects-2027,0.0321
/blog/diriyah-taxi-transfer-guide,/blog/hajj-2027-registration-permit-updates,0.0232
/blog/diriyah-taxi-transfer-guide,/blog/nusuk-app-umrah-guide,0.0219
/blog/diriyah-taxi-transfer-guide,/blog/cost-of-umrah-trip-2026,0.0208
/blog/diriyah-taxi-transfer-guide,/blog/private-chauffeur-vs-ride-hailing-saudi-arabia,0.0329
/blog/diriyah-taxi-transfer-guide,/blog/solo-female-pilgrim-travel-saudi-arabia,0.0235
/blog/diriyah-taxi-transfer-guide,/blog/ramadan-2026-makkah-transport-guide,0.0239
/blog/diriyah-taxi-transfer-guide,/blog/riyadh-metro-vs-taxi,0.0301
/blog/diriyah-taxi-transfer-guide,/blog/alula-travel-guide-2026,0.0425
/blog/diriyah-taxi-transfer-guide,/blog/king-salman-airport-transfers-guide,0.0346
/blog/diriyah-taxi-transfer-guide,/blog/transportation-mistakes-pilgrims,0.0238
/blog/diriyah-taxi-transfer-guide,/blog/miqat-locations-for-umrah,0.0200
/blog/diriyah-taxi-transfer-guide,/blog/new-saudi-umrah-visa-rules-2026,0.0212
/blog/diriyah-taxi-transfer-guide,/blog/vip-transfer-jeddah-airport-to-makkah,0.0207
/blog/diriyah-taxi-transfer-guide,/blog/makkah-madinah-train-vs-taxi,0.0209
/blog/diriyah-taxi-transfer-guide,/blog/umrah-with-children,0.0198
/blog/diriyah-taxi-transfer-guide,/blog/how-to-travel-between-makkah-madinah-jeddah,0.0224
/blog/diriyah-taxi-transfer-guide,/blog/umrah-for-elderly-pilgrims,0.0197
/blog/diriyah-taxi-transfer-guide,/blog/complete-guide-to-masjid-al-haram,0.0253
/blog/diriyah-taxi-transfer-guide,/blog/common-questions-first-time-umrah-pilgrims,0.0222
/blog/diriyah-taxi-transfer-guide,/blog/jeddah-airport-arrival-guide-umrah,0.0220
/blog/diriyah-taxi-transfer-guide,/blog/saudi-arabia-entry-requirements-pilgrims-2026,0.0254
/blog/diriyah-taxi-transfer-guide,/blog/essential-duas-for-umrah-and-hajj,0.0220
/blog/diriyah-taxi-transfer-guide,/blog/difference-between-hajj-and-umrah,0.0230
/blog/diriyah-taxi-transfer-guide,/blog/first-time-visiting-makkah-guide,0.0384
/blog/diriyah-taxi-transfer-guide,/blog/first-time-visiting-madinah-guide,0.0223
/blog/diriyah-taxi-transfer-guide,/blog/best-time-to-perform-umrah-2026,0.0218
/blog/diriyah-taxi-transfer-guide,/blog/madinah-ziyarat-historic-sites-guide,0.0212
/blog/diriyah-taxi-transfer-guide,/blog/what-to-pack-for-umrah-checklist,0.0206
/blog/diriyah-taxi-transfer-guide,/blog/main-rituals-of-hajj-explained,0.0212
/blog/diriyah-taxi-transfer-guide,/blog/common-mistakes-to-avoid-during-umrah,0.0210
/blog/diriyah-taxi-transfer-guide,/blog/umrah-transport-makkah-madinah-guide,0.0299
/blog/diriyah-taxi-transfer-guide,/blog/riyadh-to-dammam-taxi-guide,0.0292
/blog/diriyah-taxi-transfer-guide,/blog/how-to-perform-umrah-step-by-step-guide,0.0218
/blog/diriyah-taxi-transfer-guide,/blog/saudi-to-bahrain-taxi-king-fahd-causeway,0.0325
/blog/diriyah-taxi-transfer-guide,/blog/saudi-arabia-intercity-taxi-services-guide,0.0318
/blog/diriyah-taxi-transfer-guide,/blog/makkah-to-madinah-private-taxi-guide,0.0275
/blog/diriyah-taxi-transfer-guide,/blog/riyadh-airport-transfer-business-travelers,0.0307
/blog/diriyah-taxi-transfer-guide,/blog/jeddah-to-taif-taxi-guide,0.0325
/blog/diriyah-taxi-transfer-guide,/blog/top-tourist-destinations-private-taxi-saudi-arabia,0.0306
/blog/diriyah-taxi-transfer-guide,/blog/taxi-cost-saudi-arabia-price-guide,0.0317
/blog/diriyah-taxi-transfer-guide,/blog/jeddah-airport-to-makkah-taxi-service-guide,0.0266
/blog/family-travel-bahrain-to-saudi-arabia,/blog/riyadh-season-transport-guide,0.0349
/blog/family-travel-bahrain-to-saudi-arabia,/blog/child-car-seat-law-saudi-arabia,0.0355
/blog/family-travel-bahrain-to-saudi-arabia,/blog/riyadh-to-alula-road-trip-guide,0.0391
/blog/family-travel-bahrain-to-saudi-arabia,/blog/madinah-to-yanbu-transfer-guide,0.0455
/blog/family-travel-bahrain-to-saudi-arabia,/blog/ai-travel-planning-vs-local-experts-saudi-arabia,0.0321
/blog/family-travel-bahrain-to-saudi-arabia,/blog/friday-prayer-travel-tips-saudi-arabia,0.0319
/blog/family-travel-bahrain-to-saudi-arabia,/blog/saudi-arabia-travel-scams-tourists-should-know,0.0324
/blog/family-travel-bahrain-to-saudi-arabia,/blog/hotel-near-haram-what-to-know-before-booking,0.0319
/blog/family-travel-bahrain-to-saudi-arabia,/blog/saudi-arabia-airport-wifi-guide,0.0295
/blog/family-travel-bahrain-to-saudi-arabia,/blog/best-cashless-payment-apps-saudi-arabia,0.0305
/blog/family-travel-bahrain-to-saudi-arabia,/blog/what-happens-if-flight-to-saudi-arabia-delayed,0.0274
/blog/family-travel-bahrain-to-saudi-arabia,/blog/saudi-arabia-with-elderly-parents-travel-tips,0.0292
/blog/family-travel-bahrain-to-saudi-arabia,/blog/is-saudi-arabia-safe-for-solo-tourists-2026,0.0270
/blog/family-travel-bahrain-to-saudi-arabia,/blog/saudi-arabia-in-august-weather-crowds-travel-tips,0.0246
/blog/family-travel-bahrain-to-saudi-arabia,/blog/saudi-airport-transfer-tips,0.0302
/blog/family-travel-bahrain-to-saudi-arabia,/blog/saudi-arabia-digital-nomad-guide,0.0273
/blog/family-travel-bahrain-to-saudi-arabia,/blog/king-fahd-causeway-guide,0.0459
/blog/family-travel-bahrain-to-saudi-arabia,/blog/dammam-travel-guide,0.0329
/blog/family-travel-bahrain-to-saudi-arabia,/blog/saudi-airport-pickup-guide,0.0286
/blog/family-travel-bahrain-to-saudi-arabia,/blog/saudi-arabia-business-travel-guide-2027,0.0299
/blog/family-travel-bahrain-to-saudi-arabia,/blog/dammam-to-bahrain-travel-guide,0.0582
/blog/family-travel-bahrain-to-saudi-arabia,/blog/king-fahd-international-airport-complete-guide,0.0273
/blog/family-travel-bahrain-to-saudi-arabia,/blog/best-hotels-near-dammam-airport,0.0324
/blog/family-travel-bahrain-to-saudi-arabia,/blog/saudi-arabia-entry-requirements-2027,0.0236
/blog/family-travel-bahrain-to-saudi-arabia,/blog/how-to-exchange-currency-in-saudi-arabia,0.0336
/blog/family-travel-bahrain-to-saudi-arabia,/blog/what-to-wear-in-saudi-arabia-tourist,0.0351
/blog/family-travel-bahrain-to-saudi-arabia,/blog/how-much-cash-to-carry-in-saudi-arabia,0.0322
/blog/family-travel-bahrain-to-saudi-arabia,/blog/saudi-arabia-travel-checklist-before-flight,0.0343
/blog/family-travel-bahrain-to-saudi-arabia,/blog/common-mistakes-tourists-make-in-saudi-arabia,0.0322
/blog/family-travel-bahrain-to-saudi-arabia,/blog/saudi-arabia-sim-card-guide-tourists,0.0302
/blog/family-travel-bahrain-to-saudi-arabia,/blog/uber-vs-careem-vs-private-transfer-saudi-arabia,0.0346
/blog/family-travel-bahrain-to-saudi-arabia,/blog/what-to-do-after-landing-at-jeddah-airport,0.0350
/blog/family-travel-bahrain-to-saudi-arabia,/blog/documents-needed-to-travel-to-saudi-arabia,0.0340
/blog/family-travel-bahrain-to-saudi-arabia,/blog/jeddah-airport-terminal-guide-jed,0.0328
/blog/family-travel-bahrain-to-saudi-arabia,/blog/riyadh-air-what-travelers-should-know,0.0329
/blog/family-travel-bahrain-to-saudi-arabia,/blog/jeddah-to-alula-transport-options,0.0319
/blog/family-travel-bahrain-to-saudi-arabia,/blog/best-day-trips-from-riyadh-private-driver,0.0334
/blog/family-travel-bahrain-to-saudi-arabia,/blog/neom-travel-guide-2026,0.0333
/blog/family-travel-bahrain-to-saudi-arabia,/blog/red-sea-project-travel-guide,0.0281
/blog/family-travel-bahrain-to-saudi-arabia,/blog/saudi-tourist-visa-2026-guide,0.0323
/blog/family-travel-bahrain-to-saudi-arabia,/blog/can-tourists-drive-in-saudi-arabia,0.0352
/blog/family-travel-bahrain-to-saudi-arabia,/blog/jeddah-season-2026-events-attractions-guide,0.0280
/blog/family-travel-bahrain-to-saudi-arabia,/blog/saudi-school-public-holidays-2027,0.0328
/blog/family-travel-bahrain-to-saudi-arabia,/blog/best-places-to-visit-taif-summer,0.0278
/blog/family-travel-bahrain-to-saudi-arabia,/blog/saudi-national-day-2026-best-cities,0.0336
/blog/family-travel-bahrain-to-saudi-arabia,/blog/fifa-world-cup-2034-saudi-arabia-travel-planning,0.0330
/blog/family-travel-bahrain-to-saudi-arabia,/blog/riyadh-expo-2030-preparations,0.0346
/blog/family-travel-bahrain-to-saudi-arabia,/blog/saudi-arabia-tourism-projects-2027,0.0312
/blog/family-travel-bahrain-to-saudi-arabia,/blog/hajj-2027-registration-permit-updates,0.0226
/blog/family-travel-bahrain-to-saudi-arabia,/blog/nusuk-app-umrah-guide,0.0224
/blog/family-travel-bahrain-to-saudi-arabia,/blog/cost-of-umrah-trip-2026,0.0217
/blog/family-travel-bahrain-to-saudi-arabia,/blog/private-chauffeur-vs-ride-hailing-saudi-arabia,0.0318
/blog/family-travel-bahrain-to-saudi-arabia,/blog/solo-female-pilgrim-travel-saudi-arabia,0.0220
/blog/family-travel-bahrain-to-saudi-arabia,/blog/ramadan-2026-makkah-transport-guide,0.0219
/blog/family-travel-bahrain-to-saudi-arabia,/blog/riyadh-metro-vs-taxi,0.0328
/blog/family-travel-bahrain-to-saudi-arabia,/blog/alula-travel-guide-2026,0.0308
/blog/family-travel-bahrain-to-saudi-arabia,/blog/king-salman-airport-transfers-guide,0.0310
/blog/family-travel-bahrain-to-saudi-arabia,/blog/transportation-mistakes-pilgrims,0.0216
/blog/family-travel-bahrain-to-saudi-arabia,/blog/miqat-locations-for-umrah,0.0213
/blog/family-travel-bahrain-to-saudi-arabia,/blog/new-saudi-umrah-visa-rules-2026,0.0226
/blog/family-travel-bahrain-to-saudi-arabia,/blog/vip-transfer-jeddah-airport-to-makkah,0.0223
/blog/family-travel-bahrain-to-saudi-arabia,/blog/makkah-madinah-train-vs-taxi,0.0213
/blog/family-travel-bahrain-to-saudi-arabia,/blog/umrah-with-children,0.0215
/blog/family-travel-bahrain-to-saudi-arabia,/blog/how-to-travel-between-makkah-madinah-jeddah,0.0235
/blog/family-travel-bahrain-to-saudi-arabia,/blog/umrah-for-elderly-pilgrims,0.0214
/blog/family-travel-bahrain-to-saudi-arabia,/blog/complete-guide-to-masjid-al-haram,0.0233
/blog/family-travel-bahrain-to-saudi-arabia,/blog/common-questions-first-time-umrah-pilgrims,0.0241
/blog/family-travel-bahrain-to-saudi-arabia,/blog/jeddah-airport-arrival-guide-umrah,0.0236
/blog/family-travel-bahrain-to-saudi-arabia,/blog/saudi-arabia-entry-requirements-pilgrims-2026,0.0239
/blog/family-travel-bahrain-to-saudi-arabia,/blog/essential-duas-for-umrah-and-hajj,0.0241
/blog/family-travel-bahrain-to-saudi-arabia,/blog/difference-between-hajj-and-umrah,0.0236
/blog/family-travel-bahrain-to-saudi-arabia,/blog/first-time-visiting-makkah-guide,0.0236
/blog/family-travel-bahrain-to-saudi-arabia,/blog/first-time-visiting-madinah-guide,0.0242
/blog/family-travel-bahrain-to-saudi-arabia,/blog/best-time-to-perform-umrah-2026,0.0236
/blog/family-travel-bahrain-to-saudi-arabia,/blog/madinah-ziyarat-historic-sites-guide,0.0221
/blog/family-travel-bahrain-to-saudi-arabia,/blog/what-to-pack-for-umrah-checklist,0.0217
/blog/family-travel-bahrain-to-saudi-arabia,/blog/main-rituals-of-hajj-explained,0.0224
/blog/family-travel-bahrain-to-saudi-arabia,/blog/common-mistakes-to-avoid-during-umrah,0.0224
/blog/family-travel-bahrain-to-saudi-arabia,/blog/umrah-transport-makkah-madinah-guide,0.0343
/blog/family-travel-bahrain-to-saudi-arabia,/blog/riyadh-to-dammam-taxi-guide,0.0382
/blog/family-travel-bahrain-to-saudi-arabia,/blog/how-to-perform-umrah-step-by-step-guide,0.0223
/blog/family-travel-bahrain-to-saudi-arabia,/blog/saudi-to-bahrain-taxi-king-fahd-causeway,0.0717
/blog/family-travel-bahrain-to-saudi-arabia,/blog/saudi-arabia-intercity-taxi-services-guide,0.0322
/blog/family-travel-bahrain-to-saudi-arabia,/blog/makkah-to-madinah-private-taxi-guide,0.0308
/blog/family-travel-bahrain-to-saudi-arabia,/blog/riyadh-airport-transfer-business-travelers,0.0344
/blog/family-travel-bahrain-to-saudi-arabia,/blog/jeddah-to-taif-taxi-guide,0.0334
/blog/family-travel-bahrain-to-saudi-arabia,/blog/top-tourist-destinations-private-taxi-saudi-arabia,0.0302
/blog/family-travel-bahrain-to-saudi-arabia,/blog/taxi-cost-saudi-arabia-price-guide,0.0304
/blog/family-travel-bahrain-to-saudi-arabia,/blog/jeddah-airport-to-makkah-taxi-service-guide,0.0290
/blog/riyadh-season-transport-guide,/blog/child-car-seat-law-saudi-arabia,0.0340
/blog/riyadh-season-transport-guide,/blog/riyadh-to-alula-road-trip-guide,0.0330
/blog/riyadh-season-transport-guide,/blog/madinah-to-yanbu-transfer-guide,0.0340
/blog/riyadh-season-transport-guide,/blog/ai-travel-planning-vs-local-experts-saudi-arabia,0.0283
/blog/riyadh-season-transport-guide,/blog/friday-prayer-travel-tips-saudi-arabia,0.0295
/blog/riyadh-season-transport-guide,/blog/saudi-arabia-travel-scams-tourists-should-know,0.0285
/blog/riyadh-season-transport-guide,/blog/hotel-near-haram-what-to-know-before-booking,0.0285
/blog/riyadh-season-transport-guide,/blog/saudi-arabia-airport-wifi-guide,0.0262
/blog/riyadh-season-transport-guide,/blog/best-cashless-payment-apps-saudi-arabia,0.0292
/blog/riyadh-season-transport-guide,/blog/what-happens-if-flight-to-saudi-arabia-delayed,0.0244
/blog/riyadh-season-transport-guide,/blog/saudi-arabia-with-elderly-parents-travel-tips,0.0263
/blog/riyadh-season-transport-guide,/blog/is-saudi-arabia-safe-for-solo-tourists-2026,0.0244
/blog/riyadh-season-transport-guide,/blog/saudi-arabia-in-august-weather-crowds-travel-tips,0.0223
/blog/riyadh-season-transport-guide,/blog/saudi-airport-transfer-tips,0.0254
/blog/riyadh-season-transport-guide,/blog/saudi-arabia-digital-nomad-guide,0.0249
/blog/riyadh-season-transport-guide,/blog/king-fahd-causeway-guide,0.0252
/blog/riyadh-season-transport-guide,/blog/dammam-travel-guide,0.0322
/blog/riyadh-season-transport-guide,/blog/saudi-airport-pickup-guide,0.0254
/blog/riyadh-season-transport-guide,/blog/saudi-arabia-business-travel-guide-2027,0.0252
/blog/riyadh-season-transport-guide,/blog/dammam-to-bahrain-travel-guide,0.0265
/blog/riyadh-season-transport-guide,/blog/king-fahd-international-airport-complete-guide,0.0253
/blog/riyadh-season-transport-guide,/blog/best-hotels-near-dammam-airport,0.0274
/blog/riyadh-season-transport-guide,/blog/saudi-arabia-entry-requirements-2027,0.0213
/blog/riyadh-season-transport-guide,/blog/how-to-exchange-currency-in-saudi-arabia,0.0292
/blog/riyadh-season-transport-guide,/blog/what-to-wear-in-saudi-arabia-tourist,0.0392
/blog/riyadh-season-transport-guide,/blog/how-much-cash-to-carry-in-saudi-arabia,0.0279
/blog/riyadh-season-transport-guide,/blog/saudi-arabia-travel-checklist-before-flight,0.0307
/blog/riyadh-season-transport-guide,/blog/common-mistakes-tourists-make-in-saudi-arabia,0.0284
/blog/riyadh-season-transport-guide,/blog/saudi-arabia-sim-card-guide-tourists,0.0268
/blog/riyadh-season-transport-guide,/blog/uber-vs-careem-vs-private-transfer-saudi-arabia,0.0295
/blog/riyadh-season-transport-guide,/blog/what-to-do-after-landing-at-jeddah-airport,0.0308
/blog/riyadh-season-transport-guide,/blog/documents-needed-to-travel-to-saudi-arabia,0.0318
/blog/riyadh-season-transport-guide,/blog/jeddah-airport-terminal-guide-jed,0.0295
/blog/riyadh-season-transport-guide,/blog/riyadh-air-what-travelers-should-know,0.0305
/blog/riyadh-season-transport-guide,/blog/jeddah-to-alula-transport-options,0.0286
/blog/riyadh-season-transport-guide,/blog/best-day-trips-from-riyadh-private-driver,0.0307
/blog/riyadh-season-transport-guide,/blog/neom-travel-guide-2026,0.0297
/blog/riyadh-season-transport-guide,/blog/red-sea-project-travel-guide,0.0253
/blog/riyadh-season-transport-guide,/blog/saudi-tourist-visa-2026-guide,0.0304
/blog/riyadh-season-transport-guide,/blog/can-tourists-drive-in-saudi-arabia,0.0379
/blog/riyadh-season-transport-guide,/blog/jeddah-season-2026-events-attractions-guide,0.0350
/blog/riyadh-season-transport-guide,/blog/saudi-school-public-holidays-2027,0.0310
/blog/riyadh-season-transport-guide,/blog/best-places-to-visit-taif-summer,0.0244
/blog/riyadh-season-transport-guide,/blog/saudi-national-day-2026-best-cities,0.0593
/blog/riyadh-season-transport-guide,/blog/fifa-world-cup-2034-saudi-arabia-travel-planning,0.0397
/blog/riyadh-season-transport-guide,/blog/riyadh-expo-2030-preparations,0.0402
/blog/riyadh-season-transport-guide,/blog/saudi-arabia-tourism-projects-2027,0.0440
/blog/riyadh-season-transport-guide,/blog/hajj-2027-registration-permit-updates,0.0222
/blog/riyadh-season-transport-guide,/blog/nusuk-app-umrah-guide,0.0201
/blog/riyadh-season-transport-guide,/blog/cost-of-umrah-trip-2026,0.0191
/blog/riyadh-season-transport-guide,/blog/private-chauffeur-vs-ride-hailing-saudi-arabia,0.0280
/blog/riyadh-season-transport-guide,/blog/solo-female-pilgrim-travel-saudi-arabia,0.0193
/blog/riyadh-season-transport-guide,/blog/ramadan-2026-makkah-transport-guide,0.0203
/blog/riyadh-season-transport-guide,/blog/riyadh-metro-vs-taxi,0.0320
/blog/riyadh-season-transport-guide,/blog/alula-travel-guide-2026,0.0276
/blog/riyadh-season-transport-guide,/blog/king-salman-airport-transfers-guide,0.0303
/blog/riyadh-season-transport-guide,/blog/transportation-mistakes-pilgrims,0.0199
/blog/riyadh-season-transport-guide,/blog/miqat-locations-for-umrah,0.0190
/blog/riyadh-season-transport-guide,/blog/new-saudi-umrah-visa-rules-2026,0.0193
/blog/riyadh-season-transport-guide,/blog/vip-transfer-jeddah-airport-to-makkah,0.0196
/blog/riyadh-season-transport-guide,/blog/makkah-madinah-train-vs-taxi,0.0194
/blog/riyadh-season-transport-guide,/blog/umrah-with-children,0.0184
/blog/riyadh-season-transport-guide,/blog/how-to-travel-between-makkah-madinah-jeddah,0.0210
/blog/riyadh-season-transport-guide,/blog/umrah-for-elderly-pilgrims,0.0182
/blog/riyadh-season-transport-guide,/blog/complete-guide-to-masjid-al-haram,0.0215
/blog/riyadh-season-transport-guide,/blog/common-questions-first-time-umrah-pilgrims,0.0210
/blog/riyadh-season-transport-guide,/blog/jeddah-airport-arrival-guide-umrah,0.0206
/blog/riyadh-season-transport-guide,/blog/saudi-arabia-entry-requirements-pilgrims-2026,0.0208
/blog/riyadh-season-transport-guide,/blog/essential-duas-for-umrah-and-hajj,0.0208
/blog/riyadh-season-transport-guide,/blog/difference-between-hajj-and-umrah,0.0208
/blog/riyadh-season-transport-guide,/blog/first-time-visiting-makkah-guide,0.0208
/blog/riyadh-season-transport-guide,/blog/first-time-visiting-madinah-guide,0.0210
/blog/riyadh-season-transport-guide,/blog/best-time-to-perform-umrah-2026,0.0206
/blog/riyadh-season-transport-guide,/blog/madinah-ziyarat-historic-sites-guide,0.0205
/blog/riyadh-season-transport-guide,/blog/what-to-pack-for-umrah-checklist,0.0189
/blog/riyadh-season-transport-guide,/blog/main-rituals-of-hajj-explained,0.0203
/blog/riyadh-season-transport-guide,/blog/common-mistakes-to-avoid-during-umrah,0.0201
/blog/riyadh-season-transport-guide,/blog/umrah-transport-makkah-madinah-guide,0.0272
/blog/riyadh-season-transport-guide,/blog/riyadh-to-dammam-taxi-guide,0.0296
/blog/riyadh-season-transport-guide,/blog/how-to-perform-umrah-step-by-step-guide,0.0207
/blog/riyadh-season-transport-guide,/blog/saudi-to-bahrain-taxi-king-fahd-causeway,0.0292
/blog/riyadh-season-transport-guide,/blog/saudi-arabia-intercity-taxi-services-guide,0.0270
/blog/riyadh-season-transport-guide,/blog/makkah-to-madinah-private-taxi-guide,0.0267
/blog/riyadh-season-transport-guide,/blog/riyadh-airport-transfer-business-travelers,0.0304
/blog/riyadh-season-transport-guide,/blog/jeddah-to-taif-taxi-guide,0.0263
/blog/riyadh-season-transport-guide,/blog/top-tourist-destinations-private-taxi-saudi-arabia,0.0358
/blog/riyadh-season-transport-guide,/blog/taxi-cost-saudi-arabia-price-guide,0.0261
/blog/riyadh-season-transport-guide,/blog/jeddah-airport-to-makkah-taxi-service-guide,0.0248
/blog/child-car-seat-law-saudi-arabia,/blog/riyadh-to-alula-road-trip-guide,0.0325
/blog/child-car-seat-law-saudi-arabia,/blog/madinah-to-yanbu-transfer-guide,0.0368
/blog/child-car-seat-law-saudi-arabia,/blog/ai-travel-planning-vs-local-experts-saudi-arabia,0.0349
/blog/child-car-seat-law-saudi-arabia,/blog/friday-prayer-travel-tips-saudi-arabia,0.0409
/blog/child-car-seat-law-saudi-arabia,/blog/saudi-arabia-travel-scams-tourists-should-know,0.0336
/blog/child-car-seat-law-saudi-arabia,/blog/hotel-near-haram-what-to-know-before-booking,0.0323
/blog/child-car-seat-law-saudi-arabia,/blog/saudi-arabia-airport-wifi-guide,0.0308
/blog/child-car-seat-law-saudi-arabia,/blog/best-cashless-payment-apps-saudi-arabia,0.0409
/blog/child-car-seat-law-saudi-arabia,/blog/what-happens-if-flight-to-saudi-arabia-delayed,0.0287
/blog/child-car-seat-law-saudi-arabia,/blog/saudi-arabia-with-elderly-parents-travel-tips,0.0313
/blog/child-car-seat-law-saudi-arabia,/blog/is-saudi-arabia-safe-for-solo-tourists-2026,0.0279
/blog/child-car-seat-law-saudi-arabia,/blog/saudi-arabia-in-august-weather-crowds-travel-tips,0.0251
/blog/child-car-seat-law-saudi-arabia,/blog/saudi-airport-transfer-tips,0.0282
/blog/child-car-seat-law-saudi-arabia,/blog/saudi-arabia-digital-nomad-guide,0.0280
/blog/child-car-seat-law-saudi-arabia,/blog/king-fahd-causeway-guide,0.0283
/blog/child-car-seat-law-saudi-arabia,/blog/dammam-travel-guide,0.0273
/blog/child-car-seat-law-saudi-arabia,/blog/saudi-airport-pickup-guide,0.0289
/blog/child-car-seat-law-saudi-arabia,/blog/saudi-arabia-business-travel-guide-2027,0.0281
/blog/child-car-seat-law-saudi-arabia,/blog/dammam-to-bahrain-travel-guide,0.0266
/blog/child-car-seat-law-saudi-arabia,/blog/king-fahd-international-airport-complete-guide,0.0277
/blog/child-car-seat-law-saudi-arabia,/blog/best-hotels-near-dammam-airport,0.0268
/blog/child-car-seat-law-saudi-arabia,/blog/saudi-arabia-entry-requirements-2027,0.0262
/blog/child-car-seat-law-saudi-arabia,/blog/how-to-exchange-currency-in-saudi-arabia,0.0678
/blog/child-car-seat-law-saudi-arabia,/blog/what-to-wear-in-saudi-arabia-tourist,0.0363
/blog/child-car-seat-law-saudi-arabia,/blog/how-much-cash-to-carry-in-saudi-arabia,0.0430
/blog/child-car-seat-law-saudi-arabia,/blog/saudi-arabia-travel-checklist-before-flight,0.0453
/blog/child-car-seat-law-saudi-arabia,/blog/common-mistakes-tourists-make-in-saudi-arabia,0.0332
/blog/child-car-seat-law-saudi-arabia,/blog/saudi-arabia-sim-card-guide-tourists,0.0327
/blog/child-car-seat-law-saudi-arabia,/blog/uber-vs-careem-vs-private-transfer-saudi-arabia,0.0459
/blog/child-car-seat-law-saudi-arabia,/blog/what-to-do-after-landing-at-jeddah-airport,0.0337
/blog/child-car-seat-law-saudi-arabia,/blog/documents-needed-to-travel-to-saudi-arabia,0.0526
/blog/child-car-seat-law-saudi-arabia,/blog/jeddah-airport-terminal-guide-jed,0.0309
/blog/child-car-seat-law-saudi-arabia,/blog/riyadh-air-what-travelers-should-know,0.0294
/blog/child-car-seat-law-saudi-arabia,/blog/jeddah-to-alula-transport-options,0.0327
/blog/child-car-seat-law-saudi-arabia,/blog/best-day-trips-from-riyadh-private-driver,0.0307
/blog/child-car-seat-law-saudi-arabia,/blog/neom-travel-guide-2026,0.0340
/blog/child-car-seat-law-saudi-arabia,/blog/red-sea-project-travel-guide,0.0292
/blog/child-car-seat-law-saudi-arabia,/blog/saudi-tourist-visa-2026-guide,0.0420
/blog/child-car-seat-law-saudi-arabia,/blog/can-tourists-drive-in-saudi-arabia,0.0379
/blog/child-car-seat-law-saudi-arabia,/blog/jeddah-season-2026-events-attractions-guide,0.0290
/blog/child-car-seat-law-saudi-arabia,/blog/saudi-school-public-holidays-2027,0.0453
/blog/child-car-seat-law-saudi-arabia,/blog/best-places-to-visit-taif-summer,0.0283
/blog/child-car-seat-law-saudi-arabia,/blog/saudi-national-day-2026-best-cities,0.0337
/blog/child-car-seat-law-saudi-arabia,/blog/fifa-world-cup-2034-saudi-arabia-travel-planning,0.0343
/blog/child-car-seat-law-saudi-arabia,/blog/riyadh-expo-2030-preparations,0.0311
/blog/child-car-seat-law-saudi-arabia,/blog/saudi-arabia-tourism-projects-2027,0.0330
/blog/child-car-seat-law-saudi-arabia,/blog/hajj-2027-registration-permit-updates,0.0225
/blog/child-car-seat-law-saudi-arabia,/blog/nusuk-app-umrah-guide,0.0214
/blog/child-car-seat-law-saudi-arabia,/blog/cost-of-umrah-trip-2026,0.0215
/blog/child-car-seat-law-saudi-arabia,/blog/private-chauffeur-vs-ride-hailing-saudi-arabia,0.0329
/blog/child-car-seat-law-saudi-arabia,/blog/solo-female-pilgrim-travel-saudi-arabia,0.0235
/blog/child-car-seat-law-saudi-arabia,/blog/ramadan-2026-makkah-transport-guide,0.0234
/blog/child-car-seat-law-saudi-arabia,/blog/riyadh-metro-vs-taxi,0.0289
/blog/child-car-seat-law-saudi-arabia,/blog/alula-travel-guide-2026,0.0319
/blog/child-car-seat-law-saudi-arabia,/blog/king-salman-airport-transfers-guide,0.0332
/blog/child-car-seat-law-saudi-arabia,/blog/transportation-mistakes-pilgrims,0.0231
/blog/child-car-seat-law-saudi-arabia,/blog/miqat-locations-for-umrah,0.0217
/blog/child-car-seat-law-saudi-arabia,/blog/new-saudi-umrah-visa-rules-2026,0.0216
/blog/child-car-seat-law-saudi-arabia,/blog/vip-transfer-jeddah-airport-to-makkah,0.0209
/blog/child-car-seat-law-saudi-arabia,/blog/makkah-madinah-train-vs-taxi,0.0211
/blog/child-car-seat-law-saudi-arabia,/blog/umrah-with-children,0.0211
/blog/child-car-seat-law-saudi-arabia,/blog/how-to-travel-between-makkah-madinah-jeddah,0.0219
/blog/child-car-seat-law-saudi-arabia,/blog/umrah-for-elderly-pilgrims,0.0201
/blog/child-car-seat-law-saudi-arabia,/blog/complete-guide-to-masjid-al-haram,0.0246
/blog/child-car-seat-law-saudi-arabia,/blog/common-questions-first-time-umrah-pilgrims,0.0224
/blog/child-car-seat-law-saudi-arabia,/blog/jeddah-airport-arrival-guide-umrah,0.0220
/blog/child-car-seat-law-saudi-arabia,/blog/saudi-arabia-entry-requirements-pilgrims-2026,0.0261
/blog/child-car-seat-law-saudi-arabia,/blog/essential-duas-for-umrah-and-hajj,0.0220
/blog/child-car-seat-law-saudi-arabia,/blog/difference-between-hajj-and-umrah,0.0227
/blog/child-car-seat-law-saudi-arabia,/blog/first-time-visiting-makkah-guide,0.0244
/blog/child-car-seat-law-saudi-arabia,/blog/first-time-visiting-madinah-guide,0.0223
/blog/child-car-seat-law-saudi-arabia,/blog/best-time-to-perform-umrah-2026,0.0218
/blog/child-car-seat-law-saudi-arabia,/blog/madinah-ziyarat-historic-sites-guide,0.0205
/blog/child-car-seat-law-saudi-arabia,/blog/what-to-pack-for-umrah-checklist,0.0213
/blog/child-car-seat-law-saudi-arabia,/blog/main-rituals-of-hajj-explained,0.0219
/blog/child-car-seat-law-saudi-arabia,/blog/common-mistakes-to-avoid-during-umrah,0.0207
/blog/child-car-seat-law-saudi-arabia,/blog/umrah-transport-makkah-madinah-guide,0.0290
/blog/child-car-seat-law-saudi-arabia,/blog/riyadh-to-dammam-taxi-guide,0.0292
/blog/child-car-seat-law-saudi-arabia,/blog/how-to-perform-umrah-step-by-step-guide,0.0216
/blog/child-car-seat-law-saudi-arabia,/blog/saudi-to-bahrain-taxi-king-fahd-causeway,0.0290
/blog/child-car-seat-law-saudi-arabia,/blog/saudi-arabia-intercity-taxi-services-guide,0.0321
/blog/child-car-seat-law-saudi-arabia,/blog/makkah-to-madinah-private-taxi-guide,0.0275
/blog/child-car-seat-law-saudi-arabia,/blog/riyadh-airport-transfer-business-travelers,0.0279
/blog/child-car-seat-law-saudi-arabia,/blog/jeddah-to-taif-taxi-guide,0.0322
/blog/child-car-seat-law-saudi-arabia,/blog/top-tourist-destinations-private-taxi-saudi-arabia,0.0318
/blog/child-car-seat-law-saudi-arabia,/blog/taxi-cost-saudi-arabia-price-guide,0.0320
/blog/child-car-seat-law-saudi-arabia,/blog/jeddah-airport-to-makkah-taxi-service-guide,0.0255
/blog/riyadh-to-alula-road-trip-guide,/blog/madinah-to-yanbu-transfer-guide,0.0784
/blog/riyadh-to-alula-road-trip-guide,/blog/ai-travel-planning-vs-local-experts-saudi-arabia,0.0333
/blog/riyadh-to-alula-road-trip-guide,/blog/friday-prayer-travel-tips-saudi-arabia,0.0307
/blog/riyadh-to-alula-road-trip-guide,/blog/saudi-arabia-travel-scams-tourists-should-know,0.0320
/blog/riyadh-to-alula-road-trip-guide,/blog/hotel-near-haram-what-to-know-before-booking,0.0290
/blog/riyadh-to-alula-road-trip-guide,/blog/saudi-arabia-airport-wifi-guide,0.0274
/blog/riyadh-to-alula-road-trip-guide,/blog/best-cashless-payment-apps-saudi-arabia,0.0299
/blog/riyadh-to-alula-road-trip-guide,/blog/what-happens-if-flight-to-saudi-arabia-delayed,0.0254
/blog/riyadh-to-alula-road-trip-guide,/blog/saudi-arabia-with-elderly-parents-travel-tips,0.0269
/blog/riyadh-to-alula-road-trip-guide,/blog/is-saudi-arabia-safe-for-solo-tourists-2026,0.0250
/blog/riyadh-to-alula-road-trip-guide,/blog/saudi-arabia-in-august-weather-crowds-travel-tips,0.0232
/blog/riyadh-to-alula-road-trip-guide,/blog/saudi-airport-transfer-tips,0.0269
/blog/riyadh-to-alula-road-trip-guide,/blog/saudi-arabia-digital-nomad-guide,0.0255
/blog/riyadh-to-alula-road-trip-guide,/blog/king-fahd-causeway-guide,0.0268
/blog/riyadh-to-alula-road-trip-guide,/blog/dammam-travel-guide,0.0283
/blog/riyadh-to-alula-road-trip-guide,/blog/saudi-airport-pickup-guide,0.0270
/blog/riyadh-to-alula-road-trip-guide,/blog/saudi-arabia-business-travel-guide-2027,0.0261
/blog/riyadh-to-alula-road-trip-guide,/blog/dammam-to-bahrain-travel-guide,0.0279
/blog/riyadh-to-alula-road-trip-guide,/blog/king-fahd-international-airport-complete-guide,0.0247
/blog/riyadh-to-alula-road-trip-guide,/blog/best-hotels-near-dammam-airport,0.0281
/blog/riyadh-to-alula-road-trip-guide,/blog/saudi-arabia-entry-requirements-2027,0.0221
/blog/riyadh-to-alula-road-trip-guide,/blog/how-to-exchange-currency-in-saudi-arabia,0.0305
/blog/riyadh-to-alula-road-trip-guide,/blog/what-to-wear-in-saudi-arabia-tourist,0.0327
/blog/riyadh-to-alula-road-trip-guide,/blog/how-much-cash-to-carry-in-saudi-arabia,0.0313
/blog/riyadh-to-alula-road-trip-guide,/blog/saudi-arabia-travel-checklist-before-flight,0.0332
/blog/riyadh-to-alula-road-trip-guide,/blog/common-mistakes-tourists-make-in-saudi-arabia,0.0298
/blog/riyadh-to-alula-road-trip-guide,/blog/saudi-arabia-sim-card-guide-tourists,0.0277
/blog/riyadh-to-alula-road-trip-guide,/blog/uber-vs-careem-vs-private-transfer-saudi-arabia,0.0311
/blog/riyadh-to-alula-road-trip-guide,/blog/what-to-do-after-landing-at-jeddah-airport,0.0314
/blog/riyadh-to-alula-road-trip-guide,/blog/documents-needed-to-travel-to-saudi-arabia,0.0337
/blog/riyadh-to-alula-road-trip-guide,/blog/jeddah-airport-terminal-guide-jed,0.0298
/blog/riyadh-to-alula-road-trip-guide,/blog/riyadh-air-what-travelers-should-know,0.0333
/blog/riyadh-to-alula-road-trip-guide,/blog/jeddah-to-alula-transport-options,0.0301
/blog/riyadh-to-alula-road-trip-guide,/blog/best-day-trips-from-riyadh-private-driver,0.0319
/blog/riyadh-to-alula-road-trip-guide,/blog/neom-travel-guide-2026,0.0307
/blog/riyadh-to-alula-road-trip-guide,/blog/red-sea-project-travel-guide,0.0264
/blog/riyadh-to-alula-road-trip-guide,/blog/saudi-tourist-visa-2026-guide,0.0319
/blog/riyadh-to-alula-road-trip-guide,/blog/can-tourists-drive-in-saudi-arabia,0.0338
/blog/riyadh-to-alula-road-trip-guide,/blog/jeddah-season-2026-events-attractions-guide,0.0265
/blog/riyadh-to-alula-road-trip-guide,/blog/saudi-school-public-holidays-2027,0.0303
/blog/riyadh-to-alula-road-trip-guide,/blog/best-places-to-visit-taif-summer,0.0258
/blog/riyadh-to-alula-road-trip-guide,/blog/saudi-national-day-2026-best-cities,0.0303
/blog/riyadh-to-alula-road-trip-guide,/blog/fifa-world-cup-2034-saudi-arabia-travel-planning,0.0303
/blog/riyadh-to-alula-road-trip-guide,/blog/riyadh-expo-2030-preparations,0.0315
/blog/riyadh-to-alula-road-trip-guide,/blog/saudi-arabia-tourism-projects-2027,0.0312
/blog/riyadh-to-alula-road-trip-guide,/blog/hajj-2027-registration-permit-updates,0.0215
/blog/riyadh-to-alula-road-trip-guide,/blog/nusuk-app-umrah-guide,0.0204
/blog/riyadh-to-alula-road-trip-guide,/blog/cost-of-umrah-trip-2026,0.0198
/blog/riyadh-to-alula-road-trip-guide,/blog/private-chauffeur-vs-ride-hailing-saudi-arabia,0.0290
/blog/riyadh-to-alula-road-trip-guide,/blog/solo-female-pilgrim-travel-saudi-arabia,0.0201
/blog/riyadh-to-alula-road-trip-guide,/blog/ramadan-2026-makkah-transport-guide,0.0204
/blog/riyadh-to-alula-road-trip-guide,/blog/riyadh-metro-vs-taxi,0.0296
/blog/riyadh-to-alula-road-trip-guide,/blog/alula-travel-guide-2026,0.0301
/blog/riyadh-to-alula-road-trip-guide,/blog/king-salman-airport-transfers-guide,0.0283
/blog/riyadh-to-alula-road-trip-guide,/blog/transportation-mistakes-pilgrims,0.0196
/blog/riyadh-to-alula-road-trip-guide,/blog/miqat-locations-for-umrah,0.0195
/blog/riyadh-to-alula-road-trip-guide,/blog/new-saudi-umrah-visa-rules-2026,0.0202
/blog/riyadh-to-alula-road-trip-guide,/blog/vip-transfer-jeddah-airport-to-makkah,0.0203
/blog/riyadh-to-alula-road-trip-guide,/blog/makkah-madinah-train-vs-taxi,0.0197
/blog/riyadh-to-alula-road-trip-guide,/blog/umrah-with-children,0.0193
/blog/riyadh-to-alula-road-trip-guide,/blog/how-to-travel-between-makkah-madinah-jeddah,0.0220
/blog/riyadh-to-alula-road-trip-guide,/blog/umrah-for-elderly-pilgrims,0.0194
/blog/riyadh-to-alula-road-trip-guide,/blog/complete-guide-to-masjid-al-haram,0.0212
/blog/riyadh-to-alula-road-trip-guide,/blog/common-questions-first-time-umrah-pilgrims,0.0218
/blog/riyadh-to-alula-road-trip-guide,/blog/jeddah-airport-arrival-guide-umrah,0.0218
/blog/riyadh-to-alula-road-trip-guide,/blog/saudi-arabia-entry-requirements-pilgrims-2026,0.0216
/blog/riyadh-to-alula-road-trip-guide,/blog/essential-duas-for-umrah-and-hajj,0.0216
/blog/riyadh-to-alula-road-trip-guide,/blog/difference-between-hajj-and-umrah,0.0214
/blog/riyadh-to-alula-road-trip-guide,/blog/first-time-visiting-makkah-guide,0.0224
/blog/riyadh-to-alula-road-trip-guide,/blog/first-time-visiting-madinah-guide,0.0228
/blog/riyadh-to-alula-road-trip-guide,/blog/best-time-to-perform-umrah-2026,0.0214
/blog/riyadh-to-alula-road-trip-guide,/blog/madinah-ziyarat-historic-sites-guide,0.0204
/blog/riyadh-to-alula-road-trip-guide,/blog/what-to-pack-for-umrah-checklist,0.0201
/blog/riyadh-to-alula-road-trip-guide,/blog/main-rituals-of-hajj-explained,0.0204
/blog/riyadh-to-alula-road-trip-guide,/blog/common-mistakes-to-avoid-during-umrah,0.0204
/blog/riyadh-to-alula-road-trip-guide,/blog/umrah-transport-makkah-madinah-guide,0.0305
/blog/riyadh-to-alula-road-trip-guide,/blog/riyadh-to-dammam-taxi-guide,0.0730
/blog/riyadh-to-alula-road-trip-guide,/blog/how-to-perform-umrah-step-by-step-guide,0.0210
/blog/riyadh-to-alula-road-trip-guide,/blog/saudi-to-bahrain-taxi-king-fahd-causeway,0.0333
/blog/riyadh-to-alula-road-trip-guide,/blog/saudi-arabia-intercity-taxi-services-guide,0.0576
/blog/riyadh-to-alula-road-trip-guide,/blog/makkah-to-madinah-private-taxi-guide,0.0523
/blog/riyadh-to-alula-road-trip-guide,/blog/riyadh-airport-transfer-business-travelers,0.0339
/blog/riyadh-to-alula-road-trip-guide,/blog/jeddah-to-taif-taxi-guide,0.0624
/blog/riyadh-to-alula-road-trip-guide,/blog/top-tourist-destinations-private-taxi-saudi-arabia,0.0276
/blog/riyadh-to-alula-road-trip-guide,/blog/taxi-cost-saudi-arabia-price-guide,0.0281
/blog/riyadh-to-alula-road-trip-guide,/blog/jeddah-airport-to-makkah-taxi-service-guide,0.0294
/blog/madinah-to-yanbu-transfer-guide,/blog/ai-travel-planning-vs-local-experts-saudi-arabia,0.0355
/blog/madinah-to-yanbu-transfer-guide,/blog/friday-prayer-travel-tips-saudi-arabia,0.0328
/blog/madinah-to-yanbu-transfer-guide,/blog/saudi-arabia-travel-scams-tourists-should-know,0.0336
/blog/madinah-to-yanbu-transfer-guide,/blog/hotel-near-haram-what-to-know-before-booking,0.0331
/blog/madinah-to-yanbu-transfer-guide,/blog/saudi-arabia-airport-wifi-guide,0.0305
/blog/madinah-to-yanbu-transfer-guide,/blog/best-cashless-payment-apps-saudi-arabia,0.0318
/blog/madinah-to-yanbu-transfer-guide,/blog/what-happens-if-flight-to-saudi-arabia-delayed,0.0283
/blog/madinah-to-yanbu-transfer-guide,/blog/saudi-arabia-with-elderly-parents-travel-tips,0.0301
/blog/madinah-to-yanbu-transfer-guide,/blog/is-saudi-arabia-safe-for-solo-tourists-2026,0.0280
/blog/madinah-to-yanbu-transfer-guide,/blog/saudi-arabia-in-august-weather-crowds-travel-tips,0.0253
/blog/madinah-to-yanbu-transfer-guide,/blog/saudi-airport-transfer-tips,0.0291
/blog/madinah-to-yanbu-transfer-guide,/blog/saudi-arabia-digital-nomad-guide,0.0287
/blog/madinah-to-yanbu-transfer-guide,/blog/king-fahd-causeway-guide,0.0324
/blog/madinah-to-yanbu-transfer-guide,/blog/dammam-travel-guide,0.0288
/blog/madinah-to-yanbu-transfer-guide,/blog/saudi-airport-pickup-guide,0.0299
/blog/madinah-to-yanbu-transfer-guide,/blog/saudi-arabia-business-travel-guide-2027,0.0288
/blog/madinah-to-yanbu-transfer-guide,/blog/dammam-to-bahrain-travel-guide,0.0313
/blog/madinah-to-yanbu-transfer-guide,/blog/king-fahd-international-airport-complete-guide,0.0281
/blog/madinah-to-yanbu-transfer-guide,/blog/best-hotels-near-dammam-airport,0.0299
/blog/madinah-to-yanbu-transfer-guide,/blog/saudi-arabia-entry-requirements-2027,0.0244
/blog/madinah-to-yanbu-transfer-guide,/blog/how-to-exchange-currency-in-saudi-arabia,0.0355
/blog/madinah-to-yanbu-transfer-guide,/blog/what-to-wear-in-saudi-arabia-tourist,0.0375
/blog/madinah-to-yanbu-transfer-guide,/blog/how-much-cash-to-carry-in-saudi-arabia,0.0332
/blog/madinah-to-yanbu-transfer-guide,/blog/saudi-arabia-travel-checklist-before-flight,0.0360
/blog/madinah-to-yanbu-transfer-guide,/blog/common-mistakes-tourists-make-in-saudi-arabia,0.0332
/blog/madinah-to-yanbu-transfer-guide,/blog/saudi-arabia-sim-card-guide-tourists,0.0313
/blog/madinah-to-yanbu-transfer-guide,/blog/uber-vs-careem-vs-private-transfer-saudi-arabia,0.0355
/blog/madinah-to-yanbu-transfer-guide,/blog/what-to-do-after-landing-at-jeddah-airport,0.0356
/blog/madinah-to-yanbu-transfer-guide,/blog/documents-needed-to-travel-to-saudi-arabia,0.0354
/blog/madinah-to-yanbu-transfer-guide,/blog/jeddah-airport-terminal-guide-jed,0.0337
/blog/madinah-to-yanbu-transfer-guide,/blog/riyadh-air-what-travelers-should-know,0.0320
/blog/madinah-to-yanbu-transfer-guide,/blog/jeddah-to-alula-transport-options,0.0342
/blog/madinah-to-yanbu-transfer-guide,/blog/best-day-trips-from-riyadh-private-driver,0.0324
/blog/madinah-to-yanbu-transfer-guide,/blog/neom-travel-guide-2026,0.0351
/blog/madinah-to-yanbu-transfer-guide,/blog/red-sea-project-travel-guide,0.0287
/blog/madinah-to-yanbu-transfer-guide,/blog/saudi-tourist-visa-2026-guide,0.0337
/blog/madinah-to-yanbu-transfer-guide,/blog/can-tourists-drive-in-saudi-arabia,0.0373
/blog/madinah-to-yanbu-transfer-guide,/blog/jeddah-season-2026-events-attractions-guide,0.0291
/blog/madinah-to-yanbu-transfer-guide,/blog/saudi-school-public-holidays-2027,0.0341
/blog/madinah-to-yanbu-transfer-guide,/blog/best-places-to-visit-taif-summer,0.0284
/blog/madinah-to-yanbu-transfer-guide,/blog/saudi-national-day-2026-best-cities,0.0358
/blog/madinah-to-yanbu-transfer-guide,/blog/fifa-world-cup-2034-saudi-arabia-travel-planning,0.0341
/blog/madinah-to-yanbu-transfer-guide,/blog/riyadh-expo-2030-preparations,0.0331
/blog/madinah-to-yanbu-transfer-guide,/blog/saudi-arabia-tourism-projects-2027,0.0334
/blog/madinah-to-yanbu-transfer-guide,/blog/hajj-2027-registration-permit-updates,0.0242
/blog/madinah-to-yanbu-transfer-guide,/blog/nusuk-app-umrah-guide,0.0235
/blog/madinah-to-yanbu-transfer-guide,/blog/cost-of-umrah-trip-2026,0.0225
/blog/madinah-to-yanbu-transfer-guide,/blog/private-chauffeur-vs-ride-hailing-saudi-arabia,0.0330
/blog/madinah-to-yanbu-transfer-guide,/blog/solo-female-pilgrim-travel-saudi-arabia,0.0228
/blog/madinah-to-yanbu-transfer-guide,/blog/ramadan-2026-makkah-transport-guide,0.0230
/blog/madinah-to-yanbu-transfer-guide,/blog/riyadh-metro-vs-taxi,0.0313
/blog/madinah-to-yanbu-transfer-guide,/blog/alula-travel-guide-2026,0.0327
/blog/madinah-to-yanbu-transfer-guide,/blog/king-salman-airport-transfers-guide,0.0329
/blog/madinah-to-yanbu-transfer-guide,/blog/transportation-mistakes-pilgrims,0.0219
/blog/madinah-to-yanbu-transfer-guide,/blog/miqat-locations-for-umrah,0.0220
/blog/madinah-to-yanbu-transfer-guide,/blog/new-saudi-umrah-visa-rules-2026,0.0230
/blog/madinah-to-yanbu-transfer-guide,/blog/vip-transfer-jeddah-airport-to-makkah,0.0231
/blog/madinah-to-yanbu-transfer-guide,/blog/makkah-madinah-train-vs-taxi,0.0244
/blog/madinah-to-yanbu-transfer-guide,/blog/umrah-with-children,0.0223
/blog/madinah-to-yanbu-transfer-guide,/blog/how-to-travel-between-makkah-madinah-jeddah,0.0274
/blog/madinah-to-yanbu-transfer-guide,/blog/umrah-for-elderly-pilgrims,0.0214
/blog/madinah-to-yanbu-transfer-guide,/blog/complete-guide-to-masjid-al-haram,0.0245
/blog/madinah-to-yanbu-transfer-guide,/blog/common-questions-first-time-umrah-pilgrims,0.0259
/blog/madinah-to-yanbu-transfer-guide,/blog/jeddah-airport-arrival-guide-umrah,0.0251
/blog/madinah-to-yanbu-transfer-guide,/blog/saudi-arabia-entry-requirements-pilgrims-2026,0.0251
/blog/madinah-to-yanbu-transfer-guide,/blog/essential-duas-for-umrah-and-hajj,0.0251
/blog/madinah-to-yanbu-transfer-guide,/blog/difference-between-hajj-and-umrah,0.0248
/blog/madinah-to-yanbu-transfer-guide,/blog/first-time-visiting-makkah-guide,0.0259
/blog/madinah-to-yanbu-transfer-guide,/blog/first-time-visiting-madinah-guide,0.0290
/blog/madinah-to-yanbu-transfer-guide,/blog/best-time-to-perform-umrah-2026,0.0248
/blog/madinah-to-yanbu-transfer-guide,/blog/madinah-ziyarat-historic-sites-guide,0.0239
/blog/madinah-to-yanbu-transfer-guide,/blog/what-to-pack-for-umrah-checklist,0.0225
/blog/madinah-to-yanbu-transfer-guide,/blog/main-rituals-of-hajj-explained,0.0235
/blog/madinah-to-yanbu-transfer-guide,/blog/common-mistakes-to-avoid-during-umrah,0.0235
/blog/madinah-to-yanbu-transfer-guide,/blog/umrah-transport-makkah-madinah-guide,0.0369
/blog/madinah-to-yanbu-transfer-guide,/blog/riyadh-to-dammam-taxi-guide,0.0707
/blog/madinah-to-yanbu-transfer-guide,/blog/how-to-perform-umrah-step-by-step-guide,0.0236
/blog/madinah-to-yanbu-transfer-guide,/blog/saudi-to-bahrain-taxi-king-fahd-causeway,0.0371
/blog/madinah-to-yanbu-transfer-guide,/blog/saudi-arabia-intercity-taxi-services-guide,0.0631
/blog/madinah-to-yanbu-transfer-guide,/blog/makkah-to-madinah-private-taxi-guide,0.0659
/blog/madinah-to-yanbu-transfer-guide,/blog/riyadh-airport-transfer-business-travelers,0.0337
/blog/madinah-to-yanbu-transfer-guide,/blog/jeddah-to-taif-taxi-guide,0.0718
/blog/madinah-to-yanbu-transfer-guide,/blog/top-tourist-destinations-private-taxi-saudi-arabia,0.0318
/blog/madinah-to-yanbu-transfer-guide,/blog/taxi-cost-saudi-arabia-price-guide,0.0352
/blog/madinah-to-yanbu-transfer-guide,/blog/jeddah-airport-to-makkah-taxi-service-guide,0.0324
/blog/ai-travel-planning-vs-local-experts-saudi-arabia,/blog/friday-prayer-travel-tips-saudi-arabia,0.0430
/blog/ai-travel-planning-vs-local-experts-saudi-arabia,/blog/saudi-arabia-travel-scams-tourists-should-know,0.0450
/blog/ai-travel-planning-vs-local-experts-saudi-arabia,/blog/hotel-near-haram-what-to-know-before-booking,0.0332
/blog/ai-travel-planning-vs-local-experts-saudi-arabia,/blog/saudi-arabia-airport-wifi-guide,0.0398
/blog/ai-travel-planning-vs-local-experts-saudi-arabia,/blog/best-cashless-payment-apps-saudi-arabia,0.0425
/blog/ai-travel-planning-vs-local-experts-saudi-arabia,/blog/what-happens-if-flight-to-saudi-arabia-delayed,0.0481
/blog/ai-travel-planning-vs-local-experts-saudi-arabia,/blog/saudi-arabia-with-elderly-parents-travel-tips,0.0503
/blog/ai-travel-planning-vs-local-experts-saudi-arabia,/blog/is-saudi-arabia-safe-for-solo-tourists-2026,0.0361
/blog/ai-travel-planning-vs-local-experts-saudi-arabia,/blog/saudi-arabia-in-august-weather-crowds-travel-tips,0.0256
/blog/ai-travel-planning-vs-local-experts-saudi-arabia,/blog/saudi-airport-transfer-tips,0.0262
/blog/ai-travel-planning-vs-local-experts-saudi-arabia,/blog/saudi-arabia-digital-nomad-guide,0.0268
/blog/ai-travel-planning-vs-local-experts-saudi-arabia,/blog/king-fahd-causeway-guide,0.0270
/blog/ai-travel-planning-vs-local-experts-saudi-arabia,/blog/dammam-travel-guide,0.0243
/blog/ai-travel-planning-vs-local-experts-saudi-arabia,/blog/saudi-airport-pickup-guide,0.0270
/blog/ai-travel-planning-vs-local-experts-saudi-arabia,/blog/saudi-arabia-business-travel-guide-2027,0.0265
/blog/ai-travel-planning-vs-local-experts-saudi-arabia,/blog/dammam-to-bahrain-travel-guide,0.0244
/blog/ai-travel-planning-vs-local-experts-saudi-arabia,/blog/king-fahd-international-airport-complete-guide,0.0260
/blog/ai-travel-planning-vs-local-experts-saudi-arabia,/blog/best-hotels-near-dammam-airport,0.0247
/blog/ai-travel-planning-vs-local-experts-saudi-arabia,/blog/saudi-arabia-entry-requirements-2027,0.0244
/blog/ai-travel-planning-vs-local-experts-saudi-arabia,/blog/how-to-exchange-currency-in-saudi-arabia,0.0349
/blog/ai-travel-planning-vs-local-experts-saudi-arabia,/blog/what-to-wear-in-saudi-arabia-tourist,0.0331
/blog/ai-travel-planning-vs-local-experts-saudi-arabia,/blog/how-much-cash-to-carry-in-saudi-arabia,0.0432
/blog/ai-travel-planning-vs-local-experts-saudi-arabia,/blog/saudi-arabia-travel-checklist-before-flight,0.0504
/blog/ai-travel-planning-vs-local-experts-saudi-arabia,/blog/common-mistakes-tourists-make-in-saudi-arabia,0.0309
/blog/ai-travel-planning-vs-local-experts-saudi-arabia,/blog/saudi-arabia-sim-card-guide-tourists,0.0303
/blog/ai-travel-planning-vs-local-experts-saudi-arabia,/blog/uber-vs-careem-vs-private-transfer-saudi-arabia,0.0454
/blog/ai-travel-planning-vs-local-experts-saudi-arabia,/blog/what-to-do-after-landing-at-jeddah-airport,0.0299
/blog/ai-travel-planning-vs-local-experts-saudi-arabia,/blog/documents-needed-to-travel-to-saudi-arabia,0.0459
/blog/ai-travel-planning-vs-local-experts-saudi-arabia,/blog/jeddah-airport-terminal-guide-jed,0.0285
/blog/ai-travel-planning-vs-local-experts-saudi-arabia,/blog/riyadh-air-what-travelers-should-know,0.0384
/blog/ai-travel-planning-vs-local-experts-saudi-arabia,/blog/jeddah-to-alula-transport-options,0.0298
/blog/ai-travel-planning-vs-local-experts-saudi-arabia,/blog/best-day-trips-from-riyadh-private-driver,0.0274
/blog/ai-travel-planning-vs-local-experts-saudi-arabia,/blog/neom-travel-guide-2026,0.0314
/blog/ai-travel-planning-vs-local-experts-saudi-arabia,/blog/red-sea-project-travel-guide,0.0270
/blog/ai-travel-planning-vs-local-experts-saudi-arabia,/blog/saudi-tourist-visa-2026-guide,0.0420
/blog/ai-travel-planning-vs-local-experts-saudi-arabia,/blog/can-tourists-drive-in-saudi-arabia,0.0325
/blog/ai-travel-planning-vs-local-experts-saudi-arabia,/blog/jeddah-season-2026-events-attractions-guide,0.0267
/blog/ai-travel-planning-vs-local-experts-saudi-arabia,/blog/saudi-school-public-holidays-2027,0.0326
/blog/ai-travel-planning-vs-local-experts-saudi-arabia,/blog/best-places-to-visit-taif-summer,0.0260
/blog/ai-travel-planning-vs-local-experts-saudi-arabia,/blog/saudi-national-day-2026-best-cities,0.0311
/blog/ai-travel-planning-vs-local-experts-saudi-arabia,/blog/fifa-world-cup-2034-saudi-arabia-travel-planning,0.0321
/blog/ai-travel-planning-vs-local-experts-saudi-arabia,/blog/riyadh-expo-2030-preparations,0.0291
/blog/ai-travel-planning-vs-local-experts-saudi-arabia,/blog/saudi-arabia-tourism-projects-2027,0.0299
/blog/ai-travel-planning-vs-local-experts-saudi-arabia,/blog/hajj-2027-registration-permit-updates,0.0201
/blog/ai-travel-planning-vs-local-experts-saudi-arabia,/blog/nusuk-app-umrah-guide,0.0199
/blog/ai-travel-planning-vs-local-experts-saudi-arabia,/blog/cost-of-umrah-trip-2026,0.0192
/blog/ai-travel-planning-vs-local-experts-saudi-arabia,/blog/private-chauffeur-vs-ride-hailing-saudi-arabia,0.0297
/blog/ai-travel-planning-vs-local-experts-saudi-arabia,/blog/solo-female-pilgrim-travel-saudi-arabia,0.0221
/blog/ai-travel-planning-vs-local-experts-saudi-arabia,/blog/ramadan-2026-makkah-transport-guide,0.0214
/blog/ai-travel-planning-vs-local-experts-saudi-arabia,/blog/riyadh-metro-vs-taxi,0.0264
/blog/ai-travel-planning-vs-local-experts-saudi-arabia,/blog/alula-travel-guide-2026,0.0293
/blog/ai-travel-planning-vs-local-experts-saudi-arabia,/blog/king-salman-airport-transfers-guide,0.0299
/blog/ai-travel-planning-vs-local-experts-saudi-arabia,/blog/transportation-mistakes-pilgrims,0.0207
/blog/ai-travel-planning-vs-local-experts-saudi-arabia,/blog/miqat-locations-for-umrah,0.0186
/blog/ai-travel-planning-vs-local-experts-saudi-arabia,/blog/new-saudi-umrah-visa-rules-2026,0.0193
/blog/ai-travel-planning-vs-local-experts-saudi-arabia,/blog/vip-transfer-jeddah-airport-to-makkah,0.0192
/blog/ai-travel-planning-vs-local-experts-saudi-arabia,/blog/makkah-madinah-train-vs-taxi,0.0184
/blog/ai-travel-planning-vs-local-experts-saudi-arabia,/blog/umrah-with-children,0.0186
/blog/ai-travel-planning-vs-local-experts-saudi-arabia,/blog/how-to-travel-between-makkah-madinah-jeddah,0.0208
/blog/ai-travel-planning-vs-local-experts-saudi-arabia,/blog/umrah-for-elderly-pilgrims,0.0184
/blog/ai-travel-planning-vs-local-experts-saudi-arabia,/blog/complete-guide-to-masjid-al-haram,0.0226
/blog/ai-travel-planning-vs-local-experts-saudi-arabia,/blog/common-questions-first-time-umrah-pilgrims,0.0207
/blog/ai-travel-planning-vs-local-experts-saudi-arabia,/blog/jeddah-airport-arrival-guide-umrah,0.0203
/blog/ai-travel-planning-vs-local-experts-saudi-arabia,/blog/saudi-arabia-entry-requirements-pilgrims-2026,0.0230
/blog/ai-travel-planning-vs-local-experts-saudi-arabia,/blog/essential-duas-for-umrah-and-hajj,0.0206
/blog/ai-travel-planning-vs-local-experts-saudi-arabia,/blog/difference-between-hajj-and-umrah,0.0212
/blog/ai-travel-planning-vs-local-experts-saudi-arabia,/blog/first-time-visiting-makkah-guide,0.0228
/blog/ai-travel-planning-vs-local-experts-saudi-arabia,/blog/first-time-visiting-madinah-guide,0.0206
/blog/ai-travel-planning-vs-local-experts-saudi-arabia,/blog/best-time-to-perform-umrah-2026,0.0204
/blog/ai-travel-planning-vs-local-experts-saudi-arabia,/blog/madinah-ziyarat-historic-sites-guide,0.0195
/blog/ai-travel-planning-vs-local-experts-saudi-arabia,/blog/what-to-pack-for-umrah-checklist,0.0190
/blog/ai-travel-planning-vs-local-experts-saudi-arabia,/blog/main-rituals-of-hajj-explained,0.0195
/blog/ai-travel-planning-vs-local-experts-saudi-arabia,/blog/common-mistakes-to-avoid-during-umrah,0.0195
/blog/ai-travel-planning-vs-local-experts-saudi-arabia,/blog/umrah-transport-makkah-madinah-guide,0.0263
/blog/ai-travel-planning-vs-local-experts-saudi-arabia,/blog/riyadh-to-dammam-taxi-guide,0.0270
/blog/ai-travel-planning-vs-local-experts-saudi-arabia,/blog/how-to-perform-umrah-step-by-step-guide,0.0198
/blog/ai-travel-planning-vs-local-experts-saudi-arabia,/blog/saudi-to-bahrain-taxi-king-fahd-causeway,0.0267
/blog/ai-travel-planning-vs-local-experts-saudi-arabia,/blog/saudi-arabia-intercity-taxi-services-guide,0.0289
/blog/ai-travel-planning-vs-local-experts-saudi-arabia,/blog/makkah-to-madinah-private-taxi-guide,0.0253
/blog/ai-travel-planning-vs-local-experts-saudi-arabia,/blog/riyadh-airport-transfer-business-travelers,0.0262
/blog/ai-travel-planning-vs-local-experts-saudi-arabia,/blog/jeddah-to-taif-taxi-guide,0.0298
/blog/ai-travel-planning-vs-local-experts-saudi-arabia,/blog/top-tourist-destinations-private-taxi-saudi-arabia,0.0285
/blog/ai-travel-planning-vs-local-experts-saudi-arabia,/blog/taxi-cost-saudi-arabia-price-guide,0.0305
/blog/ai-travel-planning-vs-local-experts-saudi-arabia,/blog/jeddah-airport-to-makkah-taxi-service-guide,0.0241
/blog/friday-prayer-travel-tips-saudi-arabia,/blog/saudi-arabia-travel-scams-tourists-should-know,0.0733
/blog/friday-prayer-travel-tips-saudi-arabia,/blog/hotel-near-haram-what-to-know-before-booking,0.0362
/blog/friday-prayer-travel-tips-saudi-arabia,/blog/saudi-arabia-airport-wifi-guide,0.0425
/blog/friday-prayer-travel-tips-saudi-arabia,/blog/best-cashless-payment-apps-saudi-arabia,0.0710
/blog/friday-prayer-travel-tips-saudi-arabia,/blog/what-happens-if-flight-to-saudi-arabia-delayed,0.0275
/blog/friday-prayer-travel-tips-saudi-arabia,/blog/saudi-arabia-with-elderly-parents-travel-tips,0.0307
/blog/friday-prayer-travel-tips-saudi-arabia,/blog/is-saudi-arabia-safe-for-solo-tourists-2026,0.0264
/blog/friday-prayer-travel-tips-saudi-arabia,/blog/saudi-arabia-in-august-weather-crowds-travel-tips,0.0244
/blog/friday-prayer-travel-tips-saudi-arabia,/blog/saudi-airport-transfer-tips,0.0255
/blog/friday-prayer-travel-tips-saudi-arabia,/blog/saudi-arabia-digital-nomad-guide,0.0262
/blog/friday-prayer-travel-tips-saudi-arabia,/blog/king-fahd-causeway-guide,0.0271
/blog/friday-prayer-travel-tips-saudi-arabia,/blog/dammam-travel-guide,0.0241
/blog/friday-prayer-travel-tips-saudi-arabia,/blog/saudi-airport-pickup-guide,0.0262
/blog/friday-prayer-travel-tips-saudi-arabia,/blog/saudi-arabia-business-travel-guide-2027,0.0264
/blog/friday-prayer-travel-tips-saudi-arabia,/blog/dammam-to-bahrain-travel-guide,0.0240
/blog/friday-prayer-travel-tips-saudi-arabia,/blog/king-fahd-international-airport-complete-guide,0.0246
/blog/friday-prayer-travel-tips-saudi-arabia,/blog/best-hotels-near-dammam-airport,0.0250
/blog/friday-prayer-travel-tips-saudi-arabia,/blog/saudi-arabia-entry-requirements-2027,0.0228
/blog/friday-prayer-travel-tips-saudi-arabia,/blog/how-to-exchange-currency-in-saudi-arabia,0.0310
/blog/friday-prayer-travel-tips-saudi-arabia,/blog/what-to-wear-in-saudi-arabia-tourist,0.0326
/blog/friday-prayer-travel-tips-saudi-arabia,/blog/how-much-cash-to-carry-in-saudi-arabia,0.0704
/blog/friday-prayer-travel-tips-saudi-arabia,/blog/saudi-arabia-travel-checklist-before-flight,0.0560
/blog/friday-prayer-travel-tips-saudi-arabia,/blog/common-mistakes-tourists-make-in-saudi-arabia,0.0303
/blog/friday-prayer-travel-tips-saudi-arabia,/blog/saudi-arabia-sim-card-guide-tourists,0.0566
/blog/friday-prayer-travel-tips-saudi-arabia,/blog/uber-vs-careem-vs-private-transfer-saudi-arabia,0.0318
/blog/friday-prayer-travel-tips-saudi-arabia,/blog/what-to-do-after-landing-at-jeddah-airport,0.0290
/blog/friday-prayer-travel-tips-saudi-arabia,/blog/documents-needed-to-travel-to-saudi-arabia,0.0723
/blog/friday-prayer-travel-tips-saudi-arabia,/blog/jeddah-airport-terminal-guide-jed,0.0279
/blog/friday-prayer-travel-tips-saudi-arabia,/blog/riyadh-air-what-travelers-should-know,0.0634
/blog/friday-prayer-travel-tips-saudi-arabia,/blog/jeddah-to-alula-transport-options,0.0300
/blog/friday-prayer-travel-tips-saudi-arabia,/blog/best-day-trips-from-riyadh-private-driver,0.0268
/blog/friday-prayer-travel-tips-saudi-arabia,/blog/neom-travel-guide-2026,0.0309
/blog/friday-prayer-travel-tips-saudi-arabia,/blog/red-sea-project-travel-guide,0.0260
/blog/friday-prayer-travel-tips-saudi-arabia,/blog/saudi-tourist-visa-2026-guide,0.0678
/blog/friday-prayer-travel-tips-saudi-arabia,/blog/can-tourists-drive-in-saudi-arabia,0.0320
/blog/friday-prayer-travel-tips-saudi-arabia,/blog/jeddah-season-2026-events-attractions-guide,0.0268
/blog/friday-prayer-travel-tips-saudi-arabia,/blog/saudi-school-public-holidays-2027,0.0306
/blog/friday-prayer-travel-tips-saudi-arabia,/blog/best-places-to-visit-taif-summer,0.0264
/blog/friday-prayer-travel-tips-saudi-arabia,/blog/saudi-national-day-2026-best-cities,0.0304
/blog/friday-prayer-travel-tips-saudi-arabia,/blog/fifa-world-cup-2034-saudi-arabia-travel-planning,0.0304
/blog/friday-prayer-travel-tips-saudi-arabia,/blog/riyadh-expo-2030-preparations,0.0279
/blog/friday-prayer-travel-tips-saudi-arabia,/blog/saudi-arabia-tourism-projects-2027,0.0291
/blog/friday-prayer-travel-tips-saudi-arabia,/blog/hajj-2027-registration-permit-updates,0.0199
/blog/friday-prayer-travel-tips-saudi-arabia,/blog/nusuk-app-umrah-guide,0.0197
/blog/friday-prayer-travel-tips-saudi-arabia,/blog/cost-of-umrah-trip-2026,0.0186
/blog/friday-prayer-travel-tips-saudi-arabia,/blog/private-chauffeur-vs-ride-hailing-saudi-arabia,0.0291
/blog/friday-prayer-travel-tips-saudi-arabia,/blog/solo-female-pilgrim-travel-saudi-arabia,0.0214
/blog/friday-prayer-travel-tips-saudi-arabia,/blog/ramadan-2026-makkah-transport-guide,0.0214
/blog/friday-prayer-travel-tips-saudi-arabia,/blog/riyadh-metro-vs-taxi,0.0261
/blog/friday-prayer-travel-tips-saudi-arabia,/blog/alula-travel-guide-2026,0.0293
/blog/friday-prayer-travel-tips-saudi-arabia,/blog/king-salman-airport-transfers-guide,0.0287
/blog/friday-prayer-travel-tips-saudi-arabia,/blog/transportation-mistakes-pilgrims,0.0203
/blog/friday-prayer-travel-tips-saudi-arabia,/blog/miqat-locations-for-umrah,0.0182
/blog/friday-prayer-travel-tips-saudi-arabia,/blog/new-saudi-umrah-visa-rules-2026,0.0189
/blog/friday-prayer-travel-tips-saudi-arabia,/blog/vip-transfer-jeddah-airport-to-makkah,0.0188
/blog/friday-prayer-travel-tips-saudi-arabia,/blog/makkah-madinah-train-vs-taxi,0.0183
/blog/friday-prayer-travel-tips-saudi-arabia,/blog/umrah-with-children,0.0185
/blog/friday-prayer-travel-tips-saudi-arabia,/blog/how-to-travel-between-makkah-madinah-jeddah,0.0199
/blog/friday-prayer-travel-tips-saudi-arabia,/blog/umrah-for-elderly-pilgrims,0.0180
/blog/friday-prayer-travel-tips-saudi-arabia,/blog/complete-guide-to-masjid-al-haram,0.0221
/blog/friday-prayer-travel-tips-saudi-arabia,/blog/common-questions-first-time-umrah-pilgrims,0.0203
/blog/friday-prayer-travel-tips-saudi-arabia,/blog/jeddah-airport-arrival-guide-umrah,0.0201
/blog/friday-prayer-travel-tips-saudi-arabia,/blog/saudi-arabia-entry-requirements-pilgrims-2026,0.0225
/blog/friday-prayer-travel-tips-saudi-arabia,/blog/essential-duas-for-umrah-and-hajj,0.0201
/blog/friday-prayer-travel-tips-saudi-arabia,/blog/difference-between-hajj-and-umrah,0.0208
/blog/friday-prayer-travel-tips-saudi-arabia,/blog/first-time-visiting-makkah-guide,0.0245
/blog/friday-prayer-travel-tips-saudi-arabia,/blog/first-time-visiting-madinah-guide,0.0201
/blog/friday-prayer-travel-tips-saudi-arabia,/blog/best-time-to-perform-umrah-2026,0.0199
/blog/friday-prayer-travel-tips-saudi-arabia,/blog/madinah-ziyarat-historic-sites-guide,0.0193
/blog/friday-prayer-travel-tips-saudi-arabia,/blog/what-to-pack-for-umrah-checklist,0.0186
/blog/friday-prayer-travel-tips-saudi-arabia,/blog/main-rituals-of-hajj-explained,0.0195
/blog/friday-prayer-travel-tips-saudi-arabia,/blog/common-mistakes-to-avoid-during-umrah,0.0197
/blog/friday-prayer-travel-tips-saudi-arabia,/blog/umrah-transport-makkah-madinah-guide,0.0254
/blog/friday-prayer-travel-tips-saudi-arabia,/blog/riyadh-to-dammam-taxi-guide,0.0260
/blog/friday-prayer-travel-tips-saudi-arabia,/blog/how-to-perform-umrah-step-by-step-guide,0.0196
/blog/friday-prayer-travel-tips-saudi-arabia,/blog/saudi-to-bahrain-taxi-king-fahd-causeway,0.0257
/blog/friday-prayer-travel-tips-saudi-arabia,/blog/saudi-arabia-intercity-taxi-services-guide,0.0279
/blog/friday-prayer-travel-tips-saudi-arabia,/blog/makkah-to-madinah-private-taxi-guide,0.0247
/blog/friday-prayer-travel-tips-saudi-arabia,/blog/riyadh-airport-transfer-business-travelers,0.0250
/blog/friday-prayer-travel-tips-saudi-arabia,/blog/jeddah-to-taif-taxi-guide,0.0287
/blog/friday-prayer-travel-tips-saudi-arabia,/blog/top-tourist-destinations-private-taxi-saudi-arabia,0.0277
/blog/friday-prayer-travel-tips-saudi-arabia,/blog/taxi-cost-saudi-arabia-price-guide,0.0656
/blog/friday-prayer-travel-tips-saudi-arabia,/blog/jeddah-airport-to-makkah-taxi-service-guide,0.0230
/blog/saudi-arabia-travel-scams-tourists-should-know,/blog/hotel-near-haram-what-to-know-before-booking,0.0368
/blog/saudi-arabia-travel-scams-tourists-should-know,/blog/saudi-arabia-airport-wifi-guide,0.0546
/blog/saudi-arabia-travel-scams-tourists-should-know,/blog/best-cashless-payment-apps-saudi-arabia,0.0688
/blog/saudi-arabia-travel-scams-tourists-should-know,/blog/what-happens-if-flight-to-saudi-arabia-delayed,0.0287
/blog/saudi-arabia-travel-scams-tourists-should-know,/blog/saudi-arabia-with-elderly-parents-travel-tips,0.0326
/blog/saudi-arabia-travel-scams-tourists-should-know,/blog/is-saudi-arabia-safe-for-solo-tourists-2026,0.0284
/blog/saudi-arabia-travel-scams-tourists-should-know,/blog/saudi-arabia-in-august-weather-crowds-travel-tips,0.0247
/blog/saudi-arabia-travel-scams-tourists-should-know,/blog/saudi-airport-transfer-tips,0.0266
/blog/saudi-arabia-travel-scams-tourists-should-know,/blog/saudi-arabia-digital-nomad-guide,0.0262
/blog/saudi-arabia-travel-scams-tourists-should-know,/blog/king-fahd-causeway-guide,0.0267
/blog/saudi-arabia-travel-scams-tourists-should-know,/blog/dammam-travel-guide,0.0247
/blog/saudi-arabia-travel-scams-tourists-should-know,/blog/saudi-airport-pickup-guide,0.0275
/blog/saudi-arabia-travel-scams-tourists-should-know,/blog/saudi-arabia-business-travel-guide-2027,0.0261
/blog/saudi-arabia-travel-scams-tourists-should-know,/blog/dammam-to-bahrain-travel-guide,0.0245
/blog/saudi-arabia-travel-scams-tourists-should-know,/blog/king-fahd-international-airport-complete-guide,0.0256
/blog/saudi-arabia-travel-scams-tourists-should-know,/blog/best-hotels-near-dammam-airport,0.0248
/blog/saudi-arabia-travel-scams-tourists-should-know,/blog/saudi-arabia-entry-requirements-2027,0.0228
/blog/saudi-arabia-travel-scams-tourists-should-know,/blog/how-to-exchange-currency-in-saudi-arabia,0.0322
/blog/saudi-arabia-travel-scams-tourists-should-know,/blog/what-to-wear-in-saudi-arabia-tourist,0.0329
/blog/saudi-arabia-travel-scams-tourists-should-know,/blog/how-much-cash-to-carry-in-saudi-arabia,0.0739
/blog/saudi-arabia-travel-scams-tourists-should-know,/blog/saudi-arabia-travel-checklist-before-flight,0.0463
/blog/saudi-arabia-travel-scams-tourists-should-know,/blog/common-mistakes-tourists-make-in-saudi-arabia,0.0320
/blog/saudi-arabia-travel-scams-tourists-should-know,/blog/saudi-arabia-sim-card-guide-tourists,0.0692
/blog/saudi-arabia-travel-scams-tourists-should-know,/blog/uber-vs-careem-vs-private-transfer-saudi-arabia,0.0337
/blog/saudi-arabia-travel-scams-tourists-should-know,/blog/what-to-do-after-landing-at-jeddah-airport,0.0308
/blog/saudi-arabia-travel-scams-tourists-should-know,/blog/documents-needed-to-travel-to-saudi-arabia,0.0597
/blog/saudi-arabia-travel-scams-tourists-should-know,/blog/jeddah-airport-terminal-guide-jed,0.0283
/blog/saudi-arabia-travel-scams-tourists-should-know,/blog/riyadh-air-what-travelers-should-know,0.0657
/blog/saudi-arabia-travel-scams-tourists-should-know,/blog/jeddah-to-alula-transport-options,0.0298
/blog/saudi-arabia-travel-scams-tourists-should-know,/blog/best-day-trips-from-riyadh-private-driver,0.0272
/blog/saudi-arabia-travel-scams-tourists-should-know,/blog/neom-travel-guide-2026,0.0314
/blog/saudi-arabia-travel-scams-tourists-should-know,/blog/red-sea-project-travel-guide,0.0271
/blog/saudi-arabia-travel-scams-tourists-should-know,/blog/saudi-tourist-visa-2026-guide,0.0566
/blog/saudi-arabia-travel-scams-tourists-should-know,/blog/can-tourists-drive-in-saudi-arabia,0.0330
/blog/saudi-arabia-travel-scams-tourists-should-know,/blog/jeddah-season-2026-events-attractions-guide,0.0267
/blog/saudi-arabia-travel-scams-tourists-should-know,/blog/saudi-school-public-holidays-2027,0.0319
/blog/saudi-arabia-travel-scams-tourists-should-know,/blog/best-places-to-visit-taif-summer,0.0260
/blog/saudi-arabia-travel-scams-tourists-should-know,/blog/saudi-national-day-2026-best-cities,0.0315
/blog/saudi-arabia-travel-scams-tourists-should-know,/blog/fifa-world-cup-2034-saudi-arabia-travel-planning,0.0324
/blog/saudi-arabia-travel-scams-tourists-should-know,/blog/riyadh-expo-2030-preparations,0.0287
/blog/saudi-arabia-travel-scams-tourists-should-know,/blog/saudi-arabia-tourism-projects-2027,0.0310
/blog/saudi-arabia-travel-scams-tourists-should-know,/blog/hajj-2027-registration-permit-updates,0.0202
/blog/saudi-arabia-travel-scams-tourists-should-know,/blog/nusuk-app-umrah-guide,0.0201
/blog/saudi-arabia-travel-scams-tourists-should-know,/blog/cost-of-umrah-trip-2026,0.0191
/blog/saudi-arabia-travel-scams-tourists-should-know,/blog/private-chauffeur-vs-ride-hailing-saudi-arabia,0.0302
/blog/saudi-arabia-travel-scams-tourists-should-know,/blog/solo-female-pilgrim-travel-saudi-arabia,0.0220
/blog/saudi-arabia-travel-scams-tourists-should-know,/blog/ramadan-2026-makkah-transport-guide,0.0217
/blog/saudi-arabia-travel-scams-tourists-should-know,/blog/riyadh-metro-vs-taxi,0.0268
/blog/saudi-arabia-travel-scams-tourists-should-know,/blog/alula-travel-guide-2026,0.0293
/blog/saudi-arabia-travel-scams-tourists-should-know,/blog/king-salman-airport-transfers-guide,0.0297
/blog/saudi-arabia-travel-scams-tourists-should-know,/blog/transportation-mistakes-pilgrims,0.0215
/blog/saudi-arabia-travel-scams-tourists-should-know,/blog/miqat-locations-for-umrah,0.0187
/blog/saudi-arabia-travel-scams-tourists-should-know,/blog/new-saudi-umrah-visa-rules-2026,0.0194
/blog/saudi-arabia-travel-scams-tourists-should-know,/blog/vip-transfer-jeddah-airport-to-makkah,0.0193
/blog/saudi-arabia-travel-scams-tourists-should-know,/blog/makkah-madinah-train-vs-taxi,0.0186
/blog/saudi-arabia-travel-scams-tourists-should-know,/blog/umrah-with-children,0.0188
/blog/saudi-arabia-travel-scams-tourists-should-know,/blog/how-to-travel-between-makkah-madinah-jeddah,0.0216
/blog/saudi-arabia-travel-scams-tourists-should-know,/blog/umrah-for-elderly-pilgrims,0.0185
/blog/saudi-arabia-travel-scams-tourists-should-know,/blog/complete-guide-to-masjid-al-haram,0.0232
/blog/saudi-arabia-travel-scams-tourists-should-know,/blog/common-questions-first-time-umrah-pilgrims,0.0211
/blog/saudi-arabia-travel-scams-tourists-should-know,/blog/jeddah-airport-arrival-guide-umrah,0.0207
/blog/saudi-arabia-travel-scams-tourists-should-know,/blog/saudi-arabia-entry-requirements-pilgrims-2026,0.0232
/blog/saudi-arabia-travel-scams-tourists-should-know,/blog/essential-duas-for-umrah-and-hajj,0.0212
/blog/saudi-arabia-travel-scams-tourists-should-know,/blog/difference-between-hajj-and-umrah,0.0212
/blog/saudi-arabia-travel-scams-tourists-should-know,/blog/first-time-visiting-makkah-guide,0.0255
/blog/saudi-arabia-travel-scams-tourists-should-know,/blog/first-time-visiting-madinah-guide,0.0207
/blog/saudi-arabia-travel-scams-tourists-should-know,/blog/best-time-to-perform-umrah-2026,0.0205
/blog/saudi-arabia-travel-scams-tourists-should-know,/blog/madinah-ziyarat-historic-sites-guide,0.0196
/blog/saudi-arabia-travel-scams-tourists-should-know,/blog/what-to-pack-for-umrah-checklist,0.0191
/blog/saudi-arabia-travel-scams-tourists-should-know,/blog/main-rituals-of-hajj-explained,0.0196
/blog/saudi-arabia-travel-scams-tourists-should-know,/blog/common-mistakes-to-avoid-during-umrah,0.0196
/blog/saudi-arabia-travel-scams-tourists-should-know,/blog/umrah-transport-makkah-madinah-guide,0.0263
/blog/saudi-arabia-travel-scams-tourists-should-know,/blog/riyadh-to-dammam-taxi-guide,0.0270
/blog/saudi-arabia-travel-scams-tourists-should-know,/blog/how-to-perform-umrah-step-by-step-guide,0.0196
/blog/saudi-arabia-travel-scams-tourists-should-know,/blog/saudi-to-bahrain-taxi-king-fahd-causeway,0.0266
/blog/saudi-arabia-travel-scams-tourists-should-know,/blog/saudi-arabia-intercity-taxi-services-guide,0.0295
/blog/saudi-arabia-travel-scams-tourists-should-know,/blog/makkah-to-madinah-private-taxi-guide,0.0256
/blog/saudi-arabia-travel-scams-tourists-should-know,/blog/riyadh-airport-transfer-business-travelers,0.0259
/blog/saudi-arabia-travel-scams-tourists-should-know,/blog/jeddah-to-taif-taxi-guide,0.0298
/blog/saudi-arabia-travel-scams-tourists-should-know,/blog/top-tourist-destinations-private-taxi-saudi-arabia,0.0287
/blog/saudi-arabia-travel-scams-tourists-should-know,/blog/taxi-cost-saudi-arabia-price-guide,0.0839
/blog/saudi-arabia-travel-scams-tourists-should-know,/blog/jeddah-airport-to-makkah-taxi-service-guide,0.0238
/blog/hotel-near-haram-what-to-know-before-booking,/blog/saudi-arabia-airport-wifi-guide,0.0322
/blog/hotel-near-haram-what-to-know-before-booking,/blog/best-cashless-payment-apps-saudi-arabia,0.0338
/blog/hotel-near-haram-what-to-know-before-booking,/blog/what-happens-if-flight-to-saudi-arabia-delayed,0.0286
/blog/hotel-near-haram-what-to-know-before-booking,/blog/saudi-arabia-with-elderly-parents-travel-tips,0.0292
/blog/hotel-near-haram-what-to-know-before-booking,/blog/is-saudi-arabia-safe-for-solo-tourists-2026,0.0271
/blog/hotel-near-haram-what-to-know-before-booking,/blog/saudi-arabia-in-august-weather-crowds-travel-tips,0.0250
/blog/hotel-near-haram-what-to-know-before-booking,/blog/saudi-airport-transfer-tips,0.0260
/blog/hotel-near-haram-what-to-know-before-booking,/blog/saudi-arabia-digital-nomad-guide,0.0356
/blog/hotel-near-haram-what-to-know-before-booking,/blog/king-fahd-causeway-guide,0.0278
/blog/hotel-near-haram-what-to-know-before-booking,/blog/dammam-travel-guide,0.0243
/blog/hotel-near-haram-what-to-know-before-booking,/blog/saudi-airport-pickup-guide,0.0282
/blog/hotel-near-haram-what-to-know-before-booking,/blog/saudi-arabia-business-travel-guide-2027,0.0458
/blog/hotel-near-haram-what-to-know-before-booking,/blog/dammam-to-bahrain-travel-guide,0.0252
/blog/hotel-near-haram-what-to-know-before-booking,/blog/king-fahd-international-airport-complete-guide,0.0256
/blog/hotel-near-haram-what-to-know-before-booking,/blog/best-hotels-near-dammam-airport,0.0255
/blog/hotel-near-haram-what-to-know-before-booking,/blog/saudi-arabia-entry-requirements-2027,0.0409
/blog/hotel-near-haram-what-to-know-before-booking,/blog/how-to-exchange-currency-in-saudi-arabia,0.0313
/blog/hotel-near-haram-what-to-know-before-booking,/blog/what-to-wear-in-saudi-arabia-tourist,0.0325
/blog/hotel-near-haram-what-to-know-before-booking,/blog/how-much-cash-to-carry-in-saudi-arabia,0.0331
/blog/hotel-near-haram-what-to-know-before-booking,/blog/saudi-arabia-travel-checklist-before-flight,0.0312
/blog/hotel-near-haram-what-to-know-before-booking,/blog/common-mistakes-tourists-make-in-saudi-arabia,0.0299
/blog/hotel-near-haram-what-to-know-before-booking,/blog/saudi-arabia-sim-card-guide-tourists,0.0318
/blog/hotel-near-haram-what-to-know-before-booking,/blog/uber-vs-careem-vs-private-transfer-saudi-arabia,0.0316
/blog/hotel-near-haram-what-to-know-before-booking,/blog/what-to-do-after-landing-at-jeddah-airport,0.0297
/blog/hotel-near-haram-what-to-know-before-booking,/blog/documents-needed-to-travel-to-saudi-arabia,0.0327
/blog/hotel-near-haram-what-to-know-before-booking,/blog/jeddah-airport-terminal-guide-jed,0.0288
/blog/hotel-near-haram-what-to-know-before-booking,/blog/riyadh-air-what-travelers-should-know,0.0296
/blog/hotel-near-haram-what-to-know-before-booking,/blog/jeddah-to-alula-transport-options,0.0300
/blog/hotel-near-haram-what-to-know-before-booking,/blog/best-day-trips-from-riyadh-private-driver,0.0497
/blog/hotel-near-haram-what-to-know-before-booking,/blog/neom-travel-guide-2026,0.0316
/blog/hotel-near-haram-what-to-know-before-booking,/blog/red-sea-project-travel-guide,0.0265
/blog/hotel-near-haram-what-to-know-before-booking,/blog/saudi-tourist-visa-2026-guide,0.0313
/blog/hotel-near-haram-what-to-know-before-booking,/blog/can-tourists-drive-in-saudi-arabia,0.0328
/blog/hotel-near-haram-what-to-know-before-booking,/blog/jeddah-season-2026-events-attractions-guide,0.0267
/blog/hotel-near-haram-what-to-know-before-booking,/blog/saudi-school-public-holidays-2027,0.0309
/blog/hotel-near-haram-what-to-know-before-booking,/blog/best-places-to-visit-taif-summer,0.0364
/blog/hotel-near-haram-what-to-know-before-booking,/blog/saudi-national-day-2026-best-cities,0.0313
/blog/hotel-near-haram-what-to-know-before-booking,/blog/fifa-world-cup-2034-saudi-arabia-travel-planning,0.0308
/blog/hotel-near-haram-what-to-know-before-booking,/blog/riyadh-expo-2030-preparations,0.0280
/blog/hotel-near-haram-what-to-know-before-booking,/blog/saudi-arabia-tourism-projects-2027,0.0294
/blog/hotel-near-haram-what-to-know-before-booking,/blog/hajj-2027-registration-permit-updates,0.0198
/blog/hotel-near-haram-what-to-know-before-booking,/blog/nusuk-app-umrah-guide,0.0199
/blog/hotel-near-haram-what-to-know-before-booking,/blog/cost-of-umrah-trip-2026,0.0191
/blog/hotel-near-haram-what-to-know-before-booking,/blog/private-chauffeur-vs-ride-hailing-saudi-arabia,0.0298
/blog/hotel-near-haram-what-to-know-before-booking,/blog/solo-female-pilgrim-travel-saudi-arabia,0.0212
/blog/hotel-near-haram-what-to-know-before-booking,/blog/ramadan-2026-makkah-transport-guide,0.0215
/blog/hotel-near-haram-what-to-know-before-booking,/blog/riyadh-metro-vs-taxi,0.0265
/blog/hotel-near-haram-what-to-know-before-booking,/blog/alula-travel-guide-2026,0.0418
/blog/hotel-near-haram-what-to-know-before-booking,/blog/king-salman-airport-transfers-guide,0.0294
/blog/hotel-near-haram-what-to-know-before-booking,/blog/transportation-mistakes-pilgrims,0.0211
/blog/hotel-near-haram-what-to-know-before-booking,/blog/miqat-locations-for-umrah,0.0188
/blog/hotel-near-haram-what-to-know-before-booking,/blog/new-saudi-umrah-visa-rules-2026,0.0190
/blog/hotel-near-haram-what-to-know-before-booking,/blog/vip-transfer-jeddah-airport-to-makkah,0.0194
/blog/hotel-near-haram-what-to-know-before-booking,/blog/makkah-madinah-train-vs-taxi,0.0182
/blog/hotel-near-haram-what-to-know-before-booking,/blog/umrah-with-children,0.0184
/blog/hotel-near-haram-what-to-know-before-booking,/blog/how-to-travel-between-makkah-madinah-jeddah,0.0209
/blog/hotel-near-haram-what-to-know-before-booking,/blog/umrah-for-elderly-pilgrims,0.0180
/blog/hotel-near-haram-what-to-know-before-booking,/blog/complete-guide-to-masjid-al-haram,0.0229
/blog/hotel-near-haram-what-to-know-before-booking,/blog/common-questions-first-time-umrah-pilgrims,0.0211
/blog/hotel-near-haram-what-to-know-before-booking,/blog/jeddah-airport-arrival-guide-umrah,0.0207
/blog/hotel-near-haram-what-to-know-before-booking,/blog/saudi-arabia-entry-requirements-pilgrims-2026,0.0238
/blog/hotel-near-haram-what-to-know-before-booking,/blog/essential-duas-for-umrah-and-hajj,0.0216
/blog/hotel-near-haram-what-to-know-before-booking,/blog/difference-between-hajj-and-umrah,0.0210
/blog/hotel-near-haram-what-to-know-before-booking,/blog/first-time-visiting-makkah-guide,0.0416
/blog/hotel-near-haram-what-to-know-before-booking,/blog/first-time-visiting-madinah-guide,0.0223
/blog/hotel-near-haram-what-to-know-before-booking,/blog/best-time-to-perform-umrah-2026,0.0212
/blog/hotel-near-haram-what-to-know-before-booking,/blog/madinah-ziyarat-historic-sites-guide,0.0229
/blog/hotel-near-haram-what-to-know-before-booking,/blog/what-to-pack-for-umrah-checklist,0.0187
/blog/hotel-near-haram-what-to-know-before-booking,/blog/main-rituals-of-hajj-explained,0.0201
/blog/hotel-near-haram-what-to-know-before-booking,/blog/common-mistakes-to-avoid-during-umrah,0.0201
/blog/hotel-near-haram-what-to-know-before-booking,/blog/umrah-transport-makkah-madinah-guide,0.0279
/blog/hotel-near-haram-what-to-know-before-booking,/blog/riyadh-to-dammam-taxi-guide,0.0263
/blog/hotel-near-haram-what-to-know-before-booking,/blog/how-to-perform-umrah-step-by-step-guide,0.0202
/blog/hotel-near-haram-what-to-know-before-booking,/blog/saudi-to-bahrain-taxi-king-fahd-causeway,0.0265
/blog/hotel-near-haram-what-to-know-before-booking,/blog/saudi-arabia-intercity-taxi-services-guide,0.0288
/blog/hotel-near-haram-what-to-know-before-booking,/blog/makkah-to-madinah-private-taxi-guide,0.0255
/blog/hotel-near-haram-what-to-know-before-booking,/blog/riyadh-airport-transfer-business-travelers,0.0264
/blog/hotel-near-haram-what-to-know-before-booking,/blog/jeddah-to-taif-taxi-guide,0.0293
/blog/hotel-near-haram-what-to-know-before-booking,/blog/top-tourist-destinations-private-taxi-saudi-arabia,0.0280
/blog/hotel-near-haram-what-to-know-before-booking,/blog/taxi-cost-saudi-arabia-price-guide,0.0322
/blog/hotel-near-haram-what-to-know-before-booking,/blog/jeddah-airport-to-makkah-taxi-service-guide,0.0243
/blog/saudi-arabia-airport-wifi-guide,/blog/best-cashless-payment-apps-saudi-arabia,0.0415
/blog/saudi-arabia-airport-wifi-guide,/blog/what-happens-if-flight-to-saudi-arabia-delayed,0.0477
/blog/saudi-arabia-airport-wifi-guide,/blog/saudi-arabia-with-elderly-parents-travel-tips,0.0490
/blog/saudi-arabia-airport-wifi-guide,/blog/is-saudi-arabia-safe-for-solo-tourists-2026,0.0292
/blog/saudi-arabia-airport-wifi-guide,/blog/saudi-arabia-in-august-weather-crowds-travel-tips,0.0251
/blog/saudi-arabia-airport-wifi-guide,/blog/saudi-airport-transfer-tips,0.0249
/blog/saudi-arabia-airport-wifi-guide,/blog/saudi-arabia-digital-nomad-guide,0.0251
/blog/saudi-arabia-airport-wifi-guide,/blog/king-fahd-causeway-guide,0.0256
/blog/saudi-arabia-airport-wifi-guide,/blog/dammam-travel-guide,0.0233
/blog/saudi-arabia-airport-wifi-guide,/blog/saudi-airport-pickup-guide,0.0260
/blog/saudi-arabia-airport-wifi-guide,/blog/saudi-arabia-business-travel-guide-2027,0.0253
/blog/saudi-arabia-airport-wifi-guide,/blog/dammam-to-bahrain-travel-guide,0.0233
/blog/saudi-arabia-airport-wifi-guide,/blog/king-fahd-international-airport-complete-guide,0.0247
/blog/saudi-arabia-airport-wifi-guide,/blog/best-hotels-near-dammam-airport,0.0239
/blog/saudi-arabia-airport-wifi-guide,/blog/saudi-arabia-entry-requirements-2027,0.0222
/blog/saudi-arabia-airport-wifi-guide,/blog/how-to-exchange-currency-in-saudi-arabia,0.0290
/blog/saudi-arabia-airport-wifi-guide,/blog/what-to-wear-in-saudi-arabia-tourist,0.0302
/blog/saudi-arabia-airport-wifi-guide,/blog/how-much-cash-to-carry-in-saudi-arabia,0.0424
/blog/saudi-arabia-airport-wifi-guide,/blog/saudi-arabia-travel-checklist-before-flight,0.0302
/blog/saudi-arabia-airport-wifi-guide,/blog/common-mistakes-tourists-make-in-saudi-arabia,0.0282
/blog/saudi-arabia-airport-wifi-guide,/blog/saudi-arabia-sim-card-guide-tourists,0.0515
/blog/saudi-arabia-airport-wifi-guide,/blog/uber-vs-careem-vs-private-transfer-saudi-arabia,0.0539
/blog/saudi-arabia-airport-wifi-guide,/blog/what-to-do-after-landing-at-jeddah-airport,0.0281
/blog/saudi-arabia-airport-wifi-guide,/blog/documents-needed-to-travel-to-saudi-arabia,0.0297
/blog/saudi-arabia-airport-wifi-guide,/blog/jeddah-airport-terminal-guide-jed,0.0262
/blog/saudi-arabia-airport-wifi-guide,/blog/riyadh-air-what-travelers-should-know,0.0386
/blog/saudi-arabia-airport-wifi-guide,/blog/jeddah-to-alula-transport-options,0.0277
/blog/saudi-arabia-airport-wifi-guide,/blog/best-day-trips-from-riyadh-private-driver,0.0255
/blog/saudi-arabia-airport-wifi-guide,/blog/neom-travel-guide-2026,0.0289
/blog/saudi-arabia-airport-wifi-guide,/blog/red-sea-project-travel-guide,0.0249
/blog/saudi-arabia-airport-wifi-guide,/blog/saudi-tourist-visa-2026-guide,0.0287
/blog/saudi-arabia-airport-wifi-guide,/blog/can-tourists-drive-in-saudi-arabia,0.0301
/blog/saudi-arabia-airport-wifi-guide,/blog/jeddah-season-2026-events-attractions-guide,0.0250
/blog/saudi-arabia-airport-wifi-guide,/blog/saudi-school-public-holidays-2027,0.0288
/blog/saudi-arabia-airport-wifi-guide,/blog/best-places-to-visit-taif-summer,0.0244
/blog/saudi-arabia-airport-wifi-guide,/blog/saudi-national-day-2026-best-cities,0.0287
/blog/saudi-arabia-airport-wifi-guide,/blog/fifa-world-cup-2034-saudi-arabia-travel-planning,0.0286
/blog/saudi-arabia-airport-wifi-guide,/blog/riyadh-expo-2030-preparations,0.0258
/blog/saudi-arabia-airport-wifi-guide,/blog/saudi-arabia-tourism-projects-2027,0.0273
/blog/saudi-arabia-airport-wifi-guide,/blog/hajj-2027-registration-permit-updates,0.0185
/blog/saudi-arabia-airport-wifi-guide,/blog/nusuk-app-umrah-guide,0.0182
/blog/saudi-arabia-airport-wifi-guide,/blog/cost-of-umrah-trip-2026,0.0179
/blog/saudi-arabia-airport-wifi-guide,/blog/private-chauffeur-vs-ride-hailing-saudi-arabia,0.0277
/blog/saudi-arabia-airport-wifi-guide,/blog/solo-female-pilgrim-travel-saudi-arabia,0.0206
/blog/saudi-arabia-airport-wifi-guide,/blog/ramadan-2026-makkah-transport-guide,0.0203
/blog/saudi-arabia-airport-wifi-guide,/blog/riyadh-metro-vs-taxi,0.0249
/blog/saudi-arabia-airport-wifi-guide,/blog/alula-travel-guide-2026,0.0276
/blog/saudi-arabia-airport-wifi-guide,/blog/king-salman-airport-transfers-guide,0.0279
/blog/saudi-arabia-airport-wifi-guide,/blog/transportation-mistakes-pilgrims,0.0198
/blog/saudi-arabia-airport-wifi-guide,/blog/miqat-locations-for-umrah,0.0176
/blog/saudi-arabia-airport-wifi-guide,/blog/new-saudi-umrah-visa-rules-2026,0.0182
/blog/saudi-arabia-airport-wifi-guide,/blog/vip-transfer-jeddah-airport-to-makkah,0.0183
/blog/saudi-arabia-airport-wifi-guide,/blog/makkah-madinah-train-vs-taxi,0.0174
/blog/saudi-arabia-airport-wifi-guide,/blog/umrah-with-children,0.0174
/blog/saudi-arabia-airport-wifi-guide,/blog/how-to-travel-between-makkah-madinah-jeddah,0.0189
/blog/saudi-arabia-airport-wifi-guide,/blog/umrah-for-elderly-pilgrims,0.0172
/blog/saudi-arabia-airport-wifi-guide,/blog/complete-guide-to-masjid-al-haram,0.0212
/blog/saudi-arabia-airport-wifi-guide,/blog/common-questions-first-time-umrah-pilgrims,0.0192
/blog/saudi-arabia-airport-wifi-guide,/blog/jeddah-airport-arrival-guide-umrah,0.0201
/blog/saudi-arabia-airport-wifi-guide,/blog/saudi-arabia-entry-requirements-pilgrims-2026,0.0218
/blog/saudi-arabia-airport-wifi-guide,/blog/essential-duas-for-umrah-and-hajj,0.0197
/blog/saudi-arabia-airport-wifi-guide,/blog/difference-between-hajj-and-umrah,0.0331
/blog/saudi-arabia-airport-wifi-guide,/blog/first-time-visiting-makkah-guide,0.0222
/blog/saudi-arabia-airport-wifi-guide,/blog/first-time-visiting-madinah-guide,0.0191
/blog/saudi-arabia-airport-wifi-guide,/blog/best-time-to-perform-umrah-2026,0.0191
/blog/saudi-arabia-airport-wifi-guide,/blog/madinah-ziyarat-historic-sites-guide,0.0178
/blog/saudi-arabia-airport-wifi-guide,/blog/what-to-pack-for-umrah-checklist,0.0181
/blog/saudi-arabia-airport-wifi-guide,/blog/main-rituals-of-hajj-explained,0.0180
/blog/saudi-arabia-airport-wifi-guide,/blog/common-mistakes-to-avoid-during-umrah,0.0182
/blog/saudi-arabia-airport-wifi-guide,/blog/umrah-transport-makkah-madinah-guide,0.0238
/blog/saudi-arabia-airport-wifi-guide,/blog/riyadh-to-dammam-taxi-guide,0.0241
/blog/saudi-arabia-airport-wifi-guide,/blog/how-to-perform-umrah-step-by-step-guide,0.0179
/blog/saudi-arabia-airport-wifi-guide,/blog/saudi-to-bahrain-taxi-king-fahd-causeway,0.0238
/blog/saudi-arabia-airport-wifi-guide,/blog/saudi-arabia-intercity-taxi-services-guide,0.0259
/blog/saudi-arabia-airport-wifi-guide,/blog/makkah-to-madinah-private-taxi-guide,0.0229
/blog/saudi-arabia-airport-wifi-guide,/blog/riyadh-airport-transfer-business-travelers,0.0235
/blog/saudi-arabia-airport-wifi-guide,/blog/jeddah-to-taif-taxi-guide,0.0266
/blog/saudi-arabia-airport-wifi-guide,/blog/top-tourist-destinations-private-taxi-saudi-arabia,0.0253
/blog/saudi-arabia-airport-wifi-guide,/blog/taxi-cost-saudi-arabia-price-guide,0.0582
/blog/saudi-arabia-airport-wifi-guide,/blog/jeddah-airport-to-makkah-taxi-service-guide,0.0216
/blog/best-cashless-payment-apps-saudi-arabia,/blog/what-happens-if-flight-to-saudi-arabia-delayed,0.0290
/blog/best-cashless-payment-apps-saudi-arabia,/blog/saudi-arabia-with-elderly-parents-travel-tips,0.0307
/blog/best-cashless-payment-apps-saudi-arabia,/blog/is-saudi-arabia-safe-for-solo-tourists-2026,0.0262
/blog/best-cashless-payment-apps-saudi-arabia,/blog/saudi-arabia-in-august-weather-crowds-travel-tips,0.0244
/blog/best-cashless-payment-apps-saudi-arabia,/blog/saudi-airport-transfer-tips,0.0254
/blog/best-cashless-payment-apps-saudi-arabia,/blog/saudi-arabia-digital-nomad-guide,0.0256
/blog/best-cashless-payment-apps-saudi-arabia,/blog/king-fahd-causeway-guide,0.0260
/blog/best-cashless-payment-apps-saudi-arabia,/blog/dammam-travel-guide,0.0232
/blog/best-cashless-payment-apps-saudi-arabia,/blog/saudi-airport-pickup-guide,0.0258
/blog/best-cashless-payment-apps-saudi-arabia,/blog/saudi-arabia-business-travel-guide-2027,0.0261
/blog/best-cashless-payment-apps-saudi-arabia,/blog/dammam-to-bahrain-travel-guide,0.0233
/blog/best-cashless-payment-apps-saudi-arabia,/blog/king-fahd-international-airport-complete-guide,0.0245
/blog/best-cashless-payment-apps-saudi-arabia,/blog/best-hotels-near-dammam-airport,0.0244
/blog/best-cashless-payment-apps-saudi-arabia,/blog/saudi-arabia-entry-requirements-2027,0.0230
/blog/best-cashless-payment-apps-saudi-arabia,/blog/how-to-exchange-currency-in-saudi-arabia,0.0332
/blog/best-cashless-payment-apps-saudi-arabia,/blog/what-to-wear-in-saudi-arabia-tourist,0.0322
/blog/best-cashless-payment-apps-saudi-arabia,/blog/how-much-cash-to-carry-in-saudi-arabia,0.0591
/blog/best-cashless-payment-apps-saudi-arabia,/blog/saudi-arabia-travel-checklist-before-flight,0.0547
/blog/best-cashless-payment-apps-saudi-arabia,/blog/common-mistakes-tourists-make-in-saudi-arabia,0.0306
/blog/best-cashless-payment-apps-saudi-arabia,/blog/saudi-arabia-sim-card-guide-tourists,0.0533
/blog/best-cashless-payment-apps-saudi-arabia,/blog/uber-vs-careem-vs-private-transfer-saudi-arabia,0.0331
/blog/best-cashless-payment-apps-saudi-arabia,/blog/what-to-do-after-landing-at-jeddah-airport,0.0285
/blog/best-cashless-payment-apps-saudi-arabia,/blog/documents-needed-to-travel-to-saudi-arabia,0.0703
/blog/best-cashless-payment-apps-saudi-arabia,/blog/jeddah-airport-terminal-guide-jed,0.0273
/blog/best-cashless-payment-apps-saudi-arabia,/blog/riyadh-air-what-travelers-should-know,0.0519
/blog/best-cashless-payment-apps-saudi-arabia,/blog/jeddah-to-alula-transport-options,0.0295
/blog/best-cashless-payment-apps-saudi-arabia,/blog/best-day-trips-from-riyadh-private-driver,0.0258
/blog/best-cashless-payment-apps-saudi-arabia,/blog/neom-travel-guide-2026,0.0304
/blog/best-cashless-payment-apps-saudi-arabia,/blog/red-sea-project-travel-guide,0.0258
/blog/best-cashless-payment-apps-saudi-arabia,/blog/saudi-tourist-visa-2026-guide,0.0661
/blog/best-cashless-payment-apps-saudi-arabia,/blog/can-tourists-drive-in-saudi-arabia,0.0309
/blog/best-cashless-payment-apps-saudi-arabia,/blog/jeddah-season-2026-events-attractions-guide,0.0261
/blog/best-cashless-payment-apps-saudi-arabia,/blog/saudi-school-public-holidays-2027,0.0298
/blog/best-cashless-payment-apps-saudi-arabia,/blog/best-places-to-visit-taif-summer,0.0255
/blog/best-cashless-payment-apps-saudi-arabia,/blog/saudi-national-day-2026-best-cities,0.0298
/blog/best-cashless-payment-apps-saudi-arabia,/blog/fifa-world-cup-2034-saudi-arabia-travel-planning,0.0298
/blog/best-cashless-payment-apps-saudi-arabia,/blog/riyadh-expo-2030-preparations,0.0272
/blog/best-cashless-payment-apps-saudi-arabia,/blog/saudi-arabia-tourism-projects-2027,0.0282
/blog/best-cashless-payment-apps-saudi-arabia,/blog/hajj-2027-registration-permit-updates,0.0194
/blog/best-cashless-payment-apps-saudi-arabia,/blog/nusuk-app-umrah-guide,0.0196
/blog/best-cashless-payment-apps-saudi-arabia,/blog/cost-of-umrah-trip-2026,0.0181
/blog/best-cashless-payment-apps-saudi-arabia,/blog/private-chauffeur-vs-ride-hailing-saudi-arabia,0.0288
/blog/best-cashless-payment-apps-saudi-arabia,/blog/solo-female-pilgrim-travel-saudi-arabia,0.0209
/blog/best-cashless-payment-apps-saudi-arabia,/blog/ramadan-2026-makkah-transport-guide,0.0210
/blog/best-cashless-payment-apps-saudi-arabia,/blog/riyadh-metro-vs-taxi,0.0258
/blog/best-cashless-payment-apps-saudi-arabia,/blog/alula-travel-guide-2026,0.0286
/blog/best-cashless-payment-apps-saudi-arabia,/blog/king-salman-airport-transfers-guide,0.0282
/blog/best-cashless-payment-apps-saudi-arabia,/blog/transportation-mistakes-pilgrims,0.0208
/blog/best-cashless-payment-apps-saudi-arabia,/blog/miqat-locations-for-umrah,0.0180
/blog/best-cashless-payment-apps-saudi-arabia,/blog/new-saudi-umrah-visa-rules-2026,0.0184
/blog/best-cashless-payment-apps-saudi-arabia,/blog/vip-transfer-jeddah-airport-to-makkah,0.0187
/blog/best-cashless-payment-apps-saudi-arabia,/blog/makkah-madinah-train-vs-taxi,0.0182
/blog/best-cashless-payment-apps-saudi-arabia,/blog/umrah-with-children,0.0178
/blog/best-cashless-payment-apps-saudi-arabia,/blog/how-to-travel-between-makkah-madinah-jeddah,0.0204
/blog/best-cashless-payment-apps-saudi-arabia,/blog/umrah-for-elderly-pilgrims,0.0176
/blog/best-cashless-payment-apps-saudi-arabia,/blog/complete-guide-to-masjid-al-haram,0.0215
/blog/best-cashless-payment-apps-saudi-arabia,/blog/common-questions-first-time-umrah-pilgrims,0.0204
/blog/best-cashless-payment-apps-saudi-arabia,/blog/jeddah-airport-arrival-guide-umrah,0.0196
/blog/best-cashless-payment-apps-saudi-arabia,/blog/saudi-arabia-entry-requirements-pilgrims-2026,0.0224
/blog/best-cashless-payment-apps-saudi-arabia,/blog/essential-duas-for-umrah-and-hajj,0.0196
/blog/best-cashless-payment-apps-saudi-arabia,/blog/difference-between-hajj-and-umrah,0.0213
/blog/best-cashless-payment-apps-saudi-arabia,/blog/first-time-visiting-makkah-guide,0.0222
/blog/best-cashless-payment-apps-saudi-arabia,/blog/first-time-visiting-madinah-guide,0.0196
/blog/best-cashless-payment-apps-saudi-arabia,/blog/best-time-to-perform-umrah-2026,0.0194
/blog/best-cashless-payment-apps-saudi-arabia,/blog/madinah-ziyarat-historic-sites-guide,0.0188
/blog/best-cashless-payment-apps-saudi-arabia,/blog/what-to-pack-for-umrah-checklist,0.0181
/blog/best-cashless-payment-apps-saudi-arabia,/blog/main-rituals-of-hajj-explained,0.0192
/blog/best-cashless-payment-apps-saudi-arabia,/blog/common-mistakes-to-avoid-during-umrah,0.0190
/blog/best-cashless-payment-apps-saudi-arabia,/blog/umrah-transport-makkah-madinah-guide,0.0245
/blog/best-cashless-payment-apps-saudi-arabia,/blog/riyadh-to-dammam-taxi-guide,0.0251
/blog/best-cashless-payment-apps-saudi-arabia,/blog/how-to-perform-umrah-step-by-step-guide,0.0194
/blog/best-cashless-payment-apps-saudi-arabia,/blog/saudi-to-bahrain-taxi-king-fahd-causeway,0.0248
/blog/best-cashless-payment-apps-saudi-arabia,/blog/saudi-arabia-intercity-taxi-services-guide,0.0270
/blog/best-cashless-payment-apps-saudi-arabia,/blog/makkah-to-madinah-private-taxi-guide,0.0239
/blog/best-cashless-payment-apps-saudi-arabia,/blog/riyadh-airport-transfer-business-travelers,0.0242
/blog/best-cashless-payment-apps-saudi-arabia,/blog/jeddah-to-taif-taxi-guide,0.0277
/blog/best-cashless-payment-apps-saudi-arabia,/blog/top-tourist-destinations-private-taxi-saudi-arabia,0.0274
/blog/best-cashless-payment-apps-saudi-arabia,/blog/taxi-cost-saudi-arabia-price-guide,0.0604
/blog/best-cashless-payment-apps-saudi-arabia,/blog/jeddah-airport-to-makkah-taxi-service-guide,0.0223
/blog/what-happens-if-flight-to-saudi-arabia-delayed,/blog/saudi-arabia-with-elderly-parents-travel-tips,0.0661
/blog/what-happens-if-flight-to-saudi-arabia-delayed,/blog/is-saudi-arabia-safe-for-solo-tourists-2026,0.0331
/blog/what-happens-if-flight-to-saudi-arabia-delayed,/blog/saudi-arabia-in-august-weather-crowds-travel-tips,0.0241
/blog/what-happens-if-flight-to-saudi-arabia-delayed,/blog/saudi-airport-transfer-tips,0.0237
/blog/what-happens-if-flight-to-saudi-arabia-delayed,/blog/saudi-arabia-digital-nomad-guide,0.0240
/blog/what-happens-if-flight-to-saudi-arabia-delayed,/blog/king-fahd-causeway-guide,0.0246
/blog/what-happens-if-flight-to-saudi-arabia-delayed,/blog/dammam-travel-guide,0.0218
/blog/what-happens-if-flight-to-saudi-arabia-delayed,/blog/saudi-airport-pickup-guide,0.0248
/blog/what-happens-if-flight-to-saudi-arabia-delayed,/blog/saudi-arabia-business-travel-guide-2027,0.0242
/blog/what-happens-if-flight-to-saudi-arabia-delayed,/blog/dammam-to-bahrain-travel-guide,0.0222
/blog/what-happens-if-flight-to-saudi-arabia-delayed,/blog/king-fahd-international-airport-complete-guide,0.0231
/blog/what-happens-if-flight-to-saudi-arabia-delayed,/blog/best-hotels-near-dammam-airport,0.0226
/blog/what-happens-if-flight-to-saudi-arabia-delayed,/blog/saudi-arabia-entry-requirements-2027,0.0211
/blog/what-happens-if-flight-to-saudi-arabia-delayed,/blog/how-to-exchange-currency-in-saudi-arabia,0.0272
/blog/what-happens-if-flight-to-saudi-arabia-delayed,/blog/what-to-wear-in-saudi-arabia-tourist,0.0283
/blog/what-happens-if-flight-to-saudi-arabia-delayed,/blog/how-much-cash-to-carry-in-saudi-arabia,0.0267
/blog/what-happens-if-flight-to-saudi-arabia-delayed,/blog/saudi-arabia-travel-checklist-before-flight,0.0273
/blog/what-happens-if-flight-to-saudi-arabia-delayed,/blog/common-mistakes-tourists-make-in-saudi-arabia,0.0260
/blog/what-happens-if-flight-to-saudi-arabia-delayed,/blog/saudi-arabia-sim-card-guide-tourists,0.0255
/blog/what-happens-if-flight-to-saudi-arabia-delayed,/blog/uber-vs-careem-vs-private-transfer-saudi-arabia,0.0623
/blog/what-happens-if-flight-to-saudi-arabia-delayed,/blog/what-to-do-after-landing-at-jeddah-airport,0.0256
/blog/what-happens-if-flight-to-saudi-arabia-delayed,/blog/documents-needed-to-travel-to-saudi-arabia,0.0273
/blog/what-happens-if-flight-to-saudi-arabia-delayed,/blog/jeddah-airport-terminal-guide-jed,0.0242
/blog/what-happens-if-flight-to-saudi-arabia-delayed,/blog/riyadh-air-what-travelers-should-know,0.0248
/blog/what-happens-if-flight-to-saudi-arabia-delayed,/blog/jeddah-to-alula-transport-options,0.0260
/blog/what-happens-if-flight-to-saudi-arabia-delayed,/blog/best-day-trips-from-riyadh-private-driver,0.0239
/blog/what-happens-if-flight-to-saudi-arabia-delayed,/blog/neom-travel-guide-2026,0.0268
/blog/what-happens-if-flight-to-saudi-arabia-delayed,/blog/red-sea-project-travel-guide,0.0237
/blog/what-happens-if-flight-to-saudi-arabia-delayed,/blog/saudi-tourist-visa-2026-guide,0.0263
/blog/what-happens-if-flight-to-saudi-arabia-delayed,/blog/can-tourists-drive-in-saudi-arabia,0.0280
/blog/what-happens-if-flight-to-saudi-arabia-delayed,/blog/jeddah-season-2026-events-attractions-guide,0.0236
/blog/what-happens-if-flight-to-saudi-arabia-delayed,/blog/saudi-school-public-holidays-2027,0.0269
/blog/what-happens-if-flight-to-saudi-arabia-delayed,/blog/best-places-to-visit-taif-summer,0.0230
/blog/what-happens-if-flight-to-saudi-arabia-delayed,/blog/saudi-national-day-2026-best-cities,0.0267
/blog/what-happens-if-flight-to-saudi-arabia-delayed,/blog/fifa-world-cup-2034-saudi-arabia-travel-planning,0.0267
/blog/what-happens-if-flight-to-saudi-arabia-delayed,/blog/riyadh-expo-2030-preparations,0.0244
/blog/what-happens-if-flight-to-saudi-arabia-delayed,/blog/saudi-arabia-tourism-projects-2027,0.0255
/blog/what-happens-if-flight-to-saudi-arabia-delayed,/blog/hajj-2027-registration-permit-updates,0.0171
/blog/what-happens-if-flight-to-saudi-arabia-delayed,/blog/nusuk-app-umrah-guide,0.0171
/blog/what-happens-if-flight-to-saudi-arabia-delayed,/blog/cost-of-umrah-trip-2026,0.0169
/blog/what-happens-if-flight-to-saudi-arabia-delayed,/blog/private-chauffeur-vs-ride-hailing-saudi-arabia,0.0264
/blog/what-happens-if-flight-to-saudi-arabia-delayed,/blog/solo-female-pilgrim-travel-saudi-arabia,0.0194
/blog/what-happens-if-flight-to-saudi-arabia-delayed,/blog/ramadan-2026-makkah-transport-guide,0.0188
/blog/what-happens-if-flight-to-saudi-arabia-delayed,/blog/riyadh-metro-vs-taxi,0.0234
/blog/what-happens-if-flight-to-saudi-arabia-delayed,/blog/alula-travel-guide-2026,0.0258
/blog/what-happens-if-flight-to-saudi-arabia-delayed,/blog/king-salman-airport-transfers-guide,0.0257
/blog/what-happens-if-flight-to-saudi-arabia-delayed,/blog/transportation-mistakes-pilgrims,0.0185
/blog/what-happens-if-flight-to-saudi-arabia-delayed,/blog/miqat-locations-for-umrah,0.0168
/blog/what-happens-if-flight-to-saudi-arabia-delayed,/blog/new-saudi-umrah-visa-rules-2026,0.0172
/blog/what-happens-if-flight-to-saudi-arabia-delayed,/blog/vip-transfer-jeddah-airport-to-makkah,0.0173
/blog/what-happens-if-flight-to-saudi-arabia-delayed,/blog/makkah-madinah-train-vs-taxi,0.0165
/blog/what-happens-if-flight-to-saudi-arabia-delayed,/blog/umrah-with-children,0.0163
/blog/what-happens-if-flight-to-saudi-arabia-delayed,/blog/how-to-travel-between-makkah-madinah-jeddah,0.0186
/blog/what-happens-if-flight-to-saudi-arabia-delayed,/blog/umrah-for-elderly-pilgrims,0.0161
/blog/what-happens-if-flight-to-saudi-arabia-delayed,/blog/complete-guide-to-masjid-al-haram,0.0199
/blog/what-happens-if-flight-to-saudi-arabia-delayed,/blog/common-questions-first-time-umrah-pilgrims,0.0181
/blog/what-happens-if-flight-to-saudi-arabia-delayed,/blog/jeddah-airport-arrival-guide-umrah,0.0180
/blog/what-happens-if-flight-to-saudi-arabia-delayed,/blog/saudi-arabia-entry-requirements-pilgrims-2026,0.0203
/blog/what-happens-if-flight-to-saudi-arabia-delayed,/blog/essential-duas-for-umrah-and-hajj,0.0182
/blog/what-happens-if-flight-to-saudi-arabia-delayed,/blog/difference-between-hajj-and-umrah,0.0408
/blog/what-happens-if-flight-to-saudi-arabia-delayed,/blog/first-time-visiting-makkah-guide,0.0201
/blog/what-happens-if-flight-to-saudi-arabia-delayed,/blog/first-time-visiting-madinah-guide,0.0182
/blog/what-happens-if-flight-to-saudi-arabia-delayed,/blog/best-time-to-perform-umrah-2026,0.0180
/blog/what-happens-if-flight-to-saudi-arabia-delayed,/blog/madinah-ziyarat-historic-sites-guide,0.0168
/blog/what-happens-if-flight-to-saudi-arabia-delayed,/blog/what-to-pack-for-umrah-checklist,0.0166
/blog/what-happens-if-flight-to-saudi-arabia-delayed,/blog/main-rituals-of-hajj-explained,0.0168
/blog/what-happens-if-flight-to-saudi-arabia-delayed,/blog/common-mistakes-to-avoid-during-umrah,0.0170
/blog/what-happens-if-flight-to-saudi-arabia-delayed,/blog/umrah-transport-makkah-madinah-guide,0.0218
/blog/what-happens-if-flight-to-saudi-arabia-delayed,/blog/riyadh-to-dammam-taxi-guide,0.0220
/blog/what-happens-if-flight-to-saudi-arabia-delayed,/blog/how-to-perform-umrah-step-by-step-guide,0.0171
/blog/what-happens-if-flight-to-saudi-arabia-delayed,/blog/saudi-to-bahrain-taxi-king-fahd-causeway,0.0222
/blog/what-happens-if-flight-to-saudi-arabia-delayed,/blog/saudi-arabia-intercity-taxi-services-guide,0.0238
/blog/what-happens-if-flight-to-saudi-arabia-delayed,/blog/makkah-to-madinah-private-taxi-guide,0.0210
/blog/what-happens-if-flight-to-saudi-arabia-delayed,/blog/riyadh-airport-transfer-business-travelers,0.0217
/blog/what-happens-if-flight-to-saudi-arabia-delayed,/blog/jeddah-to-taif-taxi-guide,0.0244
/blog/what-happens-if-flight-to-saudi-arabia-delayed,/blog/top-tourist-destinations-private-taxi-saudi-arabia,0.0237
/blog/what-happens-if-flight-to-saudi-arabia-delayed,/blog/taxi-cost-saudi-arabia-price-guide,0.0242
/blog/what-happens-if-flight-to-saudi-arabia-delayed,/blog/jeddah-airport-to-makkah-taxi-service-guide,0.0206
/blog/saudi-arabia-with-elderly-parents-travel-tips,/blog/is-saudi-arabia-safe-for-solo-tourists-2026,0.0344
/blog/saudi-arabia-with-elderly-parents-travel-tips,/blog/saudi-arabia-in-august-weather-crowds-travel-tips,0.0249
/blog/saudi-arabia-with-elderly-parents-travel-tips,/blog/saudi-airport-transfer-tips,0.0249
/blog/saudi-arabia-with-elderly-parents-travel-tips,/blog/saudi-arabia-digital-nomad-guide,0.0252
/blog/saudi-arabia-with-elderly-parents-travel-tips,/blog/king-fahd-causeway-guide,0.0250
/blog/saudi-arabia-with-elderly-parents-travel-tips,/blog/dammam-travel-guide,0.0227
/blog/saudi-arabia-with-elderly-parents-travel-tips,/blog/saudi-airport-pickup-guide,0.0257
/blog/saudi-arabia-with-elderly-parents-travel-tips,/blog/saudi-arabia-business-travel-guide-2027,0.0244
/blog/saudi-arabia-with-elderly-parents-travel-tips,/blog/dammam-to-bahrain-travel-guide,0.0231
/blog/saudi-arabia-with-elderly-parents-travel-tips,/blog/king-fahd-international-airport-complete-guide,0.0239
/blog/saudi-arabia-with-elderly-parents-travel-tips,/blog/best-hotels-near-dammam-airport,0.0234
/blog/saudi-arabia-with-elderly-parents-travel-tips,/blog/saudi-arabia-entry-requirements-2027,0.0217
/blog/saudi-arabia-with-elderly-parents-travel-tips,/blog/how-to-exchange-currency-in-saudi-arabia,0.0289
/blog/saudi-arabia-with-elderly-parents-travel-tips,/blog/what-to-wear-in-saudi-arabia-tourist,0.0299
/blog/saudi-arabia-with-elderly-parents-travel-tips,/blog/how-much-cash-to-carry-in-saudi-arabia,0.0281
/blog/saudi-arabia-with-elderly-parents-travel-tips,/blog/saudi-arabia-travel-checklist-before-flight,0.0290
/blog/saudi-arabia-with-elderly-parents-travel-tips,/blog/common-mistakes-tourists-make-in-saudi-arabia,0.0279
/blog/saudi-arabia-with-elderly-parents-travel-tips,/blog/saudi-arabia-sim-card-guide-tourists,0.0280
/blog/saudi-arabia-with-elderly-parents-travel-tips,/blog/uber-vs-careem-vs-private-transfer-saudi-arabia,0.0668
/blog/saudi-arabia-with-elderly-parents-travel-tips,/blog/what-to-do-after-landing-at-jeddah-airport,0.0272
/blog/saudi-arabia-with-elderly-parents-travel-tips,/blog/documents-needed-to-travel-to-saudi-arabia,0.0288
/blog/saudi-arabia-with-elderly-parents-travel-tips,/blog/jeddah-airport-terminal-guide-jed,0.0256
/blog/saudi-arabia-with-elderly-parents-travel-tips,/blog/riyadh-air-what-travelers-should-know,0.0254
/blog/saudi-arabia-with-elderly-parents-travel-tips,/blog/jeddah-to-alula-transport-options,0.0274
/blog/saudi-arabia-with-elderly-parents-travel-tips,/blog/best-day-trips-from-riyadh-private-driver,0.0252
/blog/saudi-arabia-with-elderly-parents-travel-tips,/blog/neom-travel-guide-2026,0.0284
/blog/saudi-arabia-with-elderly-parents-travel-tips,/blog/red-sea-project-travel-guide,0.0245
/blog/saudi-arabia-with-elderly-parents-travel-tips,/blog/saudi-tourist-visa-2026-guide,0.0282
/blog/saudi-arabia-with-elderly-parents-travel-tips,/blog/can-tourists-drive-in-saudi-arabia,0.0298
/blog/saudi-arabia-with-elderly-parents-travel-tips,/blog/jeddah-season-2026-events-attractions-guide,0.0246
/blog/saudi-arabia-with-elderly-parents-travel-tips,/blog/saudi-school-public-holidays-2027,0.0287
/blog/saudi-arabia-with-elderly-parents-travel-tips,/blog/best-places-to-visit-taif-summer,0.0246
/blog/saudi-arabia-with-elderly-parents-travel-tips,/blog/saudi-national-day-2026-best-cities,0.0283
/blog/saudi-arabia-with-elderly-parents-travel-tips,/blog/fifa-world-cup-2034-saudi-arabia-travel-planning,0.0287
/blog/saudi-arabia-with-elderly-parents-travel-tips,/blog/riyadh-expo-2030-preparations,0.0257
/blog/saudi-arabia-with-elderly-parents-travel-tips,/blog/saudi-arabia-tourism-projects-2027,0.0270
/blog/saudi-arabia-with-elderly-parents-travel-tips,/blog/hajj-2027-registration-permit-updates,0.0183
/blog/saudi-arabia-with-elderly-parents-travel-tips,/blog/nusuk-app-umrah-guide,0.0185
/blog/saudi-arabia-with-elderly-parents-travel-tips,/blog/cost-of-umrah-trip-2026,0.0179
/blog/saudi-arabia-with-elderly-parents-travel-tips,/blog/private-chauffeur-vs-ride-hailing-saudi-arabia,0.0278
/blog/saudi-arabia-with-elderly-parents-travel-tips,/blog/solo-female-pilgrim-travel-saudi-arabia,0.0209
/blog/saudi-arabia-with-elderly-parents-travel-tips,/blog/ramadan-2026-makkah-transport-guide,0.0211
/blog/saudi-arabia-with-elderly-parents-travel-tips,/blog/riyadh-metro-vs-taxi,0.0252
/blog/saudi-arabia-with-elderly-parents-travel-tips,/blog/alula-travel-guide-2026,0.0276
/blog/saudi-arabia-with-elderly-parents-travel-tips,/blog/king-salman-airport-transfers-guide,0.0282
/blog/saudi-arabia-with-elderly-parents-travel-tips,/blog/transportation-mistakes-pilgrims,0.0201
/blog/saudi-arabia-with-elderly-parents-travel-tips,/blog/miqat-locations-for-umrah,0.0179
/blog/saudi-arabia-with-elderly-parents-travel-tips,/blog/new-saudi-umrah-visa-rules-2026,0.0182
/blog/saudi-arabia-with-elderly-parents-travel-tips,/blog/vip-transfer-jeddah-airport-to-makkah,0.0181
/blog/saudi-arabia-with-elderly-parents-travel-tips,/blog/makkah-madinah-train-vs-taxi,0.0180
/blog/saudi-arabia-with-elderly-parents-travel-tips,/blog/umrah-with-children,0.0174
/blog/saudi-arabia-with-elderly-parents-travel-tips,/blog/how-to-travel-between-makkah-madinah-jeddah,0.0191
/blog/saudi-arabia-with-elderly-parents-travel-tips,/blog/umrah-for-elderly-pilgrims,0.0185
/blog/saudi-arabia-with-elderly-parents-travel-tips,/blog/complete-guide-to-masjid-al-haram,0.0209
/blog/saudi-arabia-with-elderly-parents-travel-tips,/blog/common-questions-first-time-umrah-pilgrims,0.0194
/blog/saudi-arabia-with-elderly-parents-travel-tips,/blog/jeddah-airport-arrival-guide-umrah,0.0189
/blog/saudi-arabia-with-elderly-parents-travel-tips,/blog/saudi-arabia-entry-requirements-pilgrims-2026,0.0215
/blog/saudi-arabia-with-elderly-parents-travel-tips,/blog/essential-duas-for-umrah-and-hajj,0.0191
/blog/saudi-arabia-with-elderly-parents-travel-tips,/blog/difference-between-hajj-and-umrah,0.0432
/blog/saudi-arabia-with-elderly-parents-travel-tips,/blog/first-time-visiting-makkah-guide,0.0212
/blog/saudi-arabia-with-elderly-parents-travel-tips,/blog/first-time-visiting-madinah-guide,0.0191
/blog/saudi-arabia-with-elderly-parents-travel-tips,/blog/best-time-to-perform-umrah-2026,0.0189
/blog/saudi-arabia-with-elderly-parents-travel-tips,/blog/madinah-ziyarat-historic-sites-guide,0.0180
/blog/saudi-arabia-with-elderly-parents-travel-tips,/blog/what-to-pack-for-umrah-checklist,0.0175
/blog/saudi-arabia-with-elderly-parents-travel-tips,/blog/main-rituals-of-hajj-explained,0.0178
/blog/saudi-arabia-with-elderly-parents-travel-tips,/blog/common-mistakes-to-avoid-during-umrah,0.0178
/blog/saudi-arabia-with-elderly-parents-travel-tips,/blog/umrah-transport-makkah-madinah-guide,0.0234
/blog/saudi-arabia-with-elderly-parents-travel-tips,/blog/riyadh-to-dammam-taxi-guide,0.0237
/blog/saudi-arabia-with-elderly-parents-travel-tips,/blog/how-to-perform-umrah-step-by-step-guide,0.0179
/blog/saudi-arabia-with-elderly-parents-travel-tips,/blog/saudi-to-bahrain-taxi-king-fahd-causeway,0.0237
/blog/saudi-arabia-with-elderly-parents-travel-tips,/blog/saudi-arabia-intercity-taxi-services-guide,0.0258
/blog/saudi-arabia-with-elderly-parents-travel-tips,/blog/makkah-to-madinah-private-taxi-guide,0.0226
/blog/saudi-arabia-with-elderly-parents-travel-tips,/blog/riyadh-airport-transfer-business-travelers,0.0234
/blog/saudi-arabia-with-elderly-parents-travel-tips,/blog/jeddah-to-taif-taxi-guide,0.0262
/blog/saudi-arabia-with-elderly-parents-travel-tips,/blog/top-tourist-destinations-private-taxi-saudi-arabia,0.0249
/blog/saudi-arabia-with-elderly-parents-travel-tips,/blog/taxi-cost-saudi-arabia-price-guide,0.0278
/blog/saudi-arabia-with-elderly-parents-travel-tips,/blog/jeddah-airport-to-makkah-taxi-service-guide,0.0216
/blog/is-saudi-arabia-safe-for-solo-tourists-2026,/blog/saudi-arabia-in-august-weather-crowds-travel-tips,0.0253
/blog/is-saudi-arabia-safe-for-solo-tourists-2026,/blog/saudi-airport-transfer-tips,0.0243
/blog/is-saudi-arabia-safe-for-solo-tourists-2026,/blog/saudi-arabia-digital-nomad-guide,0.0242
/blog/is-saudi-arabia-safe-for-solo-tourists-2026,/blog/king-fahd-causeway-guide,0.0250
/blog/is-saudi-arabia-safe-for-solo-tourists-2026,/blog/dammam-travel-guide,0.0226
/blog/is-saudi-arabia-safe-for-solo-tourists-2026,/blog/saudi-airport-pickup-guide,0.0236
/blog/is-saudi-arabia-safe-for-solo-tourists-2026,/blog/saudi-arabia-business-travel-guide-2027,0.0239
/blog/is-saudi-arabia-safe-for-solo-tourists-2026,/blog/dammam-to-bahrain-travel-guide,0.0219
/blog/is-saudi-arabia-safe-for-solo-tourists-2026,/blog/king-fahd-international-airport-complete-guide,0.0231
/blog/is-saudi-arabia-safe-for-solo-tourists-2026,/blog/best-hotels-near-dammam-airport,0.0226
/blog/is-saudi-arabia-safe-for-solo-tourists-2026,/blog/saudi-arabia-entry-requirements-2027,0.0226
/blog/is-saudi-arabia-safe-for-solo-tourists-2026,/blog/how-to-exchange-currency-in-saudi-arabia,0.0270
/blog/is-saudi-arabia-safe-for-solo-tourists-2026,/blog/what-to-wear-in-saudi-arabia-tourist,0.0284
/blog/is-saudi-arabia-safe-for-solo-tourists-2026,/blog/how-much-cash-to-carry-in-saudi-arabia,0.0261
/blog/is-saudi-arabia-safe-for-solo-tourists-2026,/blog/saudi-arabia-travel-checklist-before-flight,0.0267
/blog/is-saudi-arabia-safe-for-solo-tourists-2026,/blog/common-mistakes-tourists-make-in-saudi-arabia,0.0267
/blog/is-saudi-arabia-safe-for-solo-tourists-2026,/blog/saudi-arabia-sim-card-guide-tourists,0.0249
/blog/is-saudi-arabia-safe-for-solo-tourists-2026,/blog/uber-vs-careem-vs-private-transfer-saudi-arabia,0.0286
/blog/is-saudi-arabia-safe-for-solo-tourists-2026,/blog/what-to-do-after-landing-at-jeddah-airport,0.0258
/blog/is-saudi-arabia-safe-for-solo-tourists-2026,/blog/documents-needed-to-travel-to-saudi-arabia,0.0271
/blog/is-saudi-arabia-safe-for-solo-tourists-2026,/blog/jeddah-airport-terminal-guide-jed,0.0244
/blog/is-saudi-arabia-safe-for-solo-tourists-2026,/blog/riyadh-air-what-travelers-should-know,0.0292
/blog/is-saudi-arabia-safe-for-solo-tourists-2026,/blog/jeddah-to-alula-transport-options,0.0266
/blog/is-saudi-arabia-safe-for-solo-tourists-2026,/blog/best-day-trips-from-riyadh-private-driver,0.0244
/blog/is-saudi-arabia-safe-for-solo-tourists-2026,/blog/neom-travel-guide-2026,0.0277
/blog/is-saudi-arabia-safe-for-solo-tourists-2026,/blog/red-sea-project-travel-guide,0.0245
/blog/is-saudi-arabia-safe-for-solo-tourists-2026,/blog/saudi-tourist-visa-2026-guide,0.0341
/blog/is-saudi-arabia-safe-for-solo-tourists-2026,/blog/can-tourists-drive-in-saudi-arabia,0.0285
/blog/is-saudi-arabia-safe-for-solo-tourists-2026,/blog/jeddah-season-2026-events-attractions-guide,0.0260
/blog/is-saudi-arabia-safe-for-solo-tourists-2026,/blog/saudi-school-public-holidays-2027,0.0337
/blog/is-saudi-arabia-safe-for-solo-tourists-2026,/blog/best-places-to-visit-taif-summer,0.0227
/blog/is-saudi-arabia-safe-for-solo-tourists-2026,/blog/saudi-national-day-2026-best-cities,0.0267
/blog/is-saudi-arabia-safe-for-solo-tourists-2026,/blog/fifa-world-cup-2034-saudi-arabia-travel-planning,0.0285
/blog/is-saudi-arabia-safe-for-solo-tourists-2026,/blog/riyadh-expo-2030-preparations,0.0244
/blog/is-saudi-arabia-safe-for-solo-tourists-2026,/blog/saudi-arabia-tourism-projects-2027,0.0259
/blog/is-saudi-arabia-safe-for-solo-tourists-2026,/blog/hajj-2027-registration-permit-updates,0.0176
/blog/is-saudi-arabia-safe-for-solo-tourists-2026,/blog/nusuk-app-umrah-guide,0.0173
/blog/is-saudi-arabia-safe-for-solo-tourists-2026,/blog/cost-of-umrah-trip-2026,0.0165
/blog/is-saudi-arabia-safe-for-solo-tourists-2026,/blog/private-chauffeur-vs-ride-hailing-saudi-arabia,0.0259
/blog/is-saudi-arabia-safe-for-solo-tourists-2026,/blog/solo-female-pilgrim-travel-saudi-arabia,0.0191
/blog/is-saudi-arabia-safe-for-solo-tourists-2026,/blog/ramadan-2026-makkah-transport-guide,0.0191
/blog/is-saudi-arabia-safe-for-solo-tourists-2026,/blog/riyadh-metro-vs-taxi,0.0233
/blog/is-saudi-arabia-safe-for-solo-tourists-2026,/blog/alula-travel-guide-2026,0.0256
/blog/is-saudi-arabia-safe-for-solo-tourists-2026,/blog/king-salman-airport-transfers-guide,0.0255
/blog/is-saudi-arabia-safe-for-solo-tourists-2026,/blog/transportation-mistakes-pilgrims,0.0183
/blog/is-saudi-arabia-safe-for-solo-tourists-2026,/blog/miqat-locations-for-umrah,0.0164
/blog/is-saudi-arabia-safe-for-solo-tourists-2026,/blog/new-saudi-umrah-visa-rules-2026,0.0167
/blog/is-saudi-arabia-safe-for-solo-tourists-2026,/blog/vip-transfer-jeddah-airport-to-makkah,0.0168
/blog/is-saudi-arabia-safe-for-solo-tourists-2026,/blog/makkah-madinah-train-vs-taxi,0.0161
/blog/is-saudi-arabia-safe-for-solo-tourists-2026,/blog/umrah-with-children,0.0159
/blog/is-saudi-arabia-safe-for-solo-tourists-2026,/blog/how-to-travel-between-makkah-madinah-jeddah,0.0179
/blog/is-saudi-arabia-safe-for-solo-tourists-2026,/blog/umrah-for-elderly-pilgrims,0.0157
/blog/is-saudi-arabia-safe-for-solo-tourists-2026,/blog/complete-guide-to-masjid-al-haram,0.0200
/blog/is-saudi-arabia-safe-for-solo-tourists-2026,/blog/common-questions-first-time-umrah-pilgrims,0.0180
/blog/is-saudi-arabia-safe-for-solo-tourists-2026,/blog/jeddah-airport-arrival-guide-umrah,0.0181
/blog/is-saudi-arabia-safe-for-solo-tourists-2026,/blog/saudi-arabia-entry-requirements-pilgrims-2026,0.0203
/blog/is-saudi-arabia-safe-for-solo-tourists-2026,/blog/essential-duas-for-umrah-and-hajj,0.0181
/blog/is-saudi-arabia-safe-for-solo-tourists-2026,/blog/difference-between-hajj-and-umrah,0.0183
/blog/is-saudi-arabia-safe-for-solo-tourists-2026,/blog/first-time-visiting-makkah-guide,0.0198
/blog/is-saudi-arabia-safe-for-solo-tourists-2026,/blog/first-time-visiting-madinah-guide,0.0177
/blog/is-saudi-arabia-safe-for-solo-tourists-2026,/blog/best-time-to-perform-umrah-2026,0.0175
/blog/is-saudi-arabia-safe-for-solo-tourists-2026,/blog/madinah-ziyarat-historic-sites-guide,0.0167
/blog/is-saudi-arabia-safe-for-solo-tourists-2026,/blog/what-to-pack-for-umrah-checklist,0.0163
/blog/is-saudi-arabia-safe-for-solo-tourists-2026,/blog/main-rituals-of-hajj-explained,0.0167
/blog/is-saudi-arabia-safe-for-solo-tourists-2026,/blog/common-mistakes-to-avoid-during-umrah,0.0167
/blog/is-saudi-arabia-safe-for-solo-tourists-2026,/blog/umrah-transport-makkah-madinah-guide,0.0214
/blog/is-saudi-arabia-safe-for-solo-tourists-2026,/blog/riyadh-to-dammam-taxi-guide,0.0216
/blog/is-saudi-arabia-safe-for-solo-tourists-2026,/blog/how-to-perform-umrah-step-by-step-guide,0.0170
/blog/is-saudi-arabia-safe-for-solo-tourists-2026,/blog/saudi-to-bahrain-taxi-king-fahd-causeway,0.0216
/blog/is-saudi-arabia-safe-for-solo-tourists-2026,/blog/saudi-arabia-intercity-taxi-services-guide,0.0238
/blog/is-saudi-arabia-safe-for-solo-tourists-2026,/blog/makkah-to-madinah-private-taxi-guide,0.0206
/blog/is-saudi-arabia-safe-for-solo-tourists-2026,/blog/riyadh-airport-transfer-business-travelers,0.0213
/blog/is-saudi-arabia-safe-for-solo-tourists-2026,/blog/jeddah-to-taif-taxi-guide,0.0239
/blog/is-saudi-arabia-safe-for-solo-tourists-2026,/blog/top-tourist-destinations-private-taxi-saudi-arabia,0.0253
/blog/is-saudi-arabia-safe-for-solo-tourists-2026,/blog/taxi-cost-saudi-arabia-price-guide,0.0236
/blog/is-saudi-arabia-safe-for-solo-tourists-2026,/blog/jeddah-airport-to-makkah-taxi-service-guide,0.0196
/blog/saudi-arabia-in-august-weather-crowds-travel-tips,/blog/saudi-airport-transfer-tips,0.0228
/blog/saudi-arabia-in-august-weather-crowds-travel-tips,/blog/saudi-arabia-digital-nomad-guide,0.0223
/blog/saudi-arabia-in-august-weather-crowds-travel-tips,/blog/king-fahd-causeway-guide,0.0232
/blog/saudi-arabia-in-august-weather-crowds-travel-tips,/blog/dammam-travel-guide,0.0271
/blog/saudi-arabia-in-august-weather-crowds-travel-tips,/blog/saudi-airport-pickup-guide,0.0226
/blog/saudi-arabia-in-august-weather-crowds-travel-tips,/blog/saudi-arabia-business-travel-guide-2027,0.0222
/blog/saudi-arabia-in-august-weather-crowds-travel-tips,/blog/dammam-to-bahrain-travel-guide,0.0202
/blog/saudi-arabia-in-august-weather-crowds-travel-tips,/blog/king-fahd-international-airport-complete-guide,0.0217
/blog/saudi-arabia-in-august-weather-crowds-travel-tips,/blog/best-hotels-near-dammam-airport,0.0210
/blog/saudi-arabia-in-august-weather-crowds-travel-tips,/blog/saudi-arabia-entry-requirements-2027,0.0193
/blog/saudi-arabia-in-august-weather-crowds-travel-tips,/blog/how-to-exchange-currency-in-saudi-arabia,0.0245
/blog/saudi-arabia-in-august-weather-crowds-travel-tips,/blog/what-to-wear-in-saudi-arabia-tourist,0.0269
/blog/saudi-arabia-in-august-weather-crowds-travel-tips,/blog/how-much-cash-to-carry-in-saudi-arabia,0.0247
/blog/saudi-arabia-in-august-weather-crowds-travel-tips,/blog/saudi-arabia-travel-checklist-before-flight,0.0243
/blog/saudi-arabia-in-august-weather-crowds-travel-tips,/blog/common-mistakes-tourists-make-in-saudi-arabia,0.0501
/blog/saudi-arabia-in-august-weather-crowds-travel-tips,/blog/saudi-arabia-sim-card-guide-tourists,0.0227
/blog/saudi-arabia-in-august-weather-crowds-travel-tips,/blog/uber-vs-careem-vs-private-transfer-saudi-arabia,0.0256
/blog/saudi-arabia-in-august-weather-crowds-travel-tips,/blog/what-to-do-after-landing-at-jeddah-airport,0.0241
/blog/saudi-arabia-in-august-weather-crowds-travel-tips,/blog/documents-needed-to-travel-to-saudi-arabia,0.0243
/blog/saudi-arabia-in-august-weather-crowds-travel-tips,/blog/jeddah-airport-terminal-guide-jed,0.0229
/blog/saudi-arabia-in-august-weather-crowds-travel-tips,/blog/riyadh-air-what-travelers-should-know,0.0214
/blog/saudi-arabia-in-august-weather-crowds-travel-tips,/blog/jeddah-to-alula-transport-options,0.0241
/blog/saudi-arabia-in-august-weather-crowds-travel-tips,/blog/best-day-trips-from-riyadh-private-driver,0.0220
/blog/saudi-arabia-in-august-weather-crowds-travel-tips,/blog/neom-travel-guide-2026,0.0414
/blog/saudi-arabia-in-august-weather-crowds-travel-tips,/blog/red-sea-project-travel-guide,0.0294
/blog/saudi-arabia-in-august-weather-crowds-travel-tips,/blog/saudi-tourist-visa-2026-guide,0.0259
/blog/saudi-arabia-in-august-weather-crowds-travel-tips,/blog/can-tourists-drive-in-saudi-arabia,0.0414
/blog/saudi-arabia-in-august-weather-crowds-travel-tips,/blog/jeddah-season-2026-events-attractions-guide,0.0227
/blog/saudi-arabia-in-august-weather-crowds-travel-tips,/blog/saudi-school-public-holidays-2027,0.0252
/blog/saudi-arabia-in-august-weather-crowds-travel-tips,/blog/best-places-to-visit-taif-summer,0.0225
/blog/saudi-arabia-in-august-weather-crowds-travel-tips,/blog/saudi-national-day-2026-best-cities,0.0253
/blog/saudi-arabia-in-august-weather-crowds-travel-tips,/blog/fifa-world-cup-2034-saudi-arabia-travel-planning,0.0329
/blog/saudi-arabia-in-august-weather-crowds-travel-tips,/blog/riyadh-expo-2030-preparations,0.0235
/blog/saudi-arabia-in-august-weather-crowds-travel-tips,/blog/saudi-arabia-tourism-projects-2027,0.0240
/blog/saudi-arabia-in-august-weather-crowds-travel-tips,/blog/hajj-2027-registration-permit-updates,0.0156
/blog/saudi-arabia-in-august-weather-crowds-travel-tips,/blog/nusuk-app-umrah-guide,0.0158
/blog/saudi-arabia-in-august-weather-crowds-travel-tips,/blog/cost-of-umrah-trip-2026,0.0156
/blog/saudi-arabia-in-august-weather-crowds-travel-tips,/blog/private-chauffeur-vs-ride-hailing-saudi-arabia,0.0238
/blog/saudi-arabia-in-august-weather-crowds-travel-tips,/blog/solo-female-pilgrim-travel-saudi-arabia,0.0177
/blog/saudi-arabia-in-august-weather-crowds-travel-tips,/blog/ramadan-2026-makkah-transport-guide,0.0181
/blog/saudi-arabia-in-august-weather-crowds-travel-tips,/blog/riyadh-metro-vs-taxi,0.0210
/blog/saudi-arabia-in-august-weather-crowds-travel-tips,/blog/alula-travel-guide-2026,0.0237
/blog/saudi-arabia-in-august-weather-crowds-travel-tips,/blog/king-salman-airport-transfers-guide,0.0233
/blog/saudi-arabia-in-august-weather-crowds-travel-tips,/blog/transportation-mistakes-pilgrims,0.0166
/blog/saudi-arabia-in-august-weather-crowds-travel-tips,/blog/miqat-locations-for-umrah,0.0149
/blog/saudi-arabia-in-august-weather-crowds-travel-tips,/blog/new-saudi-umrah-visa-rules-2026,0.0153
/blog/saudi-arabia-in-august-weather-crowds-travel-tips,/blog/vip-transfer-jeddah-airport-to-makkah,0.0154
/blog/saudi-arabia-in-august-weather-crowds-travel-tips,/blog/makkah-madinah-train-vs-taxi,0.0148
/blog/saudi-arabia-in-august-weather-crowds-travel-tips,/blog/umrah-with-children,0.0151
/blog/saudi-arabia-in-august-weather-crowds-travel-tips,/blog/how-to-travel-between-makkah-madinah-jeddah,0.0163
/blog/saudi-arabia-in-august-weather-crowds-travel-tips,/blog/umrah-for-elderly-pilgrims,0.0148
/blog/saudi-arabia-in-august-weather-crowds-travel-tips,/blog/complete-guide-to-masjid-al-haram,0.0177
/blog/saudi-arabia-in-august-weather-crowds-travel-tips,/blog/common-questions-first-time-umrah-pilgrims,0.0162
/blog/saudi-arabia-in-august-weather-crowds-travel-tips,/blog/jeddah-airport-arrival-guide-umrah,0.0166
/blog/saudi-arabia-in-august-weather-crowds-travel-tips,/blog/saudi-arabia-entry-requirements-pilgrims-2026,0.0182
/blog/saudi-arabia-in-august-weather-crowds-travel-tips,/blog/essential-duas-for-umrah-and-hajj,0.0161
/blog/saudi-arabia-in-august-weather-crowds-travel-tips,/blog/difference-between-hajj-and-umrah,0.0161
/blog/saudi-arabia-in-august-weather-crowds-travel-tips,/blog/first-time-visiting-makkah-guide,0.0182
/blog/saudi-arabia-in-august-weather-crowds-travel-tips,/blog/first-time-visiting-madinah-guide,0.0171
/blog/saudi-arabia-in-august-weather-crowds-travel-tips,/blog/best-time-to-perform-umrah-2026,0.0160
/blog/saudi-arabia-in-august-weather-crowds-travel-tips,/blog/madinah-ziyarat-historic-sites-guide,0.0156
/blog/saudi-arabia-in-august-weather-crowds-travel-tips,/blog/what-to-pack-for-umrah-checklist,0.0151
/blog/saudi-arabia-in-august-weather-crowds-travel-tips,/blog/main-rituals-of-hajj-explained,0.0151
/blog/saudi-arabia-in-august-weather-crowds-travel-tips,/blog/common-mistakes-to-avoid-during-umrah,0.0151
/blog/saudi-arabia-in-august-weather-crowds-travel-tips,/blog/umrah-transport-makkah-madinah-guide,0.0197
/blog/saudi-arabia-in-august-weather-crowds-travel-tips,/blog/riyadh-to-dammam-taxi-guide,0.0194
/blog/saudi-arabia-in-august-weather-crowds-travel-tips,/blog/how-to-perform-umrah-step-by-step-guide,0.0154
/blog/saudi-arabia-in-august-weather-crowds-travel-tips,/blog/saudi-to-bahrain-taxi-king-fahd-causeway,0.0194
/blog/saudi-arabia-in-august-weather-crowds-travel-tips,/blog/saudi-arabia-intercity-taxi-services-guide,0.0213
/blog/saudi-arabia-in-august-weather-crowds-travel-tips,/blog/makkah-to-madinah-private-taxi-guide,0.0187
/blog/saudi-arabia-in-august-weather-crowds-travel-tips,/blog/riyadh-airport-transfer-business-travelers,0.0201
/blog/saudi-arabia-in-august-weather-crowds-travel-tips,/blog/jeddah-to-taif-taxi-guide,0.0215
/blog/saudi-arabia-in-august-weather-crowds-travel-tips,/blog/top-tourist-destinations-private-taxi-saudi-arabia,0.0319
/blog/saudi-arabia-in-august-weather-crowds-travel-tips,/blog/taxi-cost-saudi-arabia-price-guide,0.0209
/blog/saudi-arabia-in-august-weather-crowds-travel-tips,/blog/jeddah-airport-to-makkah-taxi-service-guide,0.0190
/blog/saudi-airport-transfer-tips,/blog/saudi-arabia-digital-nomad-guide,0.0258
/blog/saudi-airport-transfer-tips,/blog/king-fahd-causeway-guide,0.0295
/blog/saudi-airport-transfer-tips,/blog/dammam-travel-guide,0.0260
/blog/saudi-airport-transfer-tips,/blog/saudi-airport-pickup-guide,0.0595
/blog/saudi-airport-transfer-tips,/blog/saudi-arabia-business-travel-guide-2027,0.0294
/blog/saudi-airport-transfer-tips,/blog/dammam-to-bahrain-travel-guide,0.0265
/blog/saudi-airport-transfer-tips,/blog/king-fahd-international-airport-complete-guide,0.0266
/blog/saudi-airport-transfer-tips,/blog/best-hotels-near-dammam-airport,0.0258
/blog/saudi-airport-transfer-tips,/blog/saudi-arabia-entry-requirements-2027,0.0253
/blog/saudi-airport-transfer-tips,/blog/how-to-exchange-currency-in-saudi-arabia,0.0282
/blog/saudi-airport-transfer-tips,/blog/what-to-wear-in-saudi-arabia-tourist,0.0287
/blog/saudi-airport-transfer-tips,/blog/how-much-cash-to-carry-in-saudi-arabia,0.0268
/blog/saudi-airport-transfer-tips,/blog/saudi-arabia-travel-checklist-before-flight,0.0276
/blog/saudi-airport-transfer-tips,/blog/common-mistakes-tourists-make-in-saudi-arabia,0.0288
/blog/saudi-airport-transfer-tips,/blog/saudi-arabia-sim-card-guide-tourists,0.0245
/blog/saudi-airport-transfer-tips,/blog/uber-vs-careem-vs-private-transfer-saudi-arabia,0.0275
/blog/saudi-airport-transfer-tips,/blog/what-to-do-after-landing-at-jeddah-airport,0.0251
/blog/saudi-airport-transfer-tips,/blog/documents-needed-to-travel-to-saudi-arabia,0.0268
/blog/saudi-airport-transfer-tips,/blog/jeddah-airport-terminal-guide-jed,0.0245
/blog/saudi-airport-transfer-tips,/blog/riyadh-air-what-travelers-should-know,0.0235
/blog/saudi-airport-transfer-tips,/blog/jeddah-to-alula-transport-options,0.0257
/blog/saudi-airport-transfer-tips,/blog/best-day-trips-from-riyadh-private-driver,0.0238
/blog/saudi-airport-transfer-tips,/blog/neom-travel-guide-2026,0.0283
/blog/saudi-airport-transfer-tips,/blog/red-sea-project-travel-guide,0.0241
/blog/saudi-airport-transfer-tips,/blog/saudi-tourist-visa-2026-guide,0.0262
/blog/saudi-airport-transfer-tips,/blog/can-tourists-drive-in-saudi-arabia,0.0288
/blog/saudi-airport-transfer-tips,/blog/jeddah-season-2026-events-attractions-guide,0.0240
/blog/saudi-airport-transfer-tips,/blog/saudi-school-public-holidays-2027,0.0270
/blog/saudi-airport-transfer-tips,/blog/best-places-to-visit-taif-summer,0.0231
/blog/saudi-airport-transfer-tips,/blog/saudi-national-day-2026-best-cities,0.0262
/blog/saudi-airport-transfer-tips,/blog/fifa-world-cup-2034-saudi-arabia-travel-planning,0.0270
/blog/saudi-airport-transfer-tips,/blog/riyadh-expo-2030-preparations,0.0247
/blog/saudi-airport-transfer-tips,/blog/saudi-arabia-tourism-projects-2027,0.0256
/blog/saudi-airport-transfer-tips,/blog/hajj-2027-registration-permit-updates,0.0168
/blog/saudi-airport-transfer-tips,/blog/nusuk-app-umrah-guide,0.0174
/blog/saudi-airport-transfer-tips,/blog/cost-of-umrah-trip-2026,0.0164
/blog/saudi-airport-transfer-tips,/blog/private-chauffeur-vs-ride-hailing-saudi-arabia,0.0258
/blog/saudi-airport-transfer-tips,/blog/solo-female-pilgrim-travel-saudi-arabia,0.0186
/blog/saudi-airport-transfer-tips,/blog/ramadan-2026-makkah-transport-guide,0.0187
/blog/saudi-airport-transfer-tips,/blog/riyadh-metro-vs-taxi,0.0234
/blog/saudi-airport-transfer-tips,/blog/alula-travel-guide-2026,0.0253
/blog/saudi-airport-transfer-tips,/blog/king-salman-airport-transfers-guide,0.0258
/blog/saudi-airport-transfer-tips,/blog/transportation-mistakes-pilgrims,0.0192
/blog/saudi-airport-transfer-tips,/blog/miqat-locations-for-umrah,0.0160
/blog/saudi-airport-transfer-tips,/blog/new-saudi-umrah-visa-rules-2026,0.0169
/blog/saudi-airport-transfer-tips,/blog/vip-transfer-jeddah-airport-to-makkah,0.0168
/blog/saudi-airport-transfer-tips,/blog/makkah-madinah-train-vs-taxi,0.0162
/blog/saudi-airport-transfer-tips,/blog/umrah-with-children,0.0159
/blog/saudi-airport-transfer-tips,/blog/how-to-travel-between-makkah-madinah-jeddah,0.0175
/blog/saudi-airport-transfer-tips,/blog/umrah-for-elderly-pilgrims,0.0157
/blog/saudi-airport-transfer-tips,/blog/complete-guide-to-masjid-al-haram,0.0199
/blog/saudi-airport-transfer-tips,/blog/common-questions-first-time-umrah-pilgrims,0.0178
/blog/saudi-airport-transfer-tips,/blog/jeddah-airport-arrival-guide-umrah,0.0184
/blog/saudi-airport-transfer-tips,/blog/saudi-arabia-entry-requirements-pilgrims-2026,0.0197
/blog/saudi-airport-transfer-tips,/blog/essential-duas-for-umrah-and-hajj,0.0176
/blog/saudi-airport-transfer-tips,/blog/difference-between-hajj-and-umrah,0.0179
/blog/saudi-airport-transfer-tips,/blog/first-time-visiting-makkah-guide,0.0207
/blog/saudi-airport-transfer-tips,/blog/first-time-visiting-madinah-guide,0.0188
/blog/saudi-airport-transfer-tips,/blog/best-time-to-perform-umrah-2026,0.0173
/blog/saudi-airport-transfer-tips,/blog/madinah-ziyarat-historic-sites-guide,0.0167
/blog/saudi-airport-transfer-tips,/blog/what-to-pack-for-umrah-checklist,0.0172
/blog/saudi-airport-transfer-tips,/blog/main-rituals-of-hajj-explained,0.0165
/blog/saudi-airport-transfer-tips,/blog/common-mistakes-to-avoid-during-umrah,0.0170
/blog/saudi-airport-transfer-tips,/blog/umrah-transport-makkah-madinah-guide,0.0220
/blog/saudi-airport-transfer-tips,/blog/riyadh-to-dammam-taxi-guide,0.0231
/blog/saudi-airport-transfer-tips,/blog/how-to-perform-umrah-step-by-step-guide,0.0165
/blog/saudi-airport-transfer-tips,/blog/saudi-to-bahrain-taxi-king-fahd-causeway,0.0224
/blog/saudi-airport-transfer-tips,/blog/saudi-arabia-intercity-taxi-services-guide,0.0257
/blog/saudi-airport-transfer-tips,/blog/makkah-to-madinah-private-taxi-guide,0.0242
/blog/saudi-airport-transfer-tips,/blog/riyadh-airport-transfer-business-travelers,0.0620
/blog/saudi-airport-transfer-tips,/blog/jeddah-to-taif-taxi-guide,0.0254
/blog/saudi-airport-transfer-tips,/blog/top-tourist-destinations-private-taxi-saudi-arabia,0.0247
/blog/saudi-airport-transfer-tips,/blog/taxi-cost-saudi-arabia-price-guide,0.0235
/blog/saudi-airport-transfer-tips,/blog/jeddah-airport-to-makkah-taxi-service-guide,0.0579
/blog/saudi-arabia-digital-nomad-guide,/blog/king-fahd-causeway-guide,0.0271
/blog/saudi-arabia-digital-nomad-guide,/blog/dammam-travel-guide,0.0255
/blog/saudi-arabia-digital-nomad-guide,/blog/saudi-airport-pickup-guide,0.0274
/blog/saudi-arabia-digital-nomad-guide,/blog/saudi-arabia-business-travel-guide-2027,0.0539
/blog/saudi-arabia-digital-nomad-guide,/blog/dammam-to-bahrain-travel-guide,0.0233
/blog/saudi-arabia-digital-nomad-guide,/blog/king-fahd-international-airport-complete-guide,0.0256
/blog/saudi-arabia-digital-nomad-guide,/blog/best-hotels-near-dammam-airport,0.0482
/blog/saudi-arabia-digital-nomad-guide,/blog/saudi-arabia-entry-requirements-2027,0.0373
/blog/saudi-arabia-digital-nomad-guide,/blog/how-to-exchange-currency-in-saudi-arabia,0.0263
/blog/saudi-arabia-digital-nomad-guide,/blog/what-to-wear-in-saudi-arabia-tourist,0.0289
/blog/saudi-arabia-digital-nomad-guide,/blog/how-much-cash-to-carry-in-saudi-arabia,0.0254
/blog/saudi-arabia-digital-nomad-guide,/blog/saudi-arabia-travel-checklist-before-flight,0.0270
/blog/saudi-arabia-digital-nomad-guide,/blog/common-mistakes-tourists-make-in-saudi-arabia,0.0263
/blog/saudi-arabia-digital-nomad-guide,/blog/saudi-arabia-sim-card-guide-tourists,0.0259
/blog/saudi-arabia-digital-nomad-guide,/blog/uber-vs-careem-vs-private-transfer-saudi-arabia,0.0281
/blog/saudi-arabia-digital-nomad-guide,/blog/what-to-do-after-landing-at-jeddah-airport,0.0251
/blog/saudi-arabia-digital-nomad-guide,/blog/documents-needed-to-travel-to-saudi-arabia,0.0272
/blog/saudi-arabia-digital-nomad-guide,/blog/jeddah-airport-terminal-guide-jed,0.0254
/blog/saudi-arabia-digital-nomad-guide,/blog/riyadh-air-what-travelers-should-know,0.0234
/blog/saudi-arabia-digital-nomad-guide,/blog/jeddah-to-alula-transport-options,0.0513
/blog/saudi-arabia-digital-nomad-guide,/blog/best-day-trips-from-riyadh-private-driver,0.0332
/blog/saudi-arabia-digital-nomad-guide,/blog/neom-travel-guide-2026,0.0273
/blog/saudi-arabia-digital-nomad-guide,/blog/red-sea-project-travel-guide,0.0240
/blog/saudi-arabia-digital-nomad-guide,/blog/saudi-tourist-visa-2026-guide,0.0268
/blog/saudi-arabia-digital-nomad-guide,/blog/can-tourists-drive-in-saudi-arabia,0.0273
/blog/saudi-arabia-digital-nomad-guide,/blog/jeddah-season-2026-events-attractions-guide,0.0242
/blog/saudi-arabia-digital-nomad-guide,/blog/saudi-school-public-holidays-2027,0.0272
/blog/saudi-arabia-digital-nomad-guide,/blog/best-places-to-visit-taif-summer,0.0441
/blog/saudi-arabia-digital-nomad-guide,/blog/saudi-national-day-2026-best-cities,0.0270
/blog/saudi-arabia-digital-nomad-guide,/blog/fifa-world-cup-2034-saudi-arabia-travel-planning,0.0266
/blog/saudi-arabia-digital-nomad-guide,/blog/riyadh-expo-2030-preparations,0.0240
/blog/saudi-arabia-digital-nomad-guide,/blog/saudi-arabia-tourism-projects-2027,0.0255
/blog/saudi-arabia-digital-nomad-guide,/blog/hajj-2027-registration-permit-updates,0.0168
/blog/saudi-arabia-digital-nomad-guide,/blog/nusuk-app-umrah-guide,0.0184
/blog/saudi-arabia-digital-nomad-guide,/blog/cost-of-umrah-trip-2026,0.0164
/blog/saudi-arabia-digital-nomad-guide,/blog/private-chauffeur-vs-ride-hailing-saudi-arabia,0.0254
/blog/saudi-arabia-digital-nomad-guide,/blog/solo-female-pilgrim-travel-saudi-arabia,0.0204
/blog/saudi-arabia-digital-nomad-guide,/blog/ramadan-2026-makkah-transport-guide,0.0183
/blog/saudi-arabia-digital-nomad-guide,/blog/riyadh-metro-vs-taxi,0.0241
/blog/saudi-arabia-digital-nomad-guide,/blog/alula-travel-guide-2026,0.0505
/blog/saudi-arabia-digital-nomad-guide,/blog/king-salman-airport-transfers-guide,0.0271
/blog/saudi-arabia-digital-nomad-guide,/blog/transportation-mistakes-pilgrims,0.0193
/blog/saudi-arabia-digital-nomad-guide,/blog/miqat-locations-for-umrah,0.0160
/blog/saudi-arabia-digital-nomad-guide,/blog/new-saudi-umrah-visa-rules-2026,0.0166
/blog/saudi-arabia-digital-nomad-guide,/blog/vip-transfer-jeddah-airport-to-makkah,0.0164
/blog/saudi-arabia-digital-nomad-guide,/blog/makkah-madinah-train-vs-taxi,0.0172
/blog/saudi-arabia-digital-nomad-guide,/blog/umrah-with-children,0.0160
/blog/saudi-arabia-digital-nomad-guide,/blog/how-to-travel-between-makkah-madinah-jeddah,0.0176
/blog/saudi-arabia-digital-nomad-guide,/blog/umrah-for-elderly-pilgrims,0.0162
/blog/saudi-arabia-digital-nomad-guide,/blog/complete-guide-to-masjid-al-haram,0.0208
/blog/saudi-arabia-digital-nomad-guide,/blog/common-questions-first-time-umrah-pilgrims,0.0177
/blog/saudi-arabia-digital-nomad-guide,/blog/jeddah-airport-arrival-guide-umrah,0.0180
/blog/saudi-arabia-digital-nomad-guide,/blog/saudi-arabia-entry-requirements-pilgrims-2026,0.0194
/blog/saudi-arabia-digital-nomad-guide,/blog/essential-duas-for-umrah-and-hajj,0.0174
/blog/saudi-arabia-digital-nomad-guide,/blog/difference-between-hajj-and-umrah,0.0174
/blog/saudi-arabia-digital-nomad-guide,/blog/first-time-visiting-makkah-guide,0.0201
/blog/saudi-arabia-digital-nomad-guide,/blog/first-time-visiting-madinah-guide,0.0176
/blog/saudi-arabia-digital-nomad-guide,/blog/best-time-to-perform-umrah-2026,0.0174
/blog/saudi-arabia-digital-nomad-guide,/blog/madinah-ziyarat-historic-sites-guide,0.0168
/blog/saudi-arabia-digital-nomad-guide,/blog/what-to-pack-for-umrah-checklist,0.0166
/blog/saudi-arabia-digital-nomad-guide,/blog/main-rituals-of-hajj-explained,0.0167
/blog/saudi-arabia-digital-nomad-guide,/blog/common-mistakes-to-avoid-during-umrah,0.0165
/blog/saudi-arabia-digital-nomad-guide,/blog/umrah-transport-makkah-madinah-guide,0.0218
/blog/saudi-arabia-digital-nomad-guide,/blog/riyadh-to-dammam-taxi-guide,0.0216
/blog/saudi-arabia-digital-nomad-guide,/blog/how-to-perform-umrah-step-by-step-guide,0.0170
/blog/saudi-arabia-digital-nomad-guide,/blog/saudi-to-bahrain-taxi-king-fahd-causeway,0.0216
/blog/saudi-arabia-digital-nomad-guide,/blog/saudi-arabia-intercity-taxi-services-guide,0.0229
/blog/saudi-arabia-digital-nomad-guide,/blog/makkah-to-madinah-private-taxi-guide,0.0202
/blog/saudi-arabia-digital-nomad-guide,/blog/riyadh-airport-transfer-business-travelers,0.0225
/blog/saudi-arabia-digital-nomad-guide,/blog/jeddah-to-taif-taxi-guide,0.0239
/blog/saudi-arabia-digital-nomad-guide,/blog/top-tourist-destinations-private-taxi-saudi-arabia,0.0233
/blog/saudi-arabia-digital-nomad-guide,/blog/taxi-cost-saudi-arabia-price-guide,0.0229
/blog/saudi-arabia-digital-nomad-guide,/blog/jeddah-airport-to-makkah-taxi-service-guide,0.0209
/blog/king-fahd-causeway-guide,/blog/dammam-travel-guide,0.0273
/blog/king-fahd-causeway-guide,/blog/saudi-airport-pickup-guide,0.0281
/blog/king-fahd-causeway-guide,/blog/saudi-arabia-business-travel-guide-2027,0.0305
/blog/king-fahd-causeway-guide,/blog/dammam-to-bahrain-travel-guide,0.0478
/blog/king-fahd-causeway-guide,/blog/king-fahd-international-airport-complete-guide,0.0259
/blog/king-fahd-causeway-guide,/blog/best-hotels-near-dammam-airport,0.0259
/blog/king-fahd-causeway-guide,/blog/saudi-arabia-entry-requirements-2027,0.0249
/blog/king-fahd-causeway-guide,/blog/how-to-exchange-currency-in-saudi-arabia,0.0272
/blog/king-fahd-causeway-guide,/blog/what-to-wear-in-saudi-arabia-tourist,0.0285
/blog/king-fahd-causeway-guide,/blog/how-much-cash-to-carry-in-saudi-arabia,0.0265
/blog/king-fahd-causeway-guide,/blog/saudi-arabia-travel-checklist-before-flight,0.0283
/blog/king-fahd-causeway-guide,/blog/common-mistakes-tourists-make-in-saudi-arabia,0.0263
/blog/king-fahd-causeway-guide,/blog/saudi-arabia-sim-card-guide-tourists,0.0250
/blog/king-fahd-causeway-guide,/blog/uber-vs-careem-vs-private-transfer-saudi-arabia,0.0276
/blog/king-fahd-causeway-guide,/blog/what-to-do-after-landing-at-jeddah-airport,0.0257
/blog/king-fahd-causeway-guide,/blog/documents-needed-to-travel-to-saudi-arabia,0.0277
/blog/king-fahd-causeway-guide,/blog/jeddah-airport-terminal-guide-jed,0.0247
/blog/king-fahd-causeway-guide,/blog/riyadh-air-what-travelers-should-know,0.0240
/blog/king-fahd-causeway-guide,/blog/jeddah-to-alula-transport-options,0.0273
/blog/king-fahd-causeway-guide,/blog/best-day-trips-from-riyadh-private-driver,0.0256
/blog/king-fahd-causeway-guide,/blog/neom-travel-guide-2026,0.0279
/blog/king-fahd-causeway-guide,/blog/red-sea-project-travel-guide,0.0244
/blog/king-fahd-causeway-guide,/blog/saudi-tourist-visa-2026-guide,0.0266
/blog/king-fahd-causeway-guide,/blog/can-tourists-drive-in-saudi-arabia,0.0286
/blog/king-fahd-causeway-guide,/blog/jeddah-season-2026-events-attractions-guide,0.0242
/blog/king-fahd-causeway-guide,/blog/saudi-school-public-holidays-2027,0.0267
/blog/king-fahd-causeway-guide,/blog/best-places-to-visit-taif-summer,0.0245
/blog/king-fahd-causeway-guide,/blog/saudi-national-day-2026-best-cities,0.0272
/blog/king-fahd-causeway-guide,/blog/fifa-world-cup-2034-saudi-arabia-travel-planning,0.0270
/blog/king-fahd-causeway-guide,/blog/riyadh-expo-2030-preparations,0.0247
/blog/king-fahd-causeway-guide,/blog/saudi-arabia-tourism-projects-2027,0.0261
/blog/king-fahd-causeway-guide,/blog/hajj-2027-registration-permit-updates,0.0170
/blog/king-fahd-causeway-guide,/blog/nusuk-app-umrah-guide,0.0174
/blog/king-fahd-causeway-guide,/blog/cost-of-umrah-trip-2026,0.0166
/blog/king-fahd-causeway-guide,/blog/private-chauffeur-vs-ride-hailing-saudi-arabia,0.0264
/blog/king-fahd-causeway-guide,/blog/solo-female-pilgrim-travel-saudi-arabia,0.0188
/blog/king-fahd-causeway-guide,/blog/ramadan-2026-makkah-transport-guide,0.0189
/blog/king-fahd-causeway-guide,/blog/riyadh-metro-vs-taxi,0.0239
/blog/king-fahd-causeway-guide,/blog/alula-travel-guide-2026,0.0281
/blog/king-fahd-causeway-guide,/blog/king-salman-airport-transfers-guide,0.0264
/blog/king-fahd-causeway-guide,/blog/transportation-mistakes-pilgrims,0.0183
/blog/king-fahd-causeway-guide,/blog/miqat-locations-for-umrah,0.0171
/blog/king-fahd-causeway-guide,/blog/new-saudi-umrah-visa-rules-2026,0.0171
/blog/king-fahd-causeway-guide,/blog/vip-transfer-jeddah-airport-to-makkah,0.0176
/blog/king-fahd-causeway-guide,/blog/makkah-madinah-train-vs-taxi,0.0164
/blog/king-fahd-causeway-guide,/blog/umrah-with-children,0.0162
/blog/king-fahd-causeway-guide,/blog/how-to-travel-between-makkah-madinah-jeddah,0.0183
/blog/king-fahd-causeway-guide,/blog/umrah-for-elderly-pilgrims,0.0160
/blog/king-fahd-causeway-guide,/blog/complete-guide-to-masjid-al-haram,0.0199
/blog/king-fahd-causeway-guide,/blog/common-questions-first-time-umrah-pilgrims,0.0184
/blog/king-fahd-causeway-guide,/blog/jeddah-airport-arrival-guide-umrah,0.0177
/blog/king-fahd-causeway-guide,/blog/saudi-arabia-entry-requirements-pilgrims-2026,0.0206
/blog/king-fahd-causeway-guide,/blog/essential-duas-for-umrah-and-hajj,0.0179
/blog/king-fahd-causeway-guide,/blog/difference-between-hajj-and-umrah,0.0187
/blog/king-fahd-causeway-guide,/blog/first-time-visiting-makkah-guide,0.0214
/blog/king-fahd-causeway-guide,/blog/first-time-visiting-madinah-guide,0.0185
/blog/king-fahd-causeway-guide,/blog/best-time-to-perform-umrah-2026,0.0179
/blog/king-fahd-causeway-guide,/blog/madinah-ziyarat-historic-sites-guide,0.0171
/blog/king-fahd-causeway-guide,/blog/what-to-pack-for-umrah-checklist,0.0166
/blog/king-fahd-causeway-guide,/blog/main-rituals-of-hajj-explained,0.0171
/blog/king-fahd-causeway-guide,/blog/common-mistakes-to-avoid-during-umrah,0.0171
/blog/king-fahd-causeway-guide,/blog/umrah-transport-makkah-madinah-guide,0.0355
/blog/king-fahd-causeway-guide,/blog/riyadh-to-dammam-taxi-guide,0.0246
/blog/king-fahd-causeway-guide,/blog/how-to-perform-umrah-step-by-step-guide,0.0189
/blog/king-fahd-causeway-guide,/blog/saudi-to-bahrain-taxi-king-fahd-causeway,0.0421
/blog/king-fahd-causeway-guide,/blog/saudi-arabia-intercity-taxi-services-guide,0.0251
/blog/king-fahd-causeway-guide,/blog/makkah-to-madinah-private-taxi-guide,0.0221
/blog/king-fahd-causeway-guide,/blog/riyadh-airport-transfer-business-travelers,0.0238
/blog/king-fahd-causeway-guide,/blog/jeddah-to-taif-taxi-guide,0.0264
/blog/king-fahd-causeway-guide,/blog/top-tourist-destinations-private-taxi-saudi-arabia,0.0243
/blog/king-fahd-causeway-guide,/blog/taxi-cost-saudi-arabia-price-guide,0.0239
/blog/king-fahd-causeway-guide,/blog/jeddah-airport-to-makkah-taxi-service-guide,0.0221
/blog/dammam-travel-guide,/blog/saudi-airport-pickup-guide,0.0278
/blog/dammam-travel-guide,/blog/saudi-arabia-business-travel-guide-2027,0.0246
/blog/dammam-travel-guide,/blog/dammam-to-bahrain-travel-guide,0.0314
/blog/dammam-travel-guide,/blog/king-fahd-international-airport-complete-guide,0.0262
/blog/dammam-travel-guide,/blog/best-hotels-near-dammam-airport,0.0318
/blog/dammam-travel-guide,/blog/saudi-arabia-entry-requirements-2027,0.0213
/blog/dammam-travel-guide,/blog/how-to-exchange-currency-in-saudi-arabia,0.0246
/blog/dammam-travel-guide,/blog/what-to-wear-in-saudi-arabia-tourist,0.0439
/blog/dammam-travel-guide,/blog/how-much-cash-to-carry-in-saudi-arabia,0.0241
/blog/dammam-travel-guide,/blog/saudi-arabia-travel-checklist-before-flight,0.0252
/blog/dammam-travel-guide,/blog/common-mistakes-tourists-make-in-saudi-arabia,0.0243
/blog/dammam-travel-guide,/blog/saudi-arabia-sim-card-guide-tourists,0.0227
/blog/dammam-travel-guide,/blog/uber-vs-careem-vs-private-transfer-saudi-arabia,0.0252
/blog/dammam-travel-guide,/blog/what-to-do-after-landing-at-jeddah-airport,0.0249
/blog/dammam-travel-guide,/blog/documents-needed-to-travel-to-saudi-arabia,0.0247
/blog/dammam-travel-guide,/blog/jeddah-airport-terminal-guide-jed,0.0245
/blog/dammam-travel-guide,/blog/riyadh-air-what-travelers-should-know,0.0257
/blog/dammam-travel-guide,/blog/jeddah-to-alula-transport-options,0.0247
/blog/dammam-travel-guide,/blog/best-day-trips-from-riyadh-private-driver,0.0274
/blog/dammam-travel-guide,/blog/neom-travel-guide-2026,0.0452
/blog/dammam-travel-guide,/blog/red-sea-project-travel-guide,0.0304
/blog/dammam-travel-guide,/blog/saudi-tourist-visa-2026-guide,0.0243
/blog/dammam-travel-guide,/blog/can-tourists-drive-in-saudi-arabia,0.0568
/blog/dammam-travel-guide,/blog/jeddah-season-2026-events-attractions-guide,0.0294
/blog/dammam-travel-guide,/blog/saudi-school-public-holidays-2027,0.0244
/blog/dammam-travel-guide,/blog/best-places-to-visit-taif-summer,0.0224
/blog/dammam-travel-guide,/blog/saudi-national-day-2026-best-cities,0.0253
/blog/dammam-travel-guide,/blog/fifa-world-cup-2034-saudi-arabia-travel-planning,0.0247
/blog/dammam-travel-guide,/blog/riyadh-expo-2030-preparations,0.0353
/blog/dammam-travel-guide,/blog/saudi-arabia-tourism-projects-2027,0.0408
/blog/dammam-travel-guide,/blog/hajj-2027-registration-permit-updates,0.0169
/blog/dammam-travel-guide,/blog/nusuk-app-umrah-guide,0.0170
/blog/dammam-travel-guide,/blog/cost-of-umrah-trip-2026,0.0166
/blog/dammam-travel-guide,/blog/private-chauffeur-vs-ride-hailing-saudi-arabia,0.0240
/blog/dammam-travel-guide,/blog/solo-female-pilgrim-travel-saudi-arabia,0.0166
/blog/dammam-travel-guide,/blog/ramadan-2026-makkah-transport-guide,0.0169
/blog/dammam-travel-guide,/blog/riyadh-metro-vs-taxi,0.0248
/blog/dammam-travel-guide,/blog/alula-travel-guide-2026,0.0243
/blog/dammam-travel-guide,/blog/king-salman-airport-transfers-guide,0.0238
/blog/dammam-travel-guide,/blog/transportation-mistakes-pilgrims,0.0163
/blog/dammam-travel-guide,/blog/miqat-locations-for-umrah,0.0165
/blog/dammam-travel-guide,/blog/new-saudi-umrah-visa-rules-2026,0.0166
/blog/dammam-travel-guide,/blog/vip-transfer-jeddah-airport-to-makkah,0.0166
/blog/dammam-travel-guide,/blog/makkah-madinah-train-vs-taxi,0.0160
/blog/dammam-travel-guide,/blog/umrah-with-children,0.0160
/blog/dammam-travel-guide,/blog/how-to-travel-between-makkah-madinah-jeddah,0.0176
/blog/dammam-travel-guide,/blog/umrah-for-elderly-pilgrims,0.0160
/blog/dammam-travel-guide,/blog/complete-guide-to-masjid-al-haram,0.0173
/blog/dammam-travel-guide,/blog/common-questions-first-time-umrah-pilgrims,0.0185
/blog/dammam-travel-guide,/blog/jeddah-airport-arrival-guide-umrah,0.0182
/blog/dammam-travel-guide,/blog/saudi-arabia-entry-requirements-pilgrims-2026,0.0176
/blog/dammam-travel-guide,/blog/essential-duas-for-umrah-and-hajj,0.0180
/blog/dammam-travel-guide,/blog/difference-between-hajj-and-umrah,0.0176
/blog/dammam-travel-guide,/blog/first-time-visiting-makkah-guide,0.0180
/blog/dammam-travel-guide,/blog/first-time-visiting-madinah-guide,0.0267
/blog/dammam-travel-guide,/blog/best-time-to-perform-umrah-2026,0.0174
/blog/dammam-travel-guide,/blog/madinah-ziyarat-historic-sites-guide,0.0186
/blog/dammam-travel-guide,/blog/what-to-pack-for-umrah-checklist,0.0164
/blog/dammam-travel-guide,/blog/main-rituals-of-hajj-explained,0.0167
/blog/dammam-travel-guide,/blog/common-mistakes-to-avoid-during-umrah,0.0170
/blog/dammam-travel-guide,/blog/umrah-transport-makkah-madinah-guide,0.0262
/blog/dammam-travel-guide,/blog/riyadh-to-dammam-taxi-guide,0.0255
/blog/dammam-travel-guide,/blog/how-to-perform-umrah-step-by-step-guide,0.0166
/blog/dammam-travel-guide,/blog/saudi-to-bahrain-taxi-king-fahd-causeway,0.0266
/blog/dammam-travel-guide,/blog/saudi-arabia-intercity-taxi-services-guide,0.0239
/blog/dammam-travel-guide,/blog/makkah-to-madinah-private-taxi-guide,0.0212
/blog/dammam-travel-guide,/blog/riyadh-airport-transfer-business-travelers,0.0256
/blog/dammam-travel-guide,/blog/jeddah-to-taif-taxi-guide,0.0224
/blog/dammam-travel-guide,/blog/top-tourist-destinations-private-taxi-saudi-arabia,0.0534
/blog/dammam-travel-guide,/blog/taxi-cost-saudi-arabia-price-guide,0.0226
/blog/dammam-travel-guide,/blog/jeddah-airport-to-makkah-taxi-service-guide,0.0219
/blog/saudi-airport-pickup-guide,/blog/saudi-arabia-business-travel-guide-2027,0.0301
/blog/saudi-airport-pickup-guide,/blog/dammam-to-bahrain-travel-guide,0.0267
/blog/saudi-airport-pickup-guide,/blog/king-fahd-international-airport-complete-guide,0.0337
/blog/saudi-airport-pickup-guide,/blog/best-hotels-near-dammam-airport,0.0273
/blog/saudi-airport-pickup-guide,/blog/saudi-arabia-entry-requirements-2027,0.0322
/blog/saudi-airport-pickup-guide,/blog/how-to-exchange-currency-in-saudi-arabia,0.0273
/blog/saudi-airport-pickup-guide,/blog/what-to-wear-in-saudi-arabia-tourist,0.0282
/blog/saudi-airport-pickup-guide,/blog/how-much-cash-to-carry-in-saudi-arabia,0.0263
/blog/saudi-airport-pickup-guide,/blog/saudi-arabia-travel-checklist-before-flight,0.0298
/blog/saudi-airport-pickup-guide,/blog/common-mistakes-tourists-make-in-saudi-arabia,0.0265
/blog/saudi-airport-pickup-guide,/blog/saudi-arabia-sim-card-guide-tourists,0.0252
/blog/saudi-airport-pickup-guide,/blog/uber-vs-careem-vs-private-transfer-saudi-arabia,0.0282
/blog/saudi-airport-pickup-guide,/blog/what-to-do-after-landing-at-jeddah-airport,0.0297
/blog/saudi-airport-pickup-guide,/blog/documents-needed-to-travel-to-saudi-arabia,0.0290
/blog/saudi-airport-pickup-guide,/blog/jeddah-airport-terminal-guide-jed,0.0274
/blog/saudi-airport-pickup-guide,/blog/riyadh-air-what-travelers-should-know,0.0239
/blog/saudi-airport-pickup-guide,/blog/jeddah-to-alula-transport-options,0.0264
/blog/saudi-airport-pickup-guide,/blog/best-day-trips-from-riyadh-private-driver,0.0256
/blog/saudi-airport-pickup-guide,/blog/neom-travel-guide-2026,0.0290
/blog/saudi-airport-pickup-guide,/blog/red-sea-project-travel-guide,0.0249
/blog/saudi-airport-pickup-guide,/blog/saudi-tourist-visa-2026-guide,0.0277
/blog/saudi-airport-pickup-guide,/blog/can-tourists-drive-in-saudi-arabia,0.0293
/blog/saudi-airport-pickup-guide,/blog/jeddah-season-2026-events-attractions-guide,0.0240
/blog/saudi-airport-pickup-guide,/blog/saudi-school-public-holidays-2027,0.0272
/blog/saudi-airport-pickup-guide,/blog/best-places-to-visit-taif-summer,0.0239
/blog/saudi-airport-pickup-guide,/blog/saudi-national-day-2026-best-cities,0.0270
/blog/saudi-airport-pickup-guide,/blog/fifa-world-cup-2034-saudi-arabia-travel-planning,0.0268
/blog/saudi-airport-pickup-guide,/blog/riyadh-expo-2030-preparations,0.0261
/blog/saudi-airport-pickup-guide,/blog/saudi-arabia-tourism-projects-2027,0.0264
/blog/saudi-airport-pickup-guide,/blog/hajj-2027-registration-permit-updates,0.0173
/blog/saudi-airport-pickup-guide,/blog/nusuk-app-umrah-guide,0.0173
/blog/saudi-airport-pickup-guide,/blog/cost-of-umrah-trip-2026,0.0169
/blog/saudi-airport-pickup-guide,/blog/private-chauffeur-vs-ride-hailing-saudi-arabia,0.0266
/blog/saudi-airport-pickup-guide,/blog/solo-female-pilgrim-travel-saudi-arabia,0.0196
/blog/saudi-airport-pickup-guide,/blog/ramadan-2026-makkah-transport-guide,0.0190
/blog/saudi-airport-pickup-guide,/blog/riyadh-metro-vs-taxi,0.0239
/blog/saudi-airport-pickup-guide,/blog/alula-travel-guide-2026,0.0266
/blog/saudi-airport-pickup-guide,/blog/king-salman-airport-transfers-guide,0.0282
/blog/saudi-airport-pickup-guide,/blog/transportation-mistakes-pilgrims,0.0199
/blog/saudi-airport-pickup-guide,/blog/miqat-locations-for-umrah,0.0168
/blog/saudi-airport-pickup-guide,/blog/new-saudi-umrah-visa-rules-2026,0.0175
/blog/saudi-airport-pickup-guide,/blog/vip-transfer-jeddah-airport-to-makkah,0.0180
/blog/saudi-airport-pickup-guide,/blog/makkah-madinah-train-vs-taxi,0.0165
/blog/saudi-airport-pickup-guide,/blog/umrah-with-children,0.0161
/blog/saudi-airport-pickup-guide,/blog/how-to-travel-between-makkah-madinah-jeddah,0.0187
/blog/saudi-airport-pickup-guide,/blog/umrah-for-elderly-pilgrims,0.0161
/blog/saudi-airport-pickup-guide,/blog/complete-guide-to-masjid-al-haram,0.0203
/blog/saudi-airport-pickup-guide,/blog/common-questions-first-time-umrah-pilgrims,0.0183
/blog/saudi-airport-pickup-guide,/blog/jeddah-airport-arrival-guide-umrah,0.0189
/blog/saudi-airport-pickup-guide,/blog/saudi-arabia-entry-requirements-pilgrims-2026,0.0208
/blog/saudi-airport-pickup-guide,/blog/essential-duas-for-umrah-and-hajj,0.0179
/blog/saudi-airport-pickup-guide,/blog/difference-between-hajj-and-umrah,0.0182
/blog/saudi-airport-pickup-guide,/blog/first-time-visiting-makkah-guide,0.0218
/blog/saudi-airport-pickup-guide,/blog/first-time-visiting-madinah-guide,0.0195
/blog/saudi-airport-pickup-guide,/blog/best-time-to-perform-umrah-2026,0.0178
/blog/saudi-airport-pickup-guide,/blog/madinah-ziyarat-historic-sites-guide,0.0177
/blog/saudi-airport-pickup-guide,/blog/what-to-pack-for-umrah-checklist,0.0167
/blog/saudi-airport-pickup-guide,/blog/main-rituals-of-hajj-explained,0.0172
/blog/saudi-airport-pickup-guide,/blog/common-mistakes-to-avoid-during-umrah,0.0173
/blog/saudi-airport-pickup-guide,/blog/umrah-transport-makkah-madinah-guide,0.0238
/blog/saudi-airport-pickup-guide,/blog/riyadh-to-dammam-taxi-guide,0.0236
/blog/saudi-airport-pickup-guide,/blog/how-to-perform-umrah-step-by-step-guide,0.0173
/blog/saudi-airport-pickup-guide,/blog/saudi-to-bahrain-taxi-king-fahd-causeway,0.0234
/blog/saudi-airport-pickup-guide,/blog/saudi-arabia-intercity-taxi-services-guide,0.0260
/blog/saudi-airport-pickup-guide,/blog/makkah-to-madinah-private-taxi-guide,0.0251
/blog/saudi-airport-pickup-guide,/blog/riyadh-airport-transfer-business-travelers,0.0625
/blog/saudi-airport-pickup-guide,/blog/jeddah-to-taif-taxi-guide,0.0262
/blog/saudi-airport-pickup-guide,/blog/top-tourist-destinations-private-taxi-saudi-arabia,0.0241
/blog/saudi-airport-pickup-guide,/blog/taxi-cost-saudi-arabia-price-guide,0.0242
/blog/saudi-airport-pickup-guide,/blog/jeddah-airport-to-makkah-taxi-service-guide,0.0612
/blog/saudi-arabia-business-travel-guide-2027,/blog/dammam-to-bahrain-travel-guide,0.0257
/blog/saudi-arabia-business-travel-guide-2027,/blog/king-fahd-international-airport-complete-guide,0.0283
/blog/saudi-arabia-business-travel-guide-2027,/blog/best-hotels-near-dammam-airport,0.0408
/blog/saudi-arabia-business-travel-guide-2027,/blog/saudi-arabia-entry-requirements-2027,0.0471
/blog/saudi-arabia-business-travel-guide-2027,/blog/how-to-exchange-currency-in-saudi-arabia,0.0267
/blog/saudi-arabia-business-travel-guide-2027,/blog/what-to-wear-in-saudi-arabia-tourist,0.0278
/blog/saudi-arabia-business-travel-guide-2027,/blog/how-much-cash-to-carry-in-saudi-arabia,0.0257
/blog/saudi-arabia-business-travel-guide-2027,/blog/saudi-arabia-travel-checklist-before-flight,0.0286
/blog/saudi-arabia-business-travel-guide-2027,/blog/common-mistakes-tourists-make-in-saudi-arabia,0.0265
/blog/saudi-arabia-business-travel-guide-2027,/blog/saudi-arabia-sim-card-guide-tourists,0.0245
/blog/saudi-arabia-business-travel-guide-2027,/blog/uber-vs-careem-vs-private-transfer-saudi-arabia,0.0270
/blog/saudi-arabia-business-travel-guide-2027,/blog/what-to-do-after-landing-at-jeddah-airport,0.0257
/blog/saudi-arabia-business-travel-guide-2027,/blog/documents-needed-to-travel-to-saudi-arabia,0.0274
/blog/saudi-arabia-business-travel-guide-2027,/blog/jeddah-airport-terminal-guide-jed,0.0249
/blog/saudi-arabia-business-travel-guide-2027,/blog/riyadh-air-what-travelers-should-know,0.0234
/blog/saudi-arabia-business-travel-guide-2027,/blog/jeddah-to-alula-transport-options,0.0443
/blog/saudi-arabia-business-travel-guide-2027,/blog/best-day-trips-from-riyadh-private-driver,0.0429
/blog/saudi-arabia-business-travel-guide-2027,/blog/neom-travel-guide-2026,0.0273
/blog/saudi-arabia-business-travel-guide-2027,/blog/red-sea-project-travel-guide,0.0240
/blog/saudi-arabia-business-travel-guide-2027,/blog/saudi-tourist-visa-2026-guide,0.0271
/blog/saudi-arabia-business-travel-guide-2027,/blog/can-tourists-drive-in-saudi-arabia,0.0277
/blog/saudi-arabia-business-travel-guide-2027,/blog/jeddah-season-2026-events-attractions-guide,0.0242
/blog/saudi-arabia-business-travel-guide-2027,/blog/saudi-school-public-holidays-2027,0.0268
/blog/saudi-arabia-business-travel-guide-2027,/blog/best-places-to-visit-taif-summer,0.0479
/blog/saudi-arabia-business-travel-guide-2027,/blog/saudi-national-day-2026-best-cities,0.0262
/blog/saudi-arabia-business-travel-guide-2027,/blog/fifa-world-cup-2034-saudi-arabia-travel-planning,0.0264
/blog/saudi-arabia-business-travel-guide-2027,/blog/riyadh-expo-2030-preparations,0.0242
/blog/saudi-arabia-business-travel-guide-2027,/blog/saudi-arabia-tourism-projects-2027,0.0262
/blog/saudi-arabia-business-travel-guide-2027,/blog/hajj-2027-registration-permit-updates,0.0170
/blog/saudi-arabia-business-travel-guide-2027,/blog/nusuk-app-umrah-guide,0.0185
/blog/saudi-arabia-business-travel-guide-2027,/blog/cost-of-umrah-trip-2026,0.0166
/blog/saudi-arabia-business-travel-guide-2027,/blog/private-chauffeur-vs-ride-hailing-saudi-arabia,0.0256
/blog/saudi-arabia-business-travel-guide-2027,/blog/solo-female-pilgrim-travel-saudi-arabia,0.0202
/blog/saudi-arabia-business-travel-guide-2027,/blog/ramadan-2026-makkah-transport-guide,0.0187
/blog/saudi-arabia-business-travel-guide-2027,/blog/riyadh-metro-vs-taxi,0.0241
/blog/saudi-arabia-business-travel-guide-2027,/blog/alula-travel-guide-2026,0.0522
/blog/saudi-arabia-business-travel-guide-2027,/blog/king-salman-airport-transfers-guide,0.0273
/blog/saudi-arabia-business-travel-guide-2027,/blog/transportation-mistakes-pilgrims,0.0184
/blog/saudi-arabia-business-travel-guide-2027,/blog/miqat-locations-for-umrah,0.0165
/blog/saudi-arabia-business-travel-guide-2027,/blog/new-saudi-umrah-visa-rules-2026,0.0176
/blog/saudi-arabia-business-travel-guide-2027,/blog/vip-transfer-jeddah-airport-to-makkah,0.0166
/blog/saudi-arabia-business-travel-guide-2027,/blog/makkah-madinah-train-vs-taxi,0.0163
/blog/saudi-arabia-business-travel-guide-2027,/blog/umrah-with-children,0.0162
/blog/saudi-arabia-business-travel-guide-2027,/blog/how-to-travel-between-makkah-madinah-jeddah,0.0179
/blog/saudi-arabia-business-travel-guide-2027,/blog/umrah-for-elderly-pilgrims,0.0161
/blog/saudi-arabia-business-travel-guide-2027,/blog/complete-guide-to-masjid-al-haram,0.0198
/blog/saudi-arabia-business-travel-guide-2027,/blog/common-questions-first-time-umrah-pilgrims,0.0178
/blog/saudi-arabia-business-travel-guide-2027,/blog/jeddah-airport-arrival-guide-umrah,0.0190
/blog/saudi-arabia-business-travel-guide-2027,/blog/saudi-arabia-entry-requirements-pilgrims-2026,0.0197
/blog/saudi-arabia-business-travel-guide-2027,/blog/essential-duas-for-umrah-and-hajj,0.0177
/blog/saudi-arabia-business-travel-guide-2027,/blog/difference-between-hajj-and-umrah,0.0175
/blog/saudi-arabia-business-travel-guide-2027,/blog/first-time-visiting-makkah-guide,0.0219
/blog/saudi-arabia-business-travel-guide-2027,/blog/first-time-visiting-madinah-guide,0.0177
/blog/saudi-arabia-business-travel-guide-2027,/blog/best-time-to-perform-umrah-2026,0.0175
/blog/saudi-arabia-business-travel-guide-2027,/blog/madinah-ziyarat-historic-sites-guide,0.0190
/blog/saudi-arabia-business-travel-guide-2027,/blog/what-to-pack-for-umrah-checklist,0.0166
/blog/saudi-arabia-business-travel-guide-2027,/blog/main-rituals-of-hajj-explained,0.0169
/blog/saudi-arabia-business-travel-guide-2027,/blog/common-mistakes-to-avoid-during-umrah,0.0165
/blog/saudi-arabia-business-travel-guide-2027,/blog/umrah-transport-makkah-madinah-guide,0.0236
/blog/saudi-arabia-business-travel-guide-2027,/blog/riyadh-to-dammam-taxi-guide,0.0220
/blog/saudi-arabia-business-travel-guide-2027,/blog/how-to-perform-umrah-step-by-step-guide,0.0170
/blog/saudi-arabia-business-travel-guide-2027,/blog/saudi-to-bahrain-taxi-king-fahd-causeway,0.0225
/blog/saudi-arabia-business-travel-guide-2027,/blog/saudi-arabia-intercity-taxi-services-guide,0.0258
/blog/saudi-arabia-business-travel-guide-2027,/blog/makkah-to-madinah-private-taxi-guide,0.0217
/blog/saudi-arabia-business-travel-guide-2027,/blog/riyadh-airport-transfer-business-travelers,0.0229
/blog/saudi-arabia-business-travel-guide-2027,/blog/jeddah-to-taif-taxi-guide,0.0243
/blog/saudi-arabia-business-travel-guide-2027,/blog/top-tourist-destinations-private-taxi-saudi-arabia,0.0237
/blog/saudi-arabia-business-travel-guide-2027,/blog/taxi-cost-saudi-arabia-price-guide,0.0233
/blog/saudi-arabia-business-travel-guide-2027,/blog/jeddah-airport-to-makkah-taxi-service-guide,0.0213
/blog/dammam-to-bahrain-travel-guide,/blog/king-fahd-international-airport-complete-guide,0.0252
/blog/dammam-to-bahrain-travel-guide,/blog/best-hotels-near-dammam-airport,0.0305
/blog/dammam-to-bahrain-travel-guide,/blog/saudi-arabia-entry-requirements-2027,0.0214
/blog/dammam-to-bahrain-travel-guide,/blog/how-to-exchange-currency-in-saudi-arabia,0.0256
/blog/dammam-to-bahrain-travel-guide,/blog/what-to-wear-in-saudi-arabia-tourist,0.0257
/blog/dammam-to-bahrain-travel-guide,/blog/how-much-cash-to-carry-in-saudi-arabia,0.0250
/blog/dammam-to-bahrain-travel-guide,/blog/saudi-arabia-travel-checklist-before-flight,0.0250
/blog/dammam-to-bahrain-travel-guide,/blog/common-mistakes-tourists-make-in-saudi-arabia,0.0243
/blog/dammam-to-bahrain-travel-guide,/blog/saudi-arabia-sim-card-guide-tourists,0.0228
/blog/dammam-to-bahrain-travel-guide,/blog/uber-vs-careem-vs-private-transfer-saudi-arabia,0.0251
/blog/dammam-to-bahrain-travel-guide,/blog/what-to-do-after-landing-at-jeddah-airport,0.0269
/blog/dammam-to-bahrain-travel-guide,/blog/documents-needed-to-travel-to-saudi-arabia,0.0257
/blog/dammam-to-bahrain-travel-guide,/blog/jeddah-airport-terminal-guide-jed,0.0255
/blog/dammam-to-bahrain-travel-guide,/blog/riyadh-air-what-travelers-should-know,0.0254
/blog/dammam-to-bahrain-travel-guide,/blog/jeddah-to-alula-transport-options,0.0261
/blog/dammam-to-bahrain-travel-guide,/blog/best-day-trips-from-riyadh-private-driver,0.0273
/blog/dammam-to-bahrain-travel-guide,/blog/neom-travel-guide-2026,0.0266
/blog/dammam-to-bahrain-travel-guide,/blog/red-sea-project-travel-guide,0.0232
/blog/dammam-to-bahrain-travel-guide,/blog/saudi-tourist-visa-2026-guide,0.0247
/blog/dammam-to-bahrain-travel-guide,/blog/can-tourists-drive-in-saudi-arabia,0.0264
/blog/dammam-to-bahrain-travel-guide,/blog/jeddah-season-2026-events-attractions-guide,0.0220
/blog/dammam-to-bahrain-travel-guide,/blog/saudi-school-public-holidays-2027,0.0246
/blog/dammam-to-bahrain-travel-guide,/blog/best-places-to-visit-taif-summer,0.0222
/blog/dammam-to-bahrain-travel-guide,/blog/saudi-national-day-2026-best-cities,0.0250
/blog/dammam-to-bahrain-travel-guide,/blog/fifa-world-cup-2034-saudi-arabia-travel-planning,0.0248
/blog/dammam-to-bahrain-travel-guide,/blog/riyadh-expo-2030-preparations,0.0272
/blog/dammam-to-bahrain-travel-guide,/blog/saudi-arabia-tourism-projects-2027,0.0239
/blog/dammam-to-bahrain-travel-guide,/blog/hajj-2027-registration-permit-updates,0.0173
/blog/dammam-to-bahrain-travel-guide,/blog/nusuk-app-umrah-guide,0.0177
/blog/dammam-to-bahrain-travel-guide,/blog/cost-of-umrah-trip-2026,0.0166
/blog/dammam-to-bahrain-travel-guide,/blog/private-chauffeur-vs-ride-hailing-saudi-arabia,0.0238
/blog/dammam-to-bahrain-travel-guide,/blog/solo-female-pilgrim-travel-saudi-arabia,0.0168
/blog/dammam-to-bahrain-travel-guide,/blog/ramadan-2026-makkah-transport-guide,0.0165
/blog/dammam-to-bahrain-travel-guide,/blog/riyadh-metro-vs-taxi,0.0252
/blog/dammam-to-bahrain-travel-guide,/blog/alula-travel-guide-2026,0.0241
/blog/dammam-to-bahrain-travel-guide,/blog/king-salman-airport-transfers-guide,0.0241
/blog/dammam-to-bahrain-travel-guide,/blog/transportation-mistakes-pilgrims,0.0171
/blog/dammam-to-bahrain-travel-guide,/blog/miqat-locations-for-umrah,0.0165
/blog/dammam-to-bahrain-travel-guide,/blog/new-saudi-umrah-visa-rules-2026,0.0170
/blog/dammam-to-bahrain-travel-guide,/blog/vip-transfer-jeddah-airport-to-makkah,0.0166
/blog/dammam-to-bahrain-travel-guide,/blog/makkah-madinah-train-vs-taxi,0.0162
/blog/dammam-to-bahrain-travel-guide,/blog/umrah-with-children,0.0164
/blog/dammam-to-bahrain-travel-guide,/blog/how-to-travel-between-makkah-madinah-jeddah,0.0179
/blog/dammam-to-bahrain-travel-guide,/blog/umrah-for-elderly-pilgrims,0.0162
/blog/dammam-to-bahrain-travel-guide,/blog/complete-guide-to-masjid-al-haram,0.0177
/blog/dammam-to-bahrain-travel-guide,/blog/common-questions-first-time-umrah-pilgrims,0.0181
/blog/dammam-to-bahrain-travel-guide,/blog/jeddah-airport-arrival-guide-umrah,0.0180
/blog/dammam-to-bahrain-travel-guide,/blog/saudi-arabia-entry-requirements-pilgrims-2026,0.0184
/blog/dammam-to-bahrain-travel-guide,/blog/essential-duas-for-umrah-and-hajj,0.0180
/blog/dammam-to-bahrain-travel-guide,/blog/difference-between-hajj-and-umrah,0.0186
/blog/dammam-to-bahrain-travel-guide,/blog/first-time-visiting-makkah-guide,0.0183
/blog/dammam-to-bahrain-travel-guide,/blog/first-time-visiting-madinah-guide,0.0178
/blog/dammam-to-bahrain-travel-guide,/blog/best-time-to-perform-umrah-2026,0.0178
/blog/dammam-to-bahrain-travel-guide,/blog/madinah-ziyarat-historic-sites-guide,0.0190
/blog/dammam-to-bahrain-travel-guide,/blog/what-to-pack-for-umrah-checklist,0.0170
/blog/dammam-to-bahrain-travel-guide,/blog/main-rituals-of-hajj-explained,0.0167
/blog/dammam-to-bahrain-travel-guide,/blog/common-mistakes-to-avoid-during-umrah,0.0172
/blog/dammam-to-bahrain-travel-guide,/blog/umrah-transport-makkah-madinah-guide,0.0359
/blog/dammam-to-bahrain-travel-guide,/blog/riyadh-to-dammam-taxi-guide,0.0258
/blog/dammam-to-bahrain-travel-guide,/blog/how-to-perform-umrah-step-by-step-guide,0.0181
/blog/dammam-to-bahrain-travel-guide,/blog/saudi-to-bahrain-taxi-king-fahd-causeway,0.0408
/blog/dammam-to-bahrain-travel-guide,/blog/saudi-arabia-intercity-taxi-services-guide,0.0224
/blog/dammam-to-bahrain-travel-guide,/blog/makkah-to-madinah-private-taxi-guide,0.0213
/blog/dammam-to-bahrain-travel-guide,/blog/riyadh-airport-transfer-business-travelers,0.0243
/blog/dammam-to-bahrain-travel-guide,/blog/jeddah-to-taif-taxi-guide,0.0229
/blog/dammam-to-bahrain-travel-guide,/blog/top-tourist-destinations-private-taxi-saudi-arabia,0.0210
/blog/dammam-to-bahrain-travel-guide,/blog/taxi-cost-saudi-arabia-price-guide,0.0210
/blog/dammam-to-bahrain-travel-guide,/blog/jeddah-airport-to-makkah-taxi-service-guide,0.0206
/blog/king-fahd-international-airport-complete-guide,/blog/best-hotels-near-dammam-airport,0.0297
/blog/king-fahd-international-airport-complete-guide,/blog/saudi-arabia-entry-requirements-2027,0.0250
/blog/king-fahd-international-airport-complete-guide,/blog/how-to-exchange-currency-in-saudi-arabia,0.0273
/blog/king-fahd-international-airport-complete-guide,/blog/what-to-wear-in-saudi-arabia-tourist,0.0268
/blog/king-fahd-international-airport-complete-guide,/blog/how-much-cash-to-carry-in-saudi-arabia,0.0251
/blog/king-fahd-international-airport-complete-guide,/blog/saudi-arabia-travel-checklist-before-flight,0.0272
/blog/king-fahd-international-airport-complete-guide,/blog/common-mistakes-tourists-make-in-saudi-arabia,0.0247
/blog/king-fahd-international-airport-complete-guide,/blog/saudi-arabia-sim-card-guide-tourists,0.0239
/blog/king-fahd-international-airport-complete-guide,/blog/uber-vs-careem-vs-private-transfer-saudi-arabia,0.0264
/blog/king-fahd-international-airport-complete-guide,/blog/what-to-do-after-landing-at-jeddah-airport,0.0483
/blog/king-fahd-international-airport-complete-guide,/blog/documents-needed-to-travel-to-saudi-arabia,0.0280
/blog/king-fahd-international-airport-complete-guide,/blog/jeddah-airport-terminal-guide-jed,0.0493
/blog/king-fahd-international-airport-complete-guide,/blog/riyadh-air-what-travelers-should-know,0.0227
/blog/king-fahd-international-airport-complete-guide,/blog/jeddah-to-alula-transport-options,0.0261
/blog/king-fahd-international-airport-complete-guide,/blog/best-day-trips-from-riyadh-private-driver,0.0240
/blog/king-fahd-international-airport-complete-guide,/blog/neom-travel-guide-2026,0.0264
/blog/king-fahd-international-airport-complete-guide,/blog/red-sea-project-travel-guide,0.0227
/blog/king-fahd-international-airport-complete-guide,/blog/saudi-tourist-visa-2026-guide,0.0253
/blog/king-fahd-international-airport-complete-guide,/blog/can-tourists-drive-in-saudi-arabia,0.0279
/blog/king-fahd-international-airport-complete-guide,/blog/jeddah-season-2026-events-attractions-guide,0.0232
/blog/king-fahd-international-airport-complete-guide,/blog/saudi-school-public-holidays-2027,0.0259
/blog/king-fahd-international-airport-complete-guide,/blog/best-places-to-visit-taif-summer,0.0236
/blog/king-fahd-international-airport-complete-guide,/blog/saudi-national-day-2026-best-cities,0.0257
/blog/king-fahd-international-airport-complete-guide,/blog/fifa-world-cup-2034-saudi-arabia-travel-planning,0.0256
/blog/king-fahd-international-airport-complete-guide,/blog/riyadh-expo-2030-preparations,0.0240
/blog/king-fahd-international-airport-complete-guide,/blog/saudi-arabia-tourism-projects-2027,0.0249
/blog/king-fahd-international-airport-complete-guide,/blog/hajj-2027-registration-permit-updates,0.0169
/blog/king-fahd-international-airport-complete-guide,/blog/nusuk-app-umrah-guide,0.0171
/blog/king-fahd-international-airport-complete-guide,/blog/cost-of-umrah-trip-2026,0.0160
/blog/king-fahd-international-airport-complete-guide,/blog/private-chauffeur-vs-ride-hailing-saudi-arabia,0.0250
/blog/king-fahd-international-airport-complete-guide,/blog/solo-female-pilgrim-travel-saudi-arabia,0.0194
/blog/king-fahd-international-airport-complete-guide,/blog/ramadan-2026-makkah-transport-guide,0.0187
/blog/king-fahd-international-airport-complete-guide,/blog/riyadh-metro-vs-taxi,0.0239
/blog/king-fahd-international-airport-complete-guide,/blog/alula-travel-guide-2026,0.0249
/blog/king-fahd-international-airport-complete-guide,/blog/king-salman-airport-transfers-guide,0.0572
/blog/king-fahd-international-airport-complete-guide,/blog/transportation-mistakes-pilgrims,0.0187
/blog/king-fahd-international-airport-complete-guide,/blog/miqat-locations-for-umrah,0.0168
/blog/king-fahd-international-airport-complete-guide,/blog/new-saudi-umrah-visa-rules-2026,0.0178
/blog/king-fahd-international-airport-complete-guide,/blog/vip-transfer-jeddah-airport-to-makkah,0.0169
/blog/king-fahd-international-airport-complete-guide,/blog/makkah-madinah-train-vs-taxi,0.0157
/blog/king-fahd-international-airport-complete-guide,/blog/umrah-with-children,0.0160
/blog/king-fahd-international-airport-complete-guide,/blog/how-to-travel-between-makkah-madinah-jeddah,0.0182
/blog/king-fahd-international-airport-complete-guide,/blog/umrah-for-elderly-pilgrims,0.0158
/blog/king-fahd-international-airport-complete-guide,/blog/complete-guide-to-masjid-al-haram,0.0192
/blog/king-fahd-international-airport-complete-guide,/blog/common-questions-first-time-umrah-pilgrims,0.0176
/blog/king-fahd-international-airport-complete-guide,/blog/jeddah-airport-arrival-guide-umrah,0.0417
/blog/king-fahd-international-airport-complete-guide,/blog/saudi-arabia-entry-requirements-pilgrims-2026,0.0200
/blog/king-fahd-international-airport-complete-guide,/blog/essential-duas-for-umrah-and-hajj,0.0177
/blog/king-fahd-international-airport-complete-guide,/blog/difference-between-hajj-and-umrah,0.0170
/blog/king-fahd-international-airport-complete-guide,/blog/first-time-visiting-makkah-guide,0.0296
/blog/king-fahd-international-airport-complete-guide,/blog/first-time-visiting-madinah-guide,0.0177
/blog/king-fahd-international-airport-complete-guide,/blog/best-time-to-perform-umrah-2026,0.0173
/blog/king-fahd-international-airport-complete-guide,/blog/madinah-ziyarat-historic-sites-guide,0.0267
/blog/king-fahd-international-airport-complete-guide,/blog/what-to-pack-for-umrah-checklist,0.0160
/blog/king-fahd-international-airport-complete-guide,/blog/main-rituals-of-hajj-explained,0.0166
/blog/king-fahd-international-airport-complete-guide,/blog/common-mistakes-to-avoid-during-umrah,0.0164
/blog/king-fahd-international-airport-complete-guide,/blog/umrah-transport-makkah-madinah-guide,0.0333
/blog/king-fahd-international-airport-complete-guide,/blog/riyadh-to-dammam-taxi-guide,0.0211
/blog/king-fahd-international-airport-complete-guide,/blog/how-to-perform-umrah-step-by-step-guide,0.0169
/blog/king-fahd-international-airport-complete-guide,/blog/saudi-to-bahrain-taxi-king-fahd-causeway,0.0203
/blog/king-fahd-international-airport-complete-guide,/blog/saudi-arabia-intercity-taxi-services-guide,0.0224
/blog/king-fahd-international-airport-complete-guide,/blog/makkah-to-madinah-private-taxi-guide,0.0198
/blog/king-fahd-international-airport-complete-guide,/blog/riyadh-airport-transfer-business-travelers,0.0214
/blog/king-fahd-international-airport-complete-guide,/blog/jeddah-to-taif-taxi-guide,0.0229
/blog/king-fahd-international-airport-complete-guide,/blog/top-tourist-destinations-private-taxi-saudi-arabia,0.0228
/blog/king-fahd-international-airport-complete-guide,/blog/taxi-cost-saudi-arabia-price-guide,0.0224
/blog/king-fahd-international-airport-complete-guide,/blog/jeddah-airport-to-makkah-taxi-service-guide,0.0201
/blog/best-hotels-near-dammam-airport,/blog/saudi-arabia-entry-requirements-2027,0.0290
/blog/best-hotels-near-dammam-airport,/blog/how-to-exchange-currency-in-saudi-arabia,0.0252
/blog/best-hotels-near-dammam-airport,/blog/what-to-wear-in-saudi-arabia-tourist,0.0258
/blog/best-hotels-near-dammam-airport,/blog/how-much-cash-to-carry-in-saudi-arabia,0.0246
/blog/best-hotels-near-dammam-airport,/blog/saudi-arabia-travel-checklist-before-flight,0.0257
/blog/best-hotels-near-dammam-airport,/blog/common-mistakes-tourists-make-in-saudi-arabia,0.0248
/blog/best-hotels-near-dammam-airport,/blog/saudi-arabia-sim-card-guide-tourists,0.0232
/blog/best-hotels-near-dammam-airport,/blog/uber-vs-careem-vs-private-transfer-saudi-arabia,0.0260
/blog/best-hotels-near-dammam-airport,/blog/what-to-do-after-landing-at-jeddah-airport,0.0269
/blog/best-hotels-near-dammam-airport,/blog/documents-needed-to-travel-to-saudi-arabia,0.0263
/blog/best-hotels-near-dammam-airport,/blog/jeddah-airport-terminal-guide-jed,0.0267
/blog/best-hotels-near-dammam-airport,/blog/riyadh-air-what-travelers-should-know,0.0266
/blog/best-hotels-near-dammam-airport,/blog/jeddah-to-alula-transport-options,0.0509
/blog/best-hotels-near-dammam-airport,/blog/best-day-trips-from-riyadh-private-driver,0.0340
/blog/best-hotels-near-dammam-airport,/blog/neom-travel-guide-2026,0.0262
/blog/best-hotels-near-dammam-airport,/blog/red-sea-project-travel-guide,0.0230
/blog/best-hotels-near-dammam-airport,/blog/saudi-tourist-visa-2026-guide,0.0259
/blog/best-hotels-near-dammam-airport,/blog/can-tourists-drive-in-saudi-arabia,0.0263
/blog/best-hotels-near-dammam-airport,/blog/jeddah-season-2026-events-attractions-guide,0.0226
/blog/best-hotels-near-dammam-airport,/blog/saudi-school-public-holidays-2027,0.0247
/blog/best-hotels-near-dammam-airport,/blog/best-places-to-visit-taif-summer,0.0434
/blog/best-hotels-near-dammam-airport,/blog/saudi-national-day-2026-best-cities,0.0255
/blog/best-hotels-near-dammam-airport,/blog/fifa-world-cup-2034-saudi-arabia-travel-planning,0.0245
/blog/best-hotels-near-dammam-airport,/blog/riyadh-expo-2030-preparations,0.0266
/blog/best-hotels-near-dammam-airport,/blog/saudi-arabia-tourism-projects-2027,0.0240
/blog/best-hotels-near-dammam-airport,/blog/hajj-2027-registration-permit-updates,0.0181
/blog/best-hotels-near-dammam-airport,/blog/nusuk-app-umrah-guide,0.0193
/blog/best-hotels-near-dammam-airport,/blog/cost-of-umrah-trip-2026,0.0172
/blog/best-hotels-near-dammam-airport,/blog/private-chauffeur-vs-ride-hailing-saudi-arabia,0.0242
/blog/best-hotels-near-dammam-airport,/blog/solo-female-pilgrim-travel-saudi-arabia,0.0188
/blog/best-hotels-near-dammam-airport,/blog/ramadan-2026-makkah-transport-guide,0.0175
/blog/best-hotels-near-dammam-airport,/blog/riyadh-metro-vs-taxi,0.0254
/blog/best-hotels-near-dammam-airport,/blog/alula-travel-guide-2026,0.0489
/blog/best-hotels-near-dammam-airport,/blog/king-salman-airport-transfers-guide,0.0260
/blog/best-hotels-near-dammam-airport,/blog/transportation-mistakes-pilgrims,0.0175
/blog/best-hotels-near-dammam-airport,/blog/miqat-locations-for-umrah,0.0165
/blog/best-hotels-near-dammam-airport,/blog/new-saudi-umrah-visa-rules-2026,0.0178
/blog/best-hotels-near-dammam-airport,/blog/vip-transfer-jeddah-airport-to-makkah,0.0170
/blog/best-hotels-near-dammam-airport,/blog/makkah-madinah-train-vs-taxi,0.0166
/blog/best-hotels-near-dammam-airport,/blog/umrah-with-children,0.0169
/blog/best-hotels-near-dammam-airport,/blog/how-to-travel-between-makkah-madinah-jeddah,0.0181
/blog/best-hotels-near-dammam-airport,/blog/umrah-for-elderly-pilgrims,0.0167
/blog/best-hotels-near-dammam-airport,/blog/complete-guide-to-masjid-al-haram,0.0179
/blog/best-hotels-near-dammam-airport,/blog/common-questions-first-time-umrah-pilgrims,0.0184
/blog/best-hotels-near-dammam-airport,/blog/jeddah-airport-arrival-guide-umrah,0.0206
/blog/best-hotels-near-dammam-airport,/blog/saudi-arabia-entry-requirements-pilgrims-2026,0.0188
/blog/best-hotels-near-dammam-airport,/blog/essential-duas-for-umrah-and-hajj,0.0184
/blog/best-hotels-near-dammam-airport,/blog/difference-between-hajj-and-umrah,0.0181
/blog/best-hotels-near-dammam-airport,/blog/first-time-visiting-makkah-guide,0.0193
/blog/best-hotels-near-dammam-airport,/blog/first-time-visiting-madinah-guide,0.0181
/blog/best-hotels-near-dammam-airport,/blog/best-time-to-perform-umrah-2026,0.0179
/blog/best-hotels-near-dammam-airport,/blog/madinah-ziyarat-historic-sites-guide,0.0267
/blog/best-hotels-near-dammam-airport,/blog/what-to-pack-for-umrah-checklist,0.0170
/blog/best-hotels-near-dammam-airport,/blog/main-rituals-of-hajj-explained,0.0171
/blog/best-hotels-near-dammam-airport,/blog/common-mistakes-to-avoid-during-umrah,0.0169
/blog/best-hotels-near-dammam-airport,/blog/umrah-transport-makkah-madinah-guide,0.0367
/blog/best-hotels-near-dammam-airport,/blog/riyadh-to-dammam-taxi-guide,0.0246
/blog/best-hotels-near-dammam-airport,/blog/how-to-perform-umrah-step-by-step-guide,0.0170
/blog/best-hotels-near-dammam-airport,/blog/saudi-to-bahrain-taxi-king-fahd-causeway,0.0267
/blog/best-hotels-near-dammam-airport,/blog/saudi-arabia-intercity-taxi-services-guide,0.0216
/blog/best-hotels-near-dammam-airport,/blog/makkah-to-madinah-private-taxi-guide,0.0223
/blog/best-hotels-near-dammam-airport,/blog/riyadh-airport-transfer-business-travelers,0.0256
/blog/best-hotels-near-dammam-airport,/blog/jeddah-to-taif-taxi-guide,0.0221
/blog/best-hotels-near-dammam-airport,/blog/top-tourist-destinations-private-taxi-saudi-arabia,0.0213
/blog/best-hotels-near-dammam-airport,/blog/taxi-cost-saudi-arabia-price-guide,0.0216
/blog/best-hotels-near-dammam-airport,/blog/jeddah-airport-to-makkah-taxi-service-guide,0.0225
/blog/saudi-arabia-entry-requirements-2027,/blog/how-to-exchange-currency-in-saudi-arabia,0.0253
/blog/saudi-arabia-entry-requirements-2027,/blog/what-to-wear-in-saudi-arabia-tourist,0.0240
/blog/saudi-arabia-entry-requirements-2027,/blog/how-much-cash-to-carry-in-saudi-arabia,0.0223
/blog/saudi-arabia-entry-requirements-2027,/blog/saudi-arabia-travel-checklist-before-flight,0.0271
/blog/saudi-arabia-entry-requirements-2027,/blog/common-mistakes-tourists-make-in-saudi-arabia,0.0232
/blog/saudi-arabia-entry-requirements-2027,/blog/saudi-arabia-sim-card-guide-tourists,0.0217
/blog/saudi-arabia-entry-requirements-2027,/blog/uber-vs-careem-vs-private-transfer-saudi-arabia,0.0232
/blog/saudi-arabia-entry-requirements-2027,/blog/what-to-do-after-landing-at-jeddah-airport,0.0231
/blog/saudi-arabia-entry-requirements-2027,/blog/documents-needed-to-travel-to-saudi-arabia,0.0264
/blog/saudi-arabia-entry-requirements-2027,/blog/jeddah-airport-terminal-guide-jed,0.0223
/blog/saudi-arabia-entry-requirements-2027,/blog/riyadh-air-what-travelers-should-know,0.0209
/blog/saudi-arabia-entry-requirements-2027,/blog/jeddah-to-alula-transport-options,0.0306
/blog/saudi-arabia-entry-requirements-2027,/blog/best-day-trips-from-riyadh-private-driver,0.0392
/blog/saudi-arabia-entry-requirements-2027,/blog/neom-travel-guide-2026,0.0236
/blog/saudi-arabia-entry-requirements-2027,/blog/red-sea-project-travel-guide,0.0223
/blog/saudi-arabia-entry-requirements-2027,/blog/saudi-tourist-visa-2026-guide,0.0302
/blog/saudi-arabia-entry-requirements-2027,/blog/can-tourists-drive-in-saudi-arabia,0.0239
/blog/saudi-arabia-entry-requirements-2027,/blog/jeddah-season-2026-events-attractions-guide,0.0218
/blog/saudi-arabia-entry-requirements-2027,/blog/saudi-school-public-holidays-2027,0.0236
/blog/saudi-arabia-entry-requirements-2027,/blog/best-places-to-visit-taif-summer,0.0357
/blog/saudi-arabia-entry-requirements-2027,/blog/saudi-national-day-2026-best-cities,0.0231
/blog/saudi-arabia-entry-requirements-2027,/blog/fifa-world-cup-2034-saudi-arabia-travel-planning,0.0228
/blog/saudi-arabia-entry-requirements-2027,/blog/riyadh-expo-2030-preparations,0.0218
/blog/saudi-arabia-entry-requirements-2027,/blog/saudi-arabia-tourism-projects-2027,0.0223
/blog/saudi-arabia-entry-requirements-2027,/blog/hajj-2027-registration-permit-updates,0.0157
/blog/saudi-arabia-entry-requirements-2027,/blog/nusuk-app-umrah-guide,0.0156
/blog/saudi-arabia-entry-requirements-2027,/blog/cost-of-umrah-trip-2026,0.0142
/blog/saudi-arabia-entry-requirements-2027,/blog/private-chauffeur-vs-ride-hailing-saudi-arabia,0.0222
/blog/saudi-arabia-entry-requirements-2027,/blog/solo-female-pilgrim-travel-saudi-arabia,0.0161
/blog/saudi-arabia-entry-requirements-2027,/blog/ramadan-2026-makkah-transport-guide,0.0164
/blog/saudi-arabia-entry-requirements-2027,/blog/riyadh-metro-vs-taxi,0.0199
/blog/saudi-arabia-entry-requirements-2027,/blog/alula-travel-guide-2026,0.0399
/blog/saudi-arabia-entry-requirements-2027,/blog/king-salman-airport-transfers-guide,0.0234
/blog/saudi-arabia-entry-requirements-2027,/blog/transportation-mistakes-pilgrims,0.0159
/blog/saudi-arabia-entry-requirements-2027,/blog/miqat-locations-for-umrah,0.0144
/blog/saudi-arabia-entry-requirements-2027,/blog/new-saudi-umrah-visa-rules-2026,0.0161
/blog/saudi-arabia-entry-requirements-2027,/blog/vip-transfer-jeddah-airport-to-makkah,0.0144
/blog/saudi-arabia-entry-requirements-2027,/blog/makkah-madinah-train-vs-taxi,0.0139
/blog/saudi-arabia-entry-requirements-2027,/blog/umrah-with-children,0.0140
/blog/saudi-arabia-entry-requirements-2027,/blog/how-to-travel-between-makkah-madinah-jeddah,0.0156
/blog/saudi-arabia-entry-requirements-2027,/blog/umrah-for-elderly-pilgrims,0.0137
/blog/saudi-arabia-entry-requirements-2027,/blog/complete-guide-to-masjid-al-haram,0.0168
/blog/saudi-arabia-entry-requirements-2027,/blog/common-questions-first-time-umrah-pilgrims,0.0158
/blog/saudi-arabia-entry-requirements-2027,/blog/jeddah-airport-arrival-guide-umrah,0.0172
/blog/saudi-arabia-entry-requirements-2027,/blog/saudi-arabia-entry-requirements-pilgrims-2026,0.0188
/blog/saudi-arabia-entry-requirements-2027,/blog/essential-duas-for-umrah-and-hajj,0.0152
/blog/saudi-arabia-entry-requirements-2027,/blog/difference-between-hajj-and-umrah,0.0151
/blog/saudi-arabia-entry-requirements-2027,/blog/first-time-visiting-makkah-guide,0.0261
/blog/saudi-arabia-entry-requirements-2027,/blog/first-time-visiting-madinah-guide,0.0152
/blog/saudi-arabia-entry-requirements-2027,/blog/best-time-to-perform-umrah-2026,0.0149
/blog/saudi-arabia-entry-requirements-2027,/blog/madinah-ziyarat-historic-sites-guide,0.0168
/blog/saudi-arabia-entry-requirements-2027,/blog/what-to-pack-for-umrah-checklist,0.0148
/blog/saudi-arabia-entry-requirements-2027,/blog/main-rituals-of-hajj-explained,0.0144
/blog/saudi-arabia-entry-requirements-2027,/blog/common-mistakes-to-avoid-during-umrah,0.0143
/blog/saudi-arabia-entry-requirements-2027,/blog/umrah-transport-makkah-madinah-guide,0.0203
/blog/saudi-arabia-entry-requirements-2027,/blog/riyadh-to-dammam-taxi-guide,0.0182
/blog/saudi-arabia-entry-requirements-2027,/blog/how-to-perform-umrah-step-by-step-guide,0.0146
/blog/saudi-arabia-entry-requirements-2027,/blog/saudi-to-bahrain-taxi-king-fahd-causeway,0.0192
/blog/saudi-arabia-entry-requirements-2027,/blog/saudi-arabia-intercity-taxi-services-guide,0.0201
/blog/saudi-arabia-entry-requirements-2027,/blog/makkah-to-madinah-private-taxi-guide,0.0175
/blog/saudi-arabia-entry-requirements-2027,/blog/riyadh-airport-transfer-business-travelers,0.0194
/blog/saudi-arabia-entry-requirements-2027,/blog/jeddah-to-taif-taxi-guide,0.0201
/blog/saudi-arabia-entry-requirements-2027,/blog/top-tourist-destinations-private-taxi-saudi-arabia,0.0197
/blog/saudi-arabia-entry-requirements-2027,/blog/taxi-cost-saudi-arabia-price-guide,0.0196
/blog/saudi-arabia-entry-requirements-2027,/blog/jeddah-airport-to-makkah-taxi-service-guide,0.0191
/blog/how-to-exchange-currency-in-saudi-arabia,/blog/what-to-wear-in-saudi-arabia-tourist,0.0418
/blog/how-to-exchange-currency-in-saudi-arabia,/blog/how-much-cash-to-carry-in-saudi-arabia,0.0590
/blog/how-to-exchange-currency-in-saudi-arabia,/blog/saudi-arabia-travel-checklist-before-flight,0.0423
/blog/how-to-exchange-currency-in-saudi-arabia,/blog/common-mistakes-tourists-make-in-saudi-arabia,0.0404
/blog/how-to-exchange-currency-in-saudi-arabia,/blog/saudi-arabia-sim-card-guide-tourists,0.0362
/blog/how-to-exchange-currency-in-saudi-arabia,/blog/uber-vs-careem-vs-private-transfer-saudi-arabia,0.0507
/blog/how-to-exchange-currency-in-saudi-arabia,/blog/what-to-do-after-landing-at-jeddah-airport,0.0387
/blog/how-to-exchange-currency-in-saudi-arabia,/blog/documents-needed-to-travel-to-saudi-arabia,0.0484
/blog/how-to-exchange-currency-in-saudi-arabia,/blog/jeddah-airport-terminal-guide-jed,0.0297
/blog/how-to-exchange-currency-in-saudi-arabia,/blog/riyadh-air-what-travelers-should-know,0.0282
/blog/how-to-exchange-currency-in-saudi-arabia,/blog/jeddah-to-alula-transport-options,0.0306
/blog/how-to-exchange-currency-in-saudi-arabia,/blog/best-day-trips-from-riyadh-private-driver,0.0293
/blog/how-to-exchange-currency-in-saudi-arabia,/blog/neom-travel-guide-2026,0.0335
/blog/how-to-exchange-currency-in-saudi-arabia,/blog/red-sea-project-travel-guide,0.0288
/blog/how-to-exchange-currency-in-saudi-arabia,/blog/saudi-tourist-visa-2026-guide,0.0325
/blog/how-to-exchange-currency-in-saudi-arabia,/blog/can-tourists-drive-in-saudi-arabia,0.0417
/blog/how-to-exchange-currency-in-saudi-arabia,/blog/jeddah-season-2026-events-attractions-guide,0.0274
/blog/how-to-exchange-currency-in-saudi-arabia,/blog/saudi-school-public-holidays-2027,0.0586
/blog/how-to-exchange-currency-in-saudi-arabia,/blog/best-places-to-visit-taif-summer,0.0264
/blog/how-to-exchange-currency-in-saudi-arabia,/blog/saudi-national-day-2026-best-cities,0.0371
/blog/how-to-exchange-currency-in-saudi-arabia,/blog/fifa-world-cup-2034-saudi-arabia-travel-planning,0.0387
/blog/how-to-exchange-currency-in-saudi-arabia,/blog/riyadh-expo-2030-preparations,0.0350
/blog/how-to-exchange-currency-in-saudi-arabia,/blog/saudi-arabia-tourism-projects-2027,0.0346
/blog/how-to-exchange-currency-in-saudi-arabia,/blog/hajj-2027-registration-permit-updates,0.0226
/blog/how-to-exchange-currency-in-saudi-arabia,/blog/nusuk-app-umrah-guide,0.0238
/blog/how-to-exchange-currency-in-saudi-arabia,/blog/cost-of-umrah-trip-2026,0.0222
/blog/how-to-exchange-currency-in-saudi-arabia,/blog/private-chauffeur-vs-ride-hailing-saudi-arabia,0.0354
/blog/how-to-exchange-currency-in-saudi-arabia,/blog/solo-female-pilgrim-travel-saudi-arabia,0.0243
/blog/how-to-exchange-currency-in-saudi-arabia,/blog/ramadan-2026-makkah-transport-guide,0.0251
/blog/how-to-exchange-currency-in-saudi-arabia,/blog/riyadh-metro-vs-taxi,0.0317
/blog/how-to-exchange-currency-in-saudi-arabia,/blog/alula-travel-guide-2026,0.0343
/blog/how-to-exchange-currency-in-saudi-arabia,/blog/king-salman-airport-transfers-guide,0.0355
/blog/how-to-exchange-currency-in-saudi-arabia,/blog/transportation-mistakes-pilgrims,0.0238
/blog/how-to-exchange-currency-in-saudi-arabia,/blog/miqat-locations-for-umrah,0.0204
/blog/how-to-exchange-currency-in-saudi-arabia,/blog/new-saudi-umrah-visa-rules-2026,0.0221
/blog/how-to-exchange-currency-in-saudi-arabia,/blog/vip-transfer-jeddah-airport-to-makkah,0.0218
/blog/how-to-exchange-currency-in-saudi-arabia,/blog/makkah-madinah-train-vs-taxi,0.0204
/blog/how-to-exchange-currency-in-saudi-arabia,/blog/umrah-with-children,0.0202
/blog/how-to-exchange-currency-in-saudi-arabia,/blog/how-to-travel-between-makkah-madinah-jeddah,0.0237
/blog/how-to-exchange-currency-in-saudi-arabia,/blog/umrah-for-elderly-pilgrims,0.0199
/blog/how-to-exchange-currency-in-saudi-arabia,/blog/complete-guide-to-masjid-al-haram,0.0259
/blog/how-to-exchange-currency-in-saudi-arabia,/blog/common-questions-first-time-umrah-pilgrims,0.0230
/blog/how-to-exchange-currency-in-saudi-arabia,/blog/jeddah-airport-arrival-guide-umrah,0.0235
/blog/how-to-exchange-currency-in-saudi-arabia,/blog/saudi-arabia-entry-requirements-pilgrims-2026,0.0265
/blog/how-to-exchange-currency-in-saudi-arabia,/blog/essential-duas-for-umrah-and-hajj,0.0230
/blog/how-to-exchange-currency-in-saudi-arabia,/blog/difference-between-hajj-and-umrah,0.0230
/blog/how-to-exchange-currency-in-saudi-arabia,/blog/first-time-visiting-makkah-guide,0.0253
/blog/how-to-exchange-currency-in-saudi-arabia,/blog/first-time-visiting-madinah-guide,0.0228
/blog/how-to-exchange-currency-in-saudi-arabia,/blog/best-time-to-perform-umrah-2026,0.0225
/blog/how-to-exchange-currency-in-saudi-arabia,/blog/madinah-ziyarat-historic-sites-guide,0.0212
/blog/how-to-exchange-currency-in-saudi-arabia,/blog/what-to-pack-for-umrah-checklist,0.0213
/blog/how-to-exchange-currency-in-saudi-arabia,/blog/main-rituals-of-hajj-explained,0.0219
/blog/how-to-exchange-currency-in-saudi-arabia,/blog/common-mistakes-to-avoid-during-umrah,0.0219
/blog/how-to-exchange-currency-in-saudi-arabia,/blog/umrah-transport-makkah-madinah-guide,0.0297
/blog/how-to-exchange-currency-in-saudi-arabia,/blog/riyadh-to-dammam-taxi-guide,0.0306
/blog/how-to-exchange-currency-in-saudi-arabia,/blog/how-to-perform-umrah-step-by-step-guide,0.0214
/blog/how-to-exchange-currency-in-saudi-arabia,/blog/saudi-to-bahrain-taxi-king-fahd-causeway,0.0304
/blog/how-to-exchange-currency-in-saudi-arabia,/blog/saudi-arabia-intercity-taxi-services-guide,0.0329
/blog/how-to-exchange-currency-in-saudi-arabia,/blog/makkah-to-madinah-private-taxi-guide,0.0287
/blog/how-to-exchange-currency-in-saudi-arabia,/blog/riyadh-airport-transfer-business-travelers,0.0295
/blog/how-to-exchange-currency-in-saudi-arabia,/blog/jeddah-to-taif-taxi-guide,0.0340
/blog/how-to-exchange-currency-in-saudi-arabia,/blog/top-tourist-destinations-private-taxi-saudi-arabia,0.0322
/blog/how-to-exchange-currency-in-saudi-arabia,/blog/taxi-cost-saudi-arabia-price-guide,0.0334
/blog/how-to-exchange-currency-in-saudi-arabia,/blog/jeddah-airport-to-makkah-taxi-service-guide,0.0268
/blog/what-to-wear-in-saudi-arabia-tourist,/blog/how-much-cash-to-carry-in-saudi-arabia,0.0402
/blog/what-to-wear-in-saudi-arabia-tourist,/blog/saudi-arabia-travel-checklist-before-flight,0.0417
/blog/what-to-wear-in-saudi-arabia-tourist,/blog/common-mistakes-tourists-make-in-saudi-arabia,0.0427
/blog/what-to-wear-in-saudi-arabia-tourist,/blog/saudi-arabia-sim-card-guide-tourists,0.0393
/blog/what-to-wear-in-saudi-arabia-tourist,/blog/uber-vs-careem-vs-private-transfer-saudi-arabia,0.0421
/blog/what-to-wear-in-saudi-arabia-tourist,/blog/what-to-do-after-landing-at-jeddah-airport,0.0372
/blog/what-to-wear-in-saudi-arabia-tourist,/blog/documents-needed-to-travel-to-saudi-arabia,0.0406
/blog/what-to-wear-in-saudi-arabia-tourist,/blog/jeddah-airport-terminal-guide-jed,0.0301
/blog/what-to-wear-in-saudi-arabia-tourist,/blog/riyadh-air-what-travelers-should-know,0.0290
/blog/what-to-wear-in-saudi-arabia-tourist,/blog/jeddah-to-alula-transport-options,0.0324
/blog/what-to-wear-in-saudi-arabia-tourist,/blog/best-day-trips-from-riyadh-private-driver,0.0299
/blog/what-to-wear-in-saudi-arabia-tourist,/blog/neom-travel-guide-2026,0.0355
/blog/what-to-wear-in-saudi-arabia-tourist,/blog/red-sea-project-travel-guide,0.0373
/blog/what-to-wear-in-saudi-arabia-tourist,/blog/saudi-tourist-visa-2026-guide,0.0344
/blog/what-to-wear-in-saudi-arabia-tourist,/blog/can-tourists-drive-in-saudi-arabia,0.0683
/blog/what-to-wear-in-saudi-arabia-tourist,/blog/jeddah-season-2026-events-attractions-guide,0.0492
/blog/what-to-wear-in-saudi-arabia-tourist,/blog/saudi-school-public-holidays-2027,0.0424
/blog/what-to-wear-in-saudi-arabia-tourist,/blog/best-places-to-visit-taif-summer,0.0278
/blog/what-to-wear-in-saudi-arabia-tourist,/blog/saudi-national-day-2026-best-cities,0.0430
/blog/what-to-wear-in-saudi-arabia-tourist,/blog/fifa-world-cup-2034-saudi-arabia-travel-planning,0.0496
/blog/what-to-wear-in-saudi-arabia-tourist,/blog/riyadh-expo-2030-preparations,0.0476
/blog/what-to-wear-in-saudi-arabia-tourist,/blog/saudi-arabia-tourism-projects-2027,0.0701
/blog/what-to-wear-in-saudi-arabia-tourist,/blog/hajj-2027-registration-permit-updates,0.0266
/blog/what-to-wear-in-saudi-arabia-tourist,/blog/nusuk-app-umrah-guide,0.0250
/blog/what-to-wear-in-saudi-arabia-tourist,/blog/cost-of-umrah-trip-2026,0.0230
/blog/what-to-wear-in-saudi-arabia-tourist,/blog/private-chauffeur-vs-ride-hailing-saudi-arabia,0.0366
/blog/what-to-wear-in-saudi-arabia-tourist,/blog/solo-female-pilgrim-travel-saudi-arabia,0.0257
/blog/what-to-wear-in-saudi-arabia-tourist,/blog/ramadan-2026-makkah-transport-guide,0.0266
/blog/what-to-wear-in-saudi-arabia-tourist,/blog/riyadh-metro-vs-taxi,0.0322
/blog/what-to-wear-in-saudi-arabia-tourist,/blog/alula-travel-guide-2026,0.0352
/blog/what-to-wear-in-saudi-arabia-tourist,/blog/king-salman-airport-transfers-guide,0.0359
/blog/what-to-wear-in-saudi-arabia-tourist,/blog/transportation-mistakes-pilgrims,0.0243
/blog/what-to-wear-in-saudi-arabia-tourist,/blog/miqat-locations-for-umrah,0.0221
/blog/what-to-wear-in-saudi-arabia-tourist,/blog/new-saudi-umrah-visa-rules-2026,0.0232
/blog/what-to-wear-in-saudi-arabia-tourist,/blog/vip-transfer-jeddah-airport-to-makkah,0.0233
/blog/what-to-wear-in-saudi-arabia-tourist,/blog/makkah-madinah-train-vs-taxi,0.0216
/blog/what-to-wear-in-saudi-arabia-tourist,/blog/umrah-with-children,0.0228
/blog/what-to-wear-in-saudi-arabia-tourist,/blog/how-to-travel-between-makkah-madinah-jeddah,0.0249
/blog/what-to-wear-in-saudi-arabia-tourist,/blog/umrah-for-elderly-pilgrims,0.0217
/blog/what-to-wear-in-saudi-arabia-tourist,/blog/complete-guide-to-masjid-al-haram,0.0270
/blog/what-to-wear-in-saudi-arabia-tourist,/blog/common-questions-first-time-umrah-pilgrims,0.0250
/blog/what-to-wear-in-saudi-arabia-tourist,/blog/jeddah-airport-arrival-guide-umrah,0.0245
/blog/what-to-wear-in-saudi-arabia-tourist,/blog/saudi-arabia-entry-requirements-pilgrims-2026,0.0282
/blog/what-to-wear-in-saudi-arabia-tourist,/blog/essential-duas-for-umrah-and-hajj,0.0250
/blog/what-to-wear-in-saudi-arabia-tourist,/blog/difference-between-hajj-and-umrah,0.0245
/blog/what-to-wear-in-saudi-arabia-tourist,/blog/first-time-visiting-makkah-guide,0.0274
/blog/what-to-wear-in-saudi-arabia-tourist,/blog/first-time-visiting-madinah-guide,0.0377
/blog/what-to-wear-in-saudi-arabia-tourist,/blog/best-time-to-perform-umrah-2026,0.0245
/blog/what-to-wear-in-saudi-arabia-tourist,/blog/madinah-ziyarat-historic-sites-guide,0.0232
/blog/what-to-wear-in-saudi-arabia-tourist,/blog/what-to-pack-for-umrah-checklist,0.0221
/blog/what-to-wear-in-saudi-arabia-tourist,/blog/main-rituals-of-hajj-explained,0.0230
/blog/what-to-wear-in-saudi-arabia-tourist,/blog/common-mistakes-to-avoid-during-umrah,0.0225
/blog/what-to-wear-in-saudi-arabia-tourist,/blog/umrah-transport-makkah-madinah-guide,0.0316
/blog/what-to-wear-in-saudi-arabia-tourist,/blog/riyadh-to-dammam-taxi-guide,0.0337
/blog/what-to-wear-in-saudi-arabia-tourist,/blog/how-to-perform-umrah-step-by-step-guide,0.0229
/blog/what-to-wear-in-saudi-arabia-tourist,/blog/saudi-to-bahrain-taxi-king-fahd-causeway,0.0318
/blog/what-to-wear-in-saudi-arabia-tourist,/blog/saudi-arabia-intercity-taxi-services-guide,0.0384
/blog/what-to-wear-in-saudi-arabia-tourist,/blog/makkah-to-madinah-private-taxi-guide,0.0309
/blog/what-to-wear-in-saudi-arabia-tourist,/blog/riyadh-airport-transfer-business-travelers,0.0314
/blog/what-to-wear-in-saudi-arabia-tourist,/blog/jeddah-to-taif-taxi-guide,0.0369
/blog/what-to-wear-in-saudi-arabia-tourist,/blog/top-tourist-destinations-private-taxi-saudi-arabia,0.0783
/blog/what-to-wear-in-saudi-arabia-tourist,/blog/taxi-cost-saudi-arabia-price-guide,0.0388
/blog/what-to-wear-in-saudi-arabia-tourist,/blog/jeddah-airport-to-makkah-taxi-service-guide,0.0285
/blog/how-much-cash-to-carry-in-saudi-arabia,/blog/saudi-arabia-travel-checklist-before-flight,0.0522
/blog/how-much-cash-to-carry-in-saudi-arabia,/blog/common-mistakes-tourists-make-in-saudi-arabia,0.0392
/blog/how-much-cash-to-carry-in-saudi-arabia,/blog/saudi-arabia-sim-card-guide-tourists,0.0657
/blog/how-much-cash-to-carry-in-saudi-arabia,/blog/uber-vs-careem-vs-private-transfer-saudi-arabia,0.0415
/blog/how-much-cash-to-carry-in-saudi-arabia,/blog/what-to-do-after-landing-at-jeddah-airport,0.0361
/blog/how-much-cash-to-carry-in-saudi-arabia,/blog/documents-needed-to-travel-to-saudi-arabia,0.0670
/blog/how-much-cash-to-carry-in-saudi-arabia,/blog/jeddah-airport-terminal-guide-jed,0.0277
/blog/how-much-cash-to-carry-in-saudi-arabia,/blog/riyadh-air-what-travelers-should-know,0.0688
/blog/how-much-cash-to-carry-in-saudi-arabia,/blog/jeddah-to-alula-transport-options,0.0301
/blog/how-much-cash-to-carry-in-saudi-arabia,/blog/best-day-trips-from-riyadh-private-driver,0.0268
/blog/how-much-cash-to-carry-in-saudi-arabia,/blog/neom-travel-guide-2026,0.0318
/blog/how-much-cash-to-carry-in-saudi-arabia,/blog/red-sea-project-travel-guide,0.0270
/blog/how-much-cash-to-carry-in-saudi-arabia,/blog/saudi-tourist-visa-2026-guide,0.0585
/blog/how-much-cash-to-carry-in-saudi-arabia,/blog/can-tourists-drive-in-saudi-arabia,0.0405
/blog/how-much-cash-to-carry-in-saudi-arabia,/blog/jeddah-season-2026-events-attractions-guide,0.0269
/blog/how-much-cash-to-carry-in-saudi-arabia,/blog/saudi-school-public-holidays-2027,0.0376
/blog/how-much-cash-to-carry-in-saudi-arabia,/blog/best-places-to-visit-taif-summer,0.0256
/blog/how-much-cash-to-carry-in-saudi-arabia,/blog/saudi-national-day-2026-best-cities,0.0365
/blog/how-much-cash-to-carry-in-saudi-arabia,/blog/fifa-world-cup-2034-saudi-arabia-travel-planning,0.0366
/blog/how-much-cash-to-carry-in-saudi-arabia,/blog/riyadh-expo-2030-preparations,0.0324
/blog/how-much-cash-to-carry-in-saudi-arabia,/blog/saudi-arabia-tourism-projects-2027,0.0334
/blog/how-much-cash-to-carry-in-saudi-arabia,/blog/hajj-2027-registration-permit-updates,0.0229
/blog/how-much-cash-to-carry-in-saudi-arabia,/blog/nusuk-app-umrah-guide,0.0227
/blog/how-much-cash-to-carry-in-saudi-arabia,/blog/cost-of-umrah-trip-2026,0.0214
/blog/how-much-cash-to-carry-in-saudi-arabia,/blog/private-chauffeur-vs-ride-hailing-saudi-arabia,0.0328
/blog/how-much-cash-to-carry-in-saudi-arabia,/blog/solo-female-pilgrim-travel-saudi-arabia,0.0232
/blog/how-much-cash-to-carry-in-saudi-arabia,/blog/ramadan-2026-makkah-transport-guide,0.0233
/blog/how-much-cash-to-carry-in-saudi-arabia,/blog/riyadh-metro-vs-taxi,0.0299
/blog/how-much-cash-to-carry-in-saudi-arabia,/blog/alula-travel-guide-2026,0.0328
/blog/how-much-cash-to-carry-in-saudi-arabia,/blog/king-salman-airport-transfers-guide,0.0321
/blog/how-much-cash-to-carry-in-saudi-arabia,/blog/transportation-mistakes-pilgrims,0.0220
/blog/how-much-cash-to-carry-in-saudi-arabia,/blog/miqat-locations-for-umrah,0.0195
/blog/how-much-cash-to-carry-in-saudi-arabia,/blog/new-saudi-umrah-visa-rules-2026,0.0207
/blog/how-much-cash-to-carry-in-saudi-arabia,/blog/vip-transfer-jeddah-airport-to-makkah,0.0206
/blog/how-much-cash-to-carry-in-saudi-arabia,/blog/makkah-madinah-train-vs-taxi,0.0195
/blog/how-much-cash-to-carry-in-saudi-arabia,/blog/umrah-with-children,0.0195
/blog/how-much-cash-to-carry-in-saudi-arabia,/blog/how-to-travel-between-makkah-madinah-jeddah,0.0214
/blog/how-much-cash-to-carry-in-saudi-arabia,/blog/umrah-for-elderly-pilgrims,0.0203
/blog/how-much-cash-to-carry-in-saudi-arabia,/blog/complete-guide-to-masjid-al-haram,0.0238
/blog/how-much-cash-to-carry-in-saudi-arabia,/blog/common-questions-first-time-umrah-pilgrims,0.0219
/blog/how-much-cash-to-carry-in-saudi-arabia,/blog/jeddah-airport-arrival-guide-umrah,0.0226
/blog/how-much-cash-to-carry-in-saudi-arabia,/blog/saudi-arabia-entry-requirements-pilgrims-2026,0.0247
/blog/how-much-cash-to-carry-in-saudi-arabia,/blog/essential-duas-for-umrah-and-hajj,0.0219
/blog/how-much-cash-to-carry-in-saudi-arabia,/blog/difference-between-hajj-and-umrah,0.0221
/blog/how-much-cash-to-carry-in-saudi-arabia,/blog/first-time-visiting-makkah-guide,0.0250
/blog/how-much-cash-to-carry-in-saudi-arabia,/blog/first-time-visiting-madinah-guide,0.0226
/blog/how-much-cash-to-carry-in-saudi-arabia,/blog/best-time-to-perform-umrah-2026,0.0214
/blog/how-much-cash-to-carry-in-saudi-arabia,/blog/madinah-ziyarat-historic-sites-guide,0.0206
/blog/how-much-cash-to-carry-in-saudi-arabia,/blog/what-to-pack-for-umrah-checklist,0.0208
/blog/how-much-cash-to-carry-in-saudi-arabia,/blog/main-rituals-of-hajj-explained,0.0209
/blog/how-much-cash-to-carry-in-saudi-arabia,/blog/common-mistakes-to-avoid-during-umrah,0.0211
/blog/how-much-cash-to-carry-in-saudi-arabia,/blog/umrah-transport-makkah-madinah-guide,0.0284
/blog/how-much-cash-to-carry-in-saudi-arabia,/blog/riyadh-to-dammam-taxi-guide,0.0295
/blog/how-much-cash-to-carry-in-saudi-arabia,/blog/how-to-perform-umrah-step-by-step-guide,0.0211
/blog/how-much-cash-to-carry-in-saudi-arabia,/blog/saudi-to-bahrain-taxi-king-fahd-causeway,0.0291
/blog/how-much-cash-to-carry-in-saudi-arabia,/blog/saudi-arabia-intercity-taxi-services-guide,0.0324
/blog/how-much-cash-to-carry-in-saudi-arabia,/blog/makkah-to-madinah-private-taxi-guide,0.0279
/blog/how-much-cash-to-carry-in-saudi-arabia,/blog/riyadh-airport-transfer-business-travelers,0.0283
/blog/how-much-cash-to-carry-in-saudi-arabia,/blog/jeddah-to-taif-taxi-guide,0.0334
/blog/how-much-cash-to-carry-in-saudi-arabia,/blog/top-tourist-destinations-private-taxi-saudi-arabia,0.0341
/blog/how-much-cash-to-carry-in-saudi-arabia,/blog/taxi-cost-saudi-arabia-price-guide,0.0769
/blog/how-much-cash-to-carry-in-saudi-arabia,/blog/jeddah-airport-to-makkah-taxi-service-guide,0.0259
/blog/saudi-arabia-travel-checklist-before-flight,/blog/common-mistakes-tourists-make-in-saudi-arabia,0.0415
/blog/saudi-arabia-travel-checklist-before-flight,/blog/saudi-arabia-sim-card-guide-tourists,0.0361
/blog/saudi-arabia-travel-checklist-before-flight,/blog/uber-vs-careem-vs-private-transfer-saudi-arabia,0.0400
/blog/saudi-arabia-travel-checklist-before-flight,/blog/what-to-do-after-landing-at-jeddah-airport,0.0381
/blog/saudi-arabia-travel-checklist-before-flight,/blog/documents-needed-to-travel-to-saudi-arabia,0.0782
/blog/saudi-arabia-travel-checklist-before-flight,/blog/jeddah-airport-terminal-guide-jed,0.0303
/blog/saudi-arabia-travel-checklist-before-flight,/blog/riyadh-air-what-travelers-should-know,0.0421
/blog/saudi-arabia-travel-checklist-before-flight,/blog/jeddah-to-alula-transport-options,0.0323
/blog/saudi-arabia-travel-checklist-before-flight,/blog/best-day-trips-from-riyadh-private-driver,0.0279
/blog/saudi-arabia-travel-checklist-before-flight,/blog/neom-travel-guide-2026,0.0323
/blog/saudi-arabia-travel-checklist-before-flight,/blog/red-sea-project-travel-guide,0.0274
/blog/saudi-arabia-travel-checklist-before-flight,/blog/saudi-tourist-visa-2026-guide,0.0604
/blog/saudi-arabia-travel-checklist-before-flight,/blog/can-tourists-drive-in-saudi-arabia,0.0389
/blog/saudi-arabia-travel-checklist-before-flight,/blog/jeddah-season-2026-events-attractions-guide,0.0282
/blog/saudi-arabia-travel-checklist-before-flight,/blog/saudi-school-public-holidays-2027,0.0411
/blog/saudi-arabia-travel-checklist-before-flight,/blog/best-places-to-visit-taif-summer,0.0273
/blog/saudi-arabia-travel-checklist-before-flight,/blog/saudi-national-day-2026-best-cities,0.0372
/blog/saudi-arabia-travel-checklist-before-flight,/blog/fifa-world-cup-2034-saudi-arabia-travel-planning,0.0359
/blog/saudi-arabia-travel-checklist-before-flight,/blog/riyadh-expo-2030-preparations,0.0323
/blog/saudi-arabia-travel-checklist-before-flight,/blog/saudi-arabia-tourism-projects-2027,0.0345
/blog/saudi-arabia-travel-checklist-before-flight,/blog/hajj-2027-registration-permit-updates,0.0239
/blog/saudi-arabia-travel-checklist-before-flight,/blog/nusuk-app-umrah-guide,0.0230
/blog/saudi-arabia-travel-checklist-before-flight,/blog/cost-of-umrah-trip-2026,0.0214
/blog/saudi-arabia-travel-checklist-before-flight,/blog/private-chauffeur-vs-ride-hailing-saudi-arabia,0.0353
/blog/saudi-arabia-travel-checklist-before-flight,/blog/solo-female-pilgrim-travel-saudi-arabia,0.0251
/blog/saudi-arabia-travel-checklist-before-flight,/blog/ramadan-2026-makkah-transport-guide,0.0253
/blog/saudi-arabia-travel-checklist-before-flight,/blog/riyadh-metro-vs-taxi,0.0314
/blog/saudi-arabia-travel-checklist-before-flight,/blog/alula-travel-guide-2026,0.0356
/blog/saudi-arabia-travel-checklist-before-flight,/blog/king-salman-airport-transfers-guide,0.0352
/blog/saudi-arabia-travel-checklist-before-flight,/blog/transportation-mistakes-pilgrims,0.0242
/blog/saudi-arabia-travel-checklist-before-flight,/blog/miqat-locations-for-umrah,0.0212
/blog/saudi-arabia-travel-checklist-before-flight,/blog/new-saudi-umrah-visa-rules-2026,0.0237
/blog/saudi-arabia-travel-checklist-before-flight,/blog/vip-transfer-jeddah-airport-to-makkah,0.0220
/blog/saudi-arabia-travel-checklist-before-flight,/blog/makkah-madinah-train-vs-taxi,0.0212
/blog/saudi-arabia-travel-checklist-before-flight,/blog/umrah-with-children,0.0208
/blog/saudi-arabia-travel-checklist-before-flight,/blog/how-to-travel-between-makkah-madinah-jeddah,0.0234
/blog/saudi-arabia-travel-checklist-before-flight,/blog/umrah-for-elderly-pilgrims,0.0209
/blog/saudi-arabia-travel-checklist-before-flight,/blog/complete-guide-to-masjid-al-haram,0.0249
/blog/saudi-arabia-travel-checklist-before-flight,/blog/common-questions-first-time-umrah-pilgrims,0.0234
/blog/saudi-arabia-travel-checklist-before-flight,/blog/jeddah-airport-arrival-guide-umrah,0.0251
/blog/saudi-arabia-travel-checklist-before-flight,/blog/saudi-arabia-entry-requirements-pilgrims-2026,0.0274
/blog/saudi-arabia-travel-checklist-before-flight,/blog/essential-duas-for-umrah-and-hajj,0.0227
/blog/saudi-arabia-travel-checklist-before-flight,/blog/difference-between-hajj-and-umrah,0.0232
/blog/saudi-arabia-travel-checklist-before-flight,/blog/first-time-visiting-makkah-guide,0.0274
/blog/saudi-arabia-travel-checklist-before-flight,/blog/first-time-visiting-madinah-guide,0.0237
/blog/saudi-arabia-travel-checklist-before-flight,/blog/best-time-to-perform-umrah-2026,0.0225
/blog/saudi-arabia-travel-checklist-before-flight,/blog/madinah-ziyarat-historic-sites-guide,0.0213
/blog/saudi-arabia-travel-checklist-before-flight,/blog/what-to-pack-for-umrah-checklist,0.0212
/blog/saudi-arabia-travel-checklist-before-flight,/blog/main-rituals-of-hajj-explained,0.0216
/blog/saudi-arabia-travel-checklist-before-flight,/blog/common-mistakes-to-avoid-during-umrah,0.0218
/blog/saudi-arabia-travel-checklist-before-flight,/blog/umrah-transport-makkah-madinah-guide,0.0312
/blog/saudi-arabia-travel-checklist-before-flight,/blog/riyadh-to-dammam-taxi-guide,0.0311
/blog/saudi-arabia-travel-checklist-before-flight,/blog/how-to-perform-umrah-step-by-step-guide,0.0213
/blog/saudi-arabia-travel-checklist-before-flight,/blog/saudi-to-bahrain-taxi-king-fahd-causeway,0.0322
/blog/saudi-arabia-travel-checklist-before-flight,/blog/saudi-arabia-intercity-taxi-services-guide,0.0331
/blog/saudi-arabia-travel-checklist-before-flight,/blog/makkah-to-madinah-private-taxi-guide,0.0293
/blog/saudi-arabia-travel-checklist-before-flight,/blog/riyadh-airport-transfer-business-travelers,0.0297
/blog/saudi-arabia-travel-checklist-before-flight,/blog/jeddah-to-taif-taxi-guide,0.0378
/blog/saudi-arabia-travel-checklist-before-flight,/blog/top-tourist-destinations-private-taxi-saudi-arabia,0.0340
/blog/saudi-arabia-travel-checklist-before-flight,/blog/taxi-cost-saudi-arabia-price-guide,0.0453
/blog/saudi-arabia-travel-checklist-before-flight,/blog/jeddah-airport-to-makkah-taxi-service-guide,0.0276
/blog/common-mistakes-tourists-make-in-saudi-arabia,/blog/saudi-arabia-sim-card-guide-tourists,0.0342
/blog/common-mistakes-tourists-make-in-saudi-arabia,/blog/uber-vs-careem-vs-private-transfer-saudi-arabia,0.0369
/blog/common-mistakes-tourists-make-in-saudi-arabia,/blog/what-to-do-after-landing-at-jeddah-airport,0.0368
/blog/common-mistakes-tourists-make-in-saudi-arabia,/blog/documents-needed-to-travel-to-saudi-arabia,0.0371
/blog/common-mistakes-tourists-make-in-saudi-arabia,/blog/jeddah-airport-terminal-guide-jed,0.0296
/blog/common-mistakes-tourists-make-in-saudi-arabia,/blog/riyadh-air-what-travelers-should-know,0.0278
/blog/common-mistakes-tourists-make-in-saudi-arabia,/blog/jeddah-to-alula-transport-options,0.0310
/blog/common-mistakes-tourists-make-in-saudi-arabia,/blog/best-day-trips-from-riyadh-private-driver,0.0299
/blog/common-mistakes-tourists-make-in-saudi-arabia,/blog/neom-travel-guide-2026,0.0512
/blog/common-mistakes-tourists-make-in-saudi-arabia,/blog/red-sea-project-travel-guide,0.0437
/blog/common-mistakes-tourists-make-in-saudi-arabia,/blog/saudi-tourist-visa-2026-guide,0.0360
/blog/common-mistakes-tourists-make-in-saudi-arabia,/blog/can-tourists-drive-in-saudi-arabia,0.0466
/blog/common-mistakes-tourists-make-in-saudi-arabia,/blog/jeddah-season-2026-events-attractions-guide,0.0286
/blog/common-mistakes-tourists-make-in-saudi-arabia,/blog/saudi-school-public-holidays-2027,0.0392
/blog/common-mistakes-tourists-make-in-saudi-arabia,/blog/best-places-to-visit-taif-summer,0.0269
/blog/common-mistakes-tourists-make-in-saudi-arabia,/blog/saudi-national-day-2026-best-cities,0.0377
/blog/common-mistakes-tourists-make-in-saudi-arabia,/blog/fifa-world-cup-2034-saudi-arabia-travel-planning,0.0564
/blog/common-mistakes-tourists-make-in-saudi-arabia,/blog/riyadh-expo-2030-preparations,0.0427
/blog/common-mistakes-tourists-make-in-saudi-arabia,/blog/saudi-arabia-tourism-projects-2027,0.0348
/blog/common-mistakes-tourists-make-in-saudi-arabia,/blog/hajj-2027-registration-permit-updates,0.0229
/blog/common-mistakes-tourists-make-in-saudi-arabia,/blog/nusuk-app-umrah-guide,0.0220
/blog/common-mistakes-tourists-make-in-saudi-arabia,/blog/cost-of-umrah-trip-2026,0.0203
/blog/common-mistakes-tourists-make-in-saudi-arabia,/blog/private-chauffeur-vs-ride-hailing-saudi-arabia,0.0344
/blog/common-mistakes-tourists-make-in-saudi-arabia,/blog/solo-female-pilgrim-travel-saudi-arabia,0.0236
/blog/common-mistakes-tourists-make-in-saudi-arabia,/blog/ramadan-2026-makkah-transport-guide,0.0229
/blog/common-mistakes-tourists-make-in-saudi-arabia,/blog/riyadh-metro-vs-taxi,0.0307
/blog/common-mistakes-tourists-make-in-saudi-arabia,/blog/alula-travel-guide-2026,0.0337
/blog/common-mistakes-tourists-make-in-saudi-arabia,/blog/king-salman-airport-transfers-guide,0.0330
/blog/common-mistakes-tourists-make-in-saudi-arabia,/blog/transportation-mistakes-pilgrims,0.0237
/blog/common-mistakes-tourists-make-in-saudi-arabia,/blog/miqat-locations-for-umrah,0.0195
/blog/common-mistakes-tourists-make-in-saudi-arabia,/blog/new-saudi-umrah-visa-rules-2026,0.0207
/blog/common-mistakes-tourists-make-in-saudi-arabia,/blog/vip-transfer-jeddah-airport-to-makkah,0.0208
/blog/common-mistakes-tourists-make-in-saudi-arabia,/blog/makkah-madinah-train-vs-taxi,0.0206
/blog/common-mistakes-tourists-make-in-saudi-arabia,/blog/umrah-with-children,0.0195
/blog/common-mistakes-tourists-make-in-saudi-arabia,/blog/how-to-travel-between-makkah-madinah-jeddah,0.0214
/blog/common-mistakes-tourists-make-in-saudi-arabia,/blog/umrah-for-elderly-pilgrims,0.0190
/blog/common-mistakes-tourists-make-in-saudi-arabia,/blog/complete-guide-to-masjid-al-haram,0.0252
/blog/common-mistakes-tourists-make-in-saudi-arabia,/blog/common-questions-first-time-umrah-pilgrims,0.0219
/blog/common-mistakes-tourists-make-in-saudi-arabia,/blog/jeddah-airport-arrival-guide-umrah,0.0221
/blog/common-mistakes-tourists-make-in-saudi-arabia,/blog/saudi-arabia-entry-requirements-pilgrims-2026,0.0245
/blog/common-mistakes-tourists-make-in-saudi-arabia,/blog/essential-duas-for-umrah-and-hajj,0.0217
/blog/common-mistakes-tourists-make-in-saudi-arabia,/blog/difference-between-hajj-and-umrah,0.0219
/blog/common-mistakes-tourists-make-in-saudi-arabia,/blog/first-time-visiting-makkah-guide,0.0250
/blog/common-mistakes-tourists-make-in-saudi-arabia,/blog/first-time-visiting-madinah-guide,0.0224
/blog/common-mistakes-tourists-make-in-saudi-arabia,/blog/best-time-to-perform-umrah-2026,0.0214
/blog/common-mistakes-tourists-make-in-saudi-arabia,/blog/madinah-ziyarat-historic-sites-guide,0.0206
/blog/common-mistakes-tourists-make-in-saudi-arabia,/blog/what-to-pack-for-umrah-checklist,0.0212
/blog/common-mistakes-tourists-make-in-saudi-arabia,/blog/main-rituals-of-hajj-explained,0.0205
/blog/common-mistakes-tourists-make-in-saudi-arabia,/blog/common-mistakes-to-avoid-during-umrah,0.0213
/blog/common-mistakes-tourists-make-in-saudi-arabia,/blog/umrah-transport-makkah-madinah-guide,0.0284
/blog/common-mistakes-tourists-make-in-saudi-arabia,/blog/riyadh-to-dammam-taxi-guide,0.0289
/blog/common-mistakes-tourists-make-in-saudi-arabia,/blog/how-to-perform-umrah-step-by-step-guide,0.0204
/blog/common-mistakes-tourists-make-in-saudi-arabia,/blog/saudi-to-bahrain-taxi-king-fahd-causeway,0.0285
/blog/common-mistakes-tourists-make-in-saudi-arabia,/blog/saudi-arabia-intercity-taxi-services-guide,0.0318
/blog/common-mistakes-tourists-make-in-saudi-arabia,/blog/makkah-to-madinah-private-taxi-guide,0.0273
/blog/common-mistakes-tourists-make-in-saudi-arabia,/blog/riyadh-airport-transfer-business-travelers,0.0277
/blog/common-mistakes-tourists-make-in-saudi-arabia,/blog/jeddah-to-taif-taxi-guide,0.0334
/blog/common-mistakes-tourists-make-in-saudi-arabia,/blog/top-tourist-destinations-private-taxi-saudi-arabia,0.0341
/blog/common-mistakes-tourists-make-in-saudi-arabia,/blog/taxi-cost-saudi-arabia-price-guide,0.0329
/blog/common-mistakes-tourists-make-in-saudi-arabia,/blog/jeddah-airport-to-makkah-taxi-service-guide,0.0262
/blog/saudi-arabia-sim-card-guide-tourists,/blog/uber-vs-careem-vs-private-transfer-saudi-arabia,0.0392
/blog/saudi-arabia-sim-card-guide-tourists,/blog/what-to-do-after-landing-at-jeddah-airport,0.0340
/blog/saudi-arabia-sim-card-guide-tourists,/blog/documents-needed-to-travel-to-saudi-arabia,0.0508
/blog/saudi-arabia-sim-card-guide-tourists,/blog/jeddah-airport-terminal-guide-jed,0.0279
/blog/saudi-arabia-sim-card-guide-tourists,/blog/riyadh-air-what-travelers-should-know,0.0532
/blog/saudi-arabia-sim-card-guide-tourists,/blog/jeddah-to-alula-transport-options,0.0282
/blog/saudi-arabia-sim-card-guide-tourists,/blog/best-day-trips-from-riyadh-private-driver,0.0254
/blog/saudi-arabia-sim-card-guide-tourists,/blog/neom-travel-guide-2026,0.0299
/blog/saudi-arabia-sim-card-guide-tourists,/blog/red-sea-project-travel-guide,0.0262
/blog/saudi-arabia-sim-card-guide-tourists,/blog/saudi-tourist-visa-2026-guide,0.0447
/blog/saudi-arabia-sim-card-guide-tourists,/blog/can-tourists-drive-in-saudi-arabia,0.0346
/blog/saudi-arabia-sim-card-guide-tourists,/blog/jeddah-season-2026-events-attractions-guide,0.0257
/blog/saudi-arabia-sim-card-guide-tourists,/blog/saudi-school-public-holidays-2027,0.0440
/blog/saudi-arabia-sim-card-guide-tourists,/blog/best-places-to-visit-taif-summer,0.0246
/blog/saudi-arabia-sim-card-guide-tourists,/blog/saudi-national-day-2026-best-cities,0.0328
/blog/saudi-arabia-sim-card-guide-tourists,/blog/fifa-world-cup-2034-saudi-arabia-travel-planning,0.0345
/blog/saudi-arabia-sim-card-guide-tourists,/blog/riyadh-expo-2030-preparations,0.0304
/blog/saudi-arabia-sim-card-guide-tourists,/blog/saudi-arabia-tourism-projects-2027,0.0310
/blog/saudi-arabia-sim-card-guide-tourists,/blog/hajj-2027-registration-permit-updates,0.0205
/blog/saudi-arabia-sim-card-guide-tourists,/blog/nusuk-app-umrah-guide,0.0212
/blog/saudi-arabia-sim-card-guide-tourists,/blog/cost-of-umrah-trip-2026,0.0198
/blog/saudi-arabia-sim-card-guide-tourists,/blog/private-chauffeur-vs-ride-hailing-saudi-arabia,0.0313
/blog/saudi-arabia-sim-card-guide-tourists,/blog/solo-female-pilgrim-travel-saudi-arabia,0.0227
/blog/saudi-arabia-sim-card-guide-tourists,/blog/ramadan-2026-makkah-transport-guide,0.0230
/blog/saudi-arabia-sim-card-guide-tourists,/blog/riyadh-metro-vs-taxi,0.0278
/blog/saudi-arabia-sim-card-guide-tourists,/blog/alula-travel-guide-2026,0.0310
/blog/saudi-arabia-sim-card-guide-tourists,/blog/king-salman-airport-transfers-guide,0.0312
/blog/saudi-arabia-sim-card-guide-tourists,/blog/transportation-mistakes-pilgrims,0.0215
/blog/saudi-arabia-sim-card-guide-tourists,/blog/miqat-locations-for-umrah,0.0192
/blog/saudi-arabia-sim-card-guide-tourists,/blog/new-saudi-umrah-visa-rules-2026,0.0209
/blog/saudi-arabia-sim-card-guide-tourists,/blog/vip-transfer-jeddah-airport-to-makkah,0.0204
/blog/saudi-arabia-sim-card-guide-tourists,/blog/makkah-madinah-train-vs-taxi,0.0188
/blog/saudi-arabia-sim-card-guide-tourists,/blog/umrah-with-children,0.0188
/blog/saudi-arabia-sim-card-guide-tourists,/blog/how-to-travel-between-makkah-madinah-jeddah,0.0214
/blog/saudi-arabia-sim-card-guide-tourists,/blog/umrah-for-elderly-pilgrims,0.0186
/blog/saudi-arabia-sim-card-guide-tourists,/blog/complete-guide-to-masjid-al-haram,0.0228
/blog/saudi-arabia-sim-card-guide-tourists,/blog/common-questions-first-time-umrah-pilgrims,0.0210
/blog/saudi-arabia-sim-card-guide-tourists,/blog/jeddah-airport-arrival-guide-umrah,0.0226
/blog/saudi-arabia-sim-card-guide-tourists,/blog/saudi-arabia-entry-requirements-pilgrims-2026,0.0241
/blog/saudi-arabia-sim-card-guide-tourists,/blog/essential-duas-for-umrah-and-hajj,0.0208
/blog/saudi-arabia-sim-card-guide-tourists,/blog/difference-between-hajj-and-umrah,0.0212
/blog/saudi-arabia-sim-card-guide-tourists,/blog/first-time-visiting-makkah-guide,0.0237
/blog/saudi-arabia-sim-card-guide-tourists,/blog/first-time-visiting-madinah-guide,0.0213
/blog/saudi-arabia-sim-card-guide-tourists,/blog/best-time-to-perform-umrah-2026,0.0206
/blog/saudi-arabia-sim-card-guide-tourists,/blog/madinah-ziyarat-historic-sites-guide,0.0197
/blog/saudi-arabia-sim-card-guide-tourists,/blog/what-to-pack-for-umrah-checklist,0.0192
/blog/saudi-arabia-sim-card-guide-tourists,/blog/main-rituals-of-hajj-explained,0.0206
/blog/saudi-arabia-sim-card-guide-tourists,/blog/common-mistakes-to-avoid-during-umrah,0.0199
/blog/saudi-arabia-sim-card-guide-tourists,/blog/umrah-transport-makkah-madinah-guide,0.0261
/blog/saudi-arabia-sim-card-guide-tourists,/blog/riyadh-to-dammam-taxi-guide,0.0267
/blog/saudi-arabia-sim-card-guide-tourists,/blog/how-to-perform-umrah-step-by-step-guide,0.0198
/blog/saudi-arabia-sim-card-guide-tourists,/blog/saudi-to-bahrain-taxi-king-fahd-causeway,0.0264
/blog/saudi-arabia-sim-card-guide-tourists,/blog/saudi-arabia-intercity-taxi-services-guide,0.0287
/blog/saudi-arabia-sim-card-guide-tourists,/blog/makkah-to-madinah-private-taxi-guide,0.0253
/blog/saudi-arabia-sim-card-guide-tourists,/blog/riyadh-airport-transfer-business-travelers,0.0260
/blog/saudi-arabia-sim-card-guide-tourists,/blog/jeddah-to-taif-taxi-guide,0.0295
/blog/saudi-arabia-sim-card-guide-tourists,/blog/top-tourist-destinations-private-taxi-saudi-arabia,0.0285
/blog/saudi-arabia-sim-card-guide-tourists,/blog/taxi-cost-saudi-arabia-price-guide,0.0852
/blog/saudi-arabia-sim-card-guide-tourists,/blog/jeddah-airport-to-makkah-taxi-service-guide,0.0241
/blog/uber-vs-careem-vs-private-transfer-saudi-arabia,/blog/what-to-do-after-landing-at-jeddah-airport,0.0400
/blog/uber-vs-careem-vs-private-transfer-saudi-arabia,/blog/documents-needed-to-travel-to-saudi-arabia,0.0405
/blog/uber-vs-careem-vs-private-transfer-saudi-arabia,/blog/jeddah-airport-terminal-guide-jed,0.0298
/blog/uber-vs-careem-vs-private-transfer-saudi-arabia,/blog/riyadh-air-what-travelers-should-know,0.0315
/blog/uber-vs-careem-vs-private-transfer-saudi-arabia,/blog/jeddah-to-alula-transport-options,0.0316
/blog/uber-vs-careem-vs-private-transfer-saudi-arabia,/blog/best-day-trips-from-riyadh-private-driver,0.0296
/blog/uber-vs-careem-vs-private-transfer-saudi-arabia,/blog/neom-travel-guide-2026,0.0328
/blog/uber-vs-careem-vs-private-transfer-saudi-arabia,/blog/red-sea-project-travel-guide,0.0273
/blog/uber-vs-careem-vs-private-transfer-saudi-arabia,/blog/saudi-tourist-visa-2026-guide,0.0333
/blog/uber-vs-careem-vs-private-transfer-saudi-arabia,/blog/can-tourists-drive-in-saudi-arabia,0.0462
/blog/uber-vs-careem-vs-private-transfer-saudi-arabia,/blog/jeddah-season-2026-events-attractions-guide,0.0291
/blog/uber-vs-careem-vs-private-transfer-saudi-arabia,/blog/saudi-school-public-holidays-2027,0.0485
/blog/uber-vs-careem-vs-private-transfer-saudi-arabia,/blog/best-places-to-visit-taif-summer,0.0270
/blog/uber-vs-careem-vs-private-transfer-saudi-arabia,/blog/saudi-national-day-2026-best-cities,0.0390
/blog/uber-vs-careem-vs-private-transfer-saudi-arabia,/blog/fifa-world-cup-2034-saudi-arabia-travel-planning,0.0367
/blog/uber-vs-careem-vs-private-transfer-saudi-arabia,/blog/riyadh-expo-2030-preparations,0.0337
/blog/uber-vs-careem-vs-private-transfer-saudi-arabia,/blog/saudi-arabia-tourism-projects-2027,0.0350
/blog/uber-vs-careem-vs-private-transfer-saudi-arabia,/blog/hajj-2027-registration-permit-updates,0.0230
/blog/uber-vs-careem-vs-private-transfer-saudi-arabia,/blog/nusuk-app-umrah-guide,0.0224
/blog/uber-vs-careem-vs-private-transfer-saudi-arabia,/blog/cost-of-umrah-trip-2026,0.0217
/blog/uber-vs-careem-vs-private-transfer-saudi-arabia,/blog/private-chauffeur-vs-ride-hailing-saudi-arabia,0.0382
/blog/uber-vs-careem-vs-private-transfer-saudi-arabia,/blog/solo-female-pilgrim-travel-saudi-arabia,0.0245
/blog/uber-vs-careem-vs-private-transfer-saudi-arabia,/blog/ramadan-2026-makkah-transport-guide,0.0254
/blog/uber-vs-careem-vs-private-transfer-saudi-arabia,/blog/riyadh-metro-vs-taxi,0.0325
/blog/uber-vs-careem-vs-private-transfer-saudi-arabia,/blog/alula-travel-guide-2026,0.0354
/blog/uber-vs-careem-vs-private-transfer-saudi-arabia,/blog/king-salman-airport-transfers-guide,0.0361
/blog/uber-vs-careem-vs-private-transfer-saudi-arabia,/blog/transportation-mistakes-pilgrims,0.0234
/blog/uber-vs-careem-vs-private-transfer-saudi-arabia,/blog/miqat-locations-for-umrah,0.0208
/blog/uber-vs-careem-vs-private-transfer-saudi-arabia,/blog/new-saudi-umrah-visa-rules-2026,0.0219
/blog/uber-vs-careem-vs-private-transfer-saudi-arabia,/blog/vip-transfer-jeddah-airport-to-makkah,0.0223
/blog/uber-vs-careem-vs-private-transfer-saudi-arabia,/blog/makkah-madinah-train-vs-taxi,0.0209
/blog/uber-vs-careem-vs-private-transfer-saudi-arabia,/blog/umrah-with-children,0.0204
/blog/uber-vs-careem-vs-private-transfer-saudi-arabia,/blog/how-to-travel-between-makkah-madinah-jeddah,0.0232
/blog/uber-vs-careem-vs-private-transfer-saudi-arabia,/blog/umrah-for-elderly-pilgrims,0.0203
/blog/uber-vs-careem-vs-private-transfer-saudi-arabia,/blog/complete-guide-to-masjid-al-haram,0.0253
/blog/uber-vs-careem-vs-private-transfer-saudi-arabia,/blog/common-questions-first-time-umrah-pilgrims,0.0235
/blog/uber-vs-careem-vs-private-transfer-saudi-arabia,/blog/jeddah-airport-arrival-guide-umrah,0.0228
/blog/uber-vs-careem-vs-private-transfer-saudi-arabia,/blog/saudi-arabia-entry-requirements-pilgrims-2026,0.0258
/blog/uber-vs-careem-vs-private-transfer-saudi-arabia,/blog/essential-duas-for-umrah-and-hajj,0.0231
/blog/uber-vs-careem-vs-private-transfer-saudi-arabia,/blog/difference-between-hajj-and-umrah,0.0548
/blog/uber-vs-careem-vs-private-transfer-saudi-arabia,/blog/first-time-visiting-makkah-guide,0.0256
/blog/uber-vs-careem-vs-private-transfer-saudi-arabia,/blog/first-time-visiting-madinah-guide,0.0231
/blog/uber-vs-careem-vs-private-transfer-saudi-arabia,/blog/best-time-to-perform-umrah-2026,0.0228
/blog/uber-vs-careem-vs-private-transfer-saudi-arabia,/blog/madinah-ziyarat-historic-sites-guide,0.0216
/blog/uber-vs-careem-vs-private-transfer-saudi-arabia,/blog/what-to-pack-for-umrah-checklist,0.0213
/blog/uber-vs-careem-vs-private-transfer-saudi-arabia,/blog/main-rituals-of-hajj-explained,0.0217
/blog/uber-vs-careem-vs-private-transfer-saudi-arabia,/blog/common-mistakes-to-avoid-during-umrah,0.0219
/blog/uber-vs-careem-vs-private-transfer-saudi-arabia,/blog/umrah-transport-makkah-madinah-guide,0.0308
/blog/uber-vs-careem-vs-private-transfer-saudi-arabia,/blog/riyadh-to-dammam-taxi-guide,0.0311
/blog/uber-vs-careem-vs-private-transfer-saudi-arabia,/blog/how-to-perform-umrah-step-by-step-guide,0.0216
/blog/uber-vs-careem-vs-private-transfer-saudi-arabia,/blog/saudi-to-bahrain-taxi-king-fahd-causeway,0.0316
/blog/uber-vs-careem-vs-private-transfer-saudi-arabia,/blog/saudi-arabia-intercity-taxi-services-guide,0.0331
/blog/uber-vs-careem-vs-private-transfer-saudi-arabia,/blog/makkah-to-madinah-private-taxi-guide,0.0292
/blog/uber-vs-careem-vs-private-transfer-saudi-arabia,/blog/riyadh-airport-transfer-business-travelers,0.0303
/blog/uber-vs-careem-vs-private-transfer-saudi-arabia,/blog/jeddah-to-taif-taxi-guide,0.0352
/blog/uber-vs-careem-vs-private-transfer-saudi-arabia,/blog/top-tourist-destinations-private-taxi-saudi-arabia,0.0333
/blog/uber-vs-careem-vs-private-transfer-saudi-arabia,/blog/taxi-cost-saudi-arabia-price-guide,0.0349
/blog/uber-vs-careem-vs-private-transfer-saudi-arabia,/blog/jeddah-airport-to-makkah-taxi-service-guide,0.0281
/blog/what-to-do-after-landing-at-jeddah-airport,/blog/documents-needed-to-travel-to-saudi-arabia,0.0419
/blog/what-to-do-after-landing-at-jeddah-airport,/blog/jeddah-airport-terminal-guide-jed,0.0728
/blog/what-to-do-after-landing-at-jeddah-airport,/blog/riyadh-air-what-travelers-should-know,0.0290
/blog/what-to-do-after-landing-at-jeddah-airport,/blog/jeddah-to-alula-transport-options,0.0295
/blog/what-to-do-after-landing-at-jeddah-airport,/blog/best-day-trips-from-riyadh-private-driver,0.0299
/blog/what-to-do-after-landing-at-jeddah-airport,/blog/neom-travel-guide-2026,0.0310
/blog/what-to-do-after-landing-at-jeddah-airport,/blog/red-sea-project-travel-guide,0.0255
/blog/what-to-do-after-landing-at-jeddah-airport,/blog/saudi-tourist-visa-2026-guide,0.0321
/blog/what-to-do-after-landing-at-jeddah-airport,/blog/can-tourists-drive-in-saudi-arabia,0.0405
/blog/what-to-do-after-landing-at-jeddah-airport,/blog/jeddah-season-2026-events-attractions-guide,0.0268
/blog/what-to-do-after-landing-at-jeddah-airport,/blog/saudi-school-public-holidays-2027,0.0358
/blog/what-to-do-after-landing-at-jeddah-airport,/blog/best-places-to-visit-taif-summer,0.0266
/blog/what-to-do-after-landing-at-jeddah-airport,/blog/saudi-national-day-2026-best-cities,0.0359
/blog/what-to-do-after-landing-at-jeddah-airport,/blog/fifa-world-cup-2034-saudi-arabia-travel-planning,0.0376
/blog/what-to-do-after-landing-at-jeddah-airport,/blog/riyadh-expo-2030-preparations,0.0338
/blog/what-to-do-after-landing-at-jeddah-airport,/blog/saudi-arabia-tourism-projects-2027,0.0332
/blog/what-to-do-after-landing-at-jeddah-airport,/blog/hajj-2027-registration-permit-updates,0.0234
/blog/what-to-do-after-landing-at-jeddah-airport,/blog/nusuk-app-umrah-guide,0.0239
/blog/what-to-do-after-landing-at-jeddah-airport,/blog/cost-of-umrah-trip-2026,0.0223
/blog/what-to-do-after-landing-at-jeddah-airport,/blog/private-chauffeur-vs-ride-hailing-saudi-arabia,0.0338
/blog/what-to-do-after-landing-at-jeddah-airport,/blog/solo-female-pilgrim-travel-saudi-arabia,0.0235
/blog/what-to-do-after-landing-at-jeddah-airport,/blog/ramadan-2026-makkah-transport-guide,0.0234
/blog/what-to-do-after-landing-at-jeddah-airport,/blog/riyadh-metro-vs-taxi,0.0347
/blog/what-to-do-after-landing-at-jeddah-airport,/blog/alula-travel-guide-2026,0.0337
/blog/what-to-do-after-landing-at-jeddah-airport,/blog/king-salman-airport-transfers-guide,0.0598
/blog/what-to-do-after-landing-at-jeddah-airport,/blog/transportation-mistakes-pilgrims,0.0222
/blog/what-to-do-after-landing-at-jeddah-airport,/blog/miqat-locations-for-umrah,0.0223
/blog/what-to-do-after-landing-at-jeddah-airport,/blog/new-saudi-umrah-visa-rules-2026,0.0253
/blog/what-to-do-after-landing-at-jeddah-airport,/blog/vip-transfer-jeddah-airport-to-makkah,0.0266
/blog/what-to-do-after-landing-at-jeddah-airport,/blog/makkah-madinah-train-vs-taxi,0.0212
/blog/what-to-do-after-landing-at-jeddah-airport,/blog/umrah-with-children,0.0209
/blog/what-to-do-after-landing-at-jeddah-airport,/blog/how-to-travel-between-makkah-madinah-jeddah,0.0253
/blog/what-to-do-after-landing-at-jeddah-airport,/blog/umrah-for-elderly-pilgrims,0.0206
/blog/what-to-do-after-landing-at-jeddah-airport,/blog/complete-guide-to-masjid-al-haram,0.0236
/blog/what-to-do-after-landing-at-jeddah-airport,/blog/common-questions-first-time-umrah-pilgrims,0.0241
/blog/what-to-do-after-landing-at-jeddah-airport,/blog/jeddah-airport-arrival-guide-umrah,0.0600
/blog/what-to-do-after-landing-at-jeddah-airport,/blog/saudi-arabia-entry-requirements-pilgrims-2026,0.0254
/blog/what-to-do-after-landing-at-jeddah-airport,/blog/essential-duas-for-umrah-and-hajj,0.0242
/blog/what-to-do-after-landing-at-jeddah-airport,/blog/difference-between-hajj-and-umrah,0.0234
/blog/what-to-do-after-landing-at-jeddah-airport,/blog/first-time-visiting-makkah-guide,0.0242
/blog/what-to-do-after-landing-at-jeddah-airport,/blog/first-time-visiting-madinah-guide,0.0247
/blog/what-to-do-after-landing-at-jeddah-airport,/blog/best-time-to-perform-umrah-2026,0.0239
/blog/what-to-do-after-landing-at-jeddah-airport,/blog/madinah-ziyarat-historic-sites-guide,0.0229
/blog/what-to-do-after-landing-at-jeddah-airport,/blog/what-to-pack-for-umrah-checklist,0.0218
/blog/what-to-do-after-landing-at-jeddah-airport,/blog/main-rituals-of-hajj-explained,0.0227
/blog/what-to-do-after-landing-at-jeddah-airport,/blog/common-mistakes-to-avoid-during-umrah,0.0225
/blog/what-to-do-after-landing-at-jeddah-airport,/blog/umrah-transport-makkah-madinah-guide,0.0313
/blog/what-to-do-after-landing-at-jeddah-airport,/blog/riyadh-to-dammam-taxi-guide,0.0322
/blog/what-to-do-after-landing-at-jeddah-airport,/blog/how-to-perform-umrah-step-by-step-guide,0.0240
/blog/what-to-do-after-landing-at-jeddah-airport,/blog/saudi-to-bahrain-taxi-king-fahd-causeway,0.0344
/blog/what-to-do-after-landing-at-jeddah-airport,/blog/saudi-arabia-intercity-taxi-services-guide,0.0300
/blog/what-to-do-after-landing-at-jeddah-airport,/blog/makkah-to-madinah-private-taxi-guide,0.0312
/blog/what-to-do-after-landing-at-jeddah-airport,/blog/riyadh-airport-transfer-business-travelers,0.0311
/blog/what-to-do-after-landing-at-jeddah-airport,/blog/jeddah-to-taif-taxi-guide,0.0317
/blog/what-to-do-after-landing-at-jeddah-airport,/blog/top-tourist-destinations-private-taxi-saudi-arabia,0.0294
/blog/what-to-do-after-landing-at-jeddah-airport,/blog/taxi-cost-saudi-arabia-price-guide,0.0299
/blog/what-to-do-after-landing-at-jeddah-airport,/blog/jeddah-airport-to-makkah-taxi-service-guide,0.0322
/blog/documents-needed-to-travel-to-saudi-arabia,/blog/jeddah-airport-terminal-guide-jed,0.0318
/blog/documents-needed-to-travel-to-saudi-arabia,/blog/riyadh-air-what-travelers-should-know,0.0567
/blog/documents-needed-to-travel-to-saudi-arabia,/blog/jeddah-to-alula-transport-options,0.0327
/blog/documents-needed-to-travel-to-saudi-arabia,/blog/best-day-trips-from-riyadh-private-driver,0.0304
/blog/documents-needed-to-travel-to-saudi-arabia,/blog/neom-travel-guide-2026,0.0327
/blog/documents-needed-to-travel-to-saudi-arabia,/blog/red-sea-project-travel-guide,0.0278
/blog/documents-needed-to-travel-to-saudi-arabia,/blog/saudi-tourist-visa-2026-guide,0.0807
/blog/documents-needed-to-travel-to-saudi-arabia,/blog/can-tourists-drive-in-saudi-arabia,0.0441
/blog/documents-needed-to-travel-to-saudi-arabia,/blog/jeddah-season-2026-events-attractions-guide,0.0287
/blog/documents-needed-to-travel-to-saudi-arabia,/blog/saudi-school-public-holidays-2027,0.0366
/blog/documents-needed-to-travel-to-saudi-arabia,/blog/best-places-to-visit-taif-summer,0.0275
/blog/documents-needed-to-travel-to-saudi-arabia,/blog/saudi-national-day-2026-best-cities,0.0379
/blog/documents-needed-to-travel-to-saudi-arabia,/blog/fifa-world-cup-2034-saudi-arabia-travel-planning,0.0378
/blog/documents-needed-to-travel-to-saudi-arabia,/blog/riyadh-expo-2030-preparations,0.0327
/blog/documents-needed-to-travel-to-saudi-arabia,/blog/saudi-arabia-tourism-projects-2027,0.0363
/blog/documents-needed-to-travel-to-saudi-arabia,/blog/hajj-2027-registration-permit-updates,0.0255
/blog/documents-needed-to-travel-to-saudi-arabia,/blog/nusuk-app-umrah-guide,0.0244
/blog/documents-needed-to-travel-to-saudi-arabia,/blog/cost-of-umrah-trip-2026,0.0221
/blog/documents-needed-to-travel-to-saudi-arabia,/blog/private-chauffeur-vs-ride-hailing-saudi-arabia,0.0348
/blog/documents-needed-to-travel-to-saudi-arabia,/blog/solo-female-pilgrim-travel-saudi-arabia,0.0249
/blog/documents-needed-to-travel-to-saudi-arabia,/blog/ramadan-2026-makkah-transport-guide,0.0252
/blog/documents-needed-to-travel-to-saudi-arabia,/blog/riyadh-metro-vs-taxi,0.0307
/blog/documents-needed-to-travel-to-saudi-arabia,/blog/alula-travel-guide-2026,0.0363
/blog/documents-needed-to-travel-to-saudi-arabia,/blog/king-salman-airport-transfers-guide,0.0372
/blog/documents-needed-to-travel-to-saudi-arabia,/blog/transportation-mistakes-pilgrims,0.0231
/blog/documents-needed-to-travel-to-saudi-arabia,/blog/miqat-locations-for-umrah,0.0212
/blog/documents-needed-to-travel-to-saudi-arabia,/blog/new-saudi-umrah-visa-rules-2026,0.0232
/blog/documents-needed-to-travel-to-saudi-arabia,/blog/vip-transfer-jeddah-airport-to-makkah,0.0228
/blog/documents-needed-to-travel-to-saudi-arabia,/blog/makkah-madinah-train-vs-taxi,0.0208
/blog/documents-needed-to-travel-to-saudi-arabia,/blog/umrah-with-children,0.0203
/blog/documents-needed-to-travel-to-saudi-arabia,/blog/how-to-travel-between-makkah-madinah-jeddah,0.0233
/blog/documents-needed-to-travel-to-saudi-arabia,/blog/umrah-for-elderly-pilgrims,0.0211
/blog/documents-needed-to-travel-to-saudi-arabia,/blog/complete-guide-to-masjid-al-haram,0.0249
/blog/documents-needed-to-travel-to-saudi-arabia,/blog/common-questions-first-time-umrah-pilgrims,0.0231
/blog/documents-needed-to-travel-to-saudi-arabia,/blog/jeddah-airport-arrival-guide-umrah,0.0239
/blog/documents-needed-to-travel-to-saudi-arabia,/blog/saudi-arabia-entry-requirements-pilgrims-2026,0.0334
/blog/documents-needed-to-travel-to-saudi-arabia,/blog/essential-duas-for-umrah-and-hajj,0.0229
/blog/documents-needed-to-travel-to-saudi-arabia,/blog/difference-between-hajj-and-umrah,0.0237
/blog/documents-needed-to-travel-to-saudi-arabia,/blog/first-time-visiting-makkah-guide,0.0254
/blog/documents-needed-to-travel-to-saudi-arabia,/blog/first-time-visiting-madinah-guide,0.0232
/blog/documents-needed-to-travel-to-saudi-arabia,/blog/best-time-to-perform-umrah-2026,0.0224
/blog/documents-needed-to-travel-to-saudi-arabia,/blog/madinah-ziyarat-historic-sites-guide,0.0213
/blog/documents-needed-to-travel-to-saudi-arabia,/blog/what-to-pack-for-umrah-checklist,0.0214
/blog/documents-needed-to-travel-to-saudi-arabia,/blog/main-rituals-of-hajj-explained,0.0216
/blog/documents-needed-to-travel-to-saudi-arabia,/blog/common-mistakes-to-avoid-during-umrah,0.0213
/blog/documents-needed-to-travel-to-saudi-arabia,/blog/umrah-transport-makkah-madinah-guide,0.0305
/blog/documents-needed-to-travel-to-saudi-arabia,/blog/riyadh-to-dammam-taxi-guide,0.0307
/blog/documents-needed-to-travel-to-saudi-arabia,/blog/how-to-perform-umrah-step-by-step-guide,0.0215
/blog/documents-needed-to-travel-to-saudi-arabia,/blog/saudi-to-bahrain-taxi-king-fahd-causeway,0.0312
/blog/documents-needed-to-travel-to-saudi-arabia,/blog/saudi-arabia-intercity-taxi-services-guide,0.0324
/blog/documents-needed-to-travel-to-saudi-arabia,/blog/makkah-to-madinah-private-taxi-guide,0.0292
/blog/documents-needed-to-travel-to-saudi-arabia,/blog/riyadh-airport-transfer-business-travelers,0.0290
/blog/documents-needed-to-travel-to-saudi-arabia,/blog/jeddah-to-taif-taxi-guide,0.0345
/blog/documents-needed-to-travel-to-saudi-arabia,/blog/top-tourist-destinations-private-taxi-saudi-arabia,0.0324
/blog/documents-needed-to-travel-to-saudi-arabia,/blog/taxi-cost-saudi-arabia-price-guide,0.0546
/blog/documents-needed-to-travel-to-saudi-arabia,/blog/jeddah-airport-to-makkah-taxi-service-guide,0.0288
/blog/jeddah-airport-terminal-guide-jed,/blog/riyadh-air-what-travelers-should-know,0.0287
/blog/jeddah-airport-terminal-guide-jed,/blog/jeddah-to-alula-transport-options,0.0300
/blog/jeddah-airport-terminal-guide-jed,/blog/best-day-trips-from-riyadh-private-driver,0.0278
/blog/jeddah-airport-terminal-guide-jed,/blog/neom-travel-guide-2026,0.0318
/blog/jeddah-airport-terminal-guide-jed,/blog/red-sea-project-travel-guide,0.0261
/blog/jeddah-airport-terminal-guide-jed,/blog/saudi-tourist-visa-2026-guide,0.0317
/blog/jeddah-airport-terminal-guide-jed,/blog/can-tourists-drive-in-saudi-arabia,0.0318
/blog/jeddah-airport-terminal-guide-jed,/blog/jeddah-season-2026-events-attractions-guide,0.0268
/blog/jeddah-airport-terminal-guide-jed,/blog/saudi-school-public-holidays-2027,0.0299
/blog/jeddah-airport-terminal-guide-jed,/blog/best-places-to-visit-taif-summer,0.0269
/blog/jeddah-airport-terminal-guide-jed,/blog/saudi-national-day-2026-best-cities,0.0291
/blog/jeddah-airport-terminal-guide-jed,/blog/fifa-world-cup-2034-saudi-arabia-travel-planning,0.0292
/blog/jeddah-airport-terminal-guide-jed,/blog/riyadh-expo-2030-preparations,0.0279
/blog/jeddah-airport-terminal-guide-jed,/blog/saudi-arabia-tourism-projects-2027,0.0274
/blog/jeddah-airport-terminal-guide-jed,/blog/hajj-2027-registration-permit-updates,0.0201
/blog/jeddah-airport-terminal-guide-jed,/blog/nusuk-app-umrah-guide,0.0204
/blog/jeddah-airport-terminal-guide-jed,/blog/cost-of-umrah-trip-2026,0.0192
/blog/jeddah-airport-terminal-guide-jed,/blog/private-chauffeur-vs-ride-hailing-saudi-arabia,0.0278
/blog/jeddah-airport-terminal-guide-jed,/blog/solo-female-pilgrim-travel-saudi-arabia,0.0203
/blog/jeddah-airport-terminal-guide-jed,/blog/ramadan-2026-makkah-transport-guide,0.0198
/blog/jeddah-airport-terminal-guide-jed,/blog/riyadh-metro-vs-taxi,0.0285
/blog/jeddah-airport-terminal-guide-jed,/blog/alula-travel-guide-2026,0.0281
/blog/jeddah-airport-terminal-guide-jed,/blog/king-salman-airport-transfers-guide,0.0539
/blog/jeddah-airport-terminal-guide-jed,/blog/transportation-mistakes-pilgrims,0.0202
/blog/jeddah-airport-terminal-guide-jed,/blog/miqat-locations-for-umrah,0.0201
/blog/jeddah-airport-terminal-guide-jed,/blog/new-saudi-umrah-visa-rules-2026,0.0216
/blog/jeddah-airport-terminal-guide-jed,/blog/vip-transfer-jeddah-airport-to-makkah,0.0224
/blog/jeddah-airport-terminal-guide-jed,/blog/makkah-madinah-train-vs-taxi,0.0187
/blog/jeddah-airport-terminal-guide-jed,/blog/umrah-with-children,0.0195
/blog/jeddah-airport-terminal-guide-jed,/blog/how-to-travel-between-makkah-madinah-jeddah,0.0208
/blog/jeddah-airport-terminal-guide-jed,/blog/umrah-for-elderly-pilgrims,0.0190
/blog/jeddah-airport-terminal-guide-jed,/blog/complete-guide-to-masjid-al-haram,0.0209
/blog/jeddah-airport-terminal-guide-jed,/blog/common-questions-first-time-umrah-pilgrims,0.0217
/blog/jeddah-airport-terminal-guide-jed,/blog/jeddah-airport-arrival-guide-umrah,0.0472
/blog/jeddah-airport-terminal-guide-jed,/blog/saudi-arabia-entry-requirements-pilgrims-2026,0.0224
/blog/jeddah-airport-terminal-guide-jed,/blog/essential-duas-for-umrah-and-hajj,0.0215
/blog/jeddah-airport-terminal-guide-jed,/blog/difference-between-hajj-and-umrah,0.0209
/blog/jeddah-airport-terminal-guide-jed,/blog/first-time-visiting-makkah-guide,0.0213
/blog/jeddah-airport-terminal-guide-jed,/blog/first-time-visiting-madinah-guide,0.0218
/blog/jeddah-airport-terminal-guide-jed,/blog/best-time-to-perform-umrah-2026,0.0211
/blog/jeddah-airport-terminal-guide-jed,/blog/madinah-ziyarat-historic-sites-guide,0.0203
/blog/jeddah-airport-terminal-guide-jed,/blog/what-to-pack-for-umrah-checklist,0.0200
/blog/jeddah-airport-terminal-guide-jed,/blog/main-rituals-of-hajj-explained,0.0208
/blog/jeddah-airport-terminal-guide-jed,/blog/common-mistakes-to-avoid-during-umrah,0.0204
/blog/jeddah-airport-terminal-guide-jed,/blog/umrah-transport-makkah-madinah-guide,0.0264
/blog/jeddah-airport-terminal-guide-jed,/blog/riyadh-to-dammam-taxi-guide,0.0276
/blog/jeddah-airport-terminal-guide-jed,/blog/how-to-perform-umrah-step-by-step-guide,0.0207
/blog/jeddah-airport-terminal-guide-jed,/blog/saudi-to-bahrain-taxi-king-fahd-causeway,0.0264
/blog/jeddah-airport-terminal-guide-jed,/blog/saudi-arabia-intercity-taxi-services-guide,0.0262
/blog/jeddah-airport-terminal-guide-jed,/blog/makkah-to-madinah-private-taxi-guide,0.0273
/blog/jeddah-airport-terminal-guide-jed,/blog/riyadh-airport-transfer-business-travelers,0.0263
/blog/jeddah-airport-terminal-guide-jed,/blog/jeddah-to-taif-taxi-guide,0.0275
/blog/jeddah-airport-terminal-guide-jed,/blog/top-tourist-destinations-private-taxi-saudi-arabia,0.0255
/blog/jeddah-airport-terminal-guide-jed,/blog/taxi-cost-saudi-arabia-price-guide,0.0253
/blog/jeddah-airport-terminal-guide-jed,/blog/jeddah-airport-to-makkah-taxi-service-guide,0.0283
/blog/riyadh-air-what-travelers-should-know,/blog/jeddah-to-alula-transport-options,0.0315
/blog/riyadh-air-what-travelers-should-know,/blog/best-day-trips-from-riyadh-private-driver,0.0330
/blog/riyadh-air-what-travelers-should-know,/blog/neom-travel-guide-2026,0.0289
/blog/riyadh-air-what-travelers-should-know,/blog/red-sea-project-travel-guide,0.0254
/blog/riyadh-air-what-travelers-should-know,/blog/saudi-tourist-visa-2026-guide,0.0538
/blog/riyadh-air-what-travelers-should-know,/blog/can-tourists-drive-in-saudi-arabia,0.0284
/blog/riyadh-air-what-travelers-should-know,/blog/jeddah-season-2026-events-attractions-guide,0.0262
/blog/riyadh-air-what-travelers-should-know,/blog/saudi-school-public-holidays-2027,0.0282
/blog/riyadh-air-what-travelers-should-know,/blog/best-places-to-visit-taif-summer,0.0253
/blog/riyadh-air-what-travelers-should-know,/blog/saudi-national-day-2026-best-cities,0.0272
/blog/riyadh-air-what-travelers-should-know,/blog/fifa-world-cup-2034-saudi-arabia-travel-planning,0.0276
/blog/riyadh-air-what-travelers-should-know,/blog/riyadh-expo-2030-preparations,0.0314
/blog/riyadh-air-what-travelers-should-know,/blog/saudi-arabia-tourism-projects-2027,0.0277
/blog/riyadh-air-what-travelers-should-know,/blog/hajj-2027-registration-permit-updates,0.0193
/blog/riyadh-air-what-travelers-should-know,/blog/nusuk-app-umrah-guide,0.0204
/blog/riyadh-air-what-travelers-should-know,/blog/cost-of-umrah-trip-2026,0.0183
/blog/riyadh-air-what-travelers-should-know,/blog/private-chauffeur-vs-ride-hailing-saudi-arabia,0.0261
/blog/riyadh-air-what-travelers-should-know,/blog/solo-female-pilgrim-travel-saudi-arabia,0.0185
/blog/riyadh-air-what-travelers-should-know,/blog/ramadan-2026-makkah-transport-guide,0.0186
/blog/riyadh-air-what-travelers-should-know,/blog/riyadh-metro-vs-taxi,0.0277
/blog/riyadh-air-what-travelers-should-know,/blog/alula-travel-guide-2026,0.0262
/blog/riyadh-air-what-travelers-should-know,/blog/king-salman-airport-transfers-guide,0.0283
/blog/riyadh-air-what-travelers-should-know,/blog/transportation-mistakes-pilgrims,0.0183
/blog/riyadh-air-what-travelers-should-know,/blog/miqat-locations-for-umrah,0.0185
/blog/riyadh-air-what-travelers-should-know,/blog/new-saudi-umrah-visa-rules-2026,0.0184
/blog/riyadh-air-what-travelers-should-know,/blog/vip-transfer-jeddah-airport-to-makkah,0.0183
/blog/riyadh-air-what-travelers-should-know,/blog/makkah-madinah-train-vs-taxi,0.0176
/blog/riyadh-air-what-travelers-should-know,/blog/umrah-with-children,0.0180
/blog/riyadh-air-what-travelers-should-know,/blog/how-to-travel-between-makkah-madinah-jeddah,0.0195
/blog/riyadh-air-what-travelers-should-know,/blog/umrah-for-elderly-pilgrims,0.0176
/blog/riyadh-air-what-travelers-should-know,/blog/complete-guide-to-masjid-al-haram,0.0194
/blog/riyadh-air-what-travelers-should-know,/blog/common-questions-first-time-umrah-pilgrims,0.0208
/blog/riyadh-air-what-travelers-should-know,/blog/jeddah-airport-arrival-guide-umrah,0.0195
/blog/riyadh-air-what-travelers-should-know,/blog/saudi-arabia-entry-requirements-pilgrims-2026,0.0195
/blog/riyadh-air-what-travelers-should-know,/blog/essential-duas-for-umrah-and-hajj,0.0195
/blog/riyadh-air-what-travelers-should-know,/blog/difference-between-hajj-and-umrah,0.0208
/blog/riyadh-air-what-travelers-should-know,/blog/first-time-visiting-makkah-guide,0.0198
/blog/riyadh-air-what-travelers-should-know,/blog/first-time-visiting-madinah-guide,0.0196
/blog/riyadh-air-what-travelers-should-know,/blog/best-time-to-perform-umrah-2026,0.0193
/blog/riyadh-air-what-travelers-should-know,/blog/madinah-ziyarat-historic-sites-guide,0.0184
/blog/riyadh-air-what-travelers-should-know,/blog/what-to-pack-for-umrah-checklist,0.0187
/blog/riyadh-air-what-travelers-should-know,/blog/main-rituals-of-hajj-explained,0.0188
/blog/riyadh-air-what-travelers-should-know,/blog/common-mistakes-to-avoid-during-umrah,0.0194
/blog/riyadh-air-what-travelers-should-know,/blog/umrah-transport-makkah-madinah-guide,0.0247
/blog/riyadh-air-what-travelers-should-know,/blog/riyadh-to-dammam-taxi-guide,0.0275
/blog/riyadh-air-what-travelers-should-know,/blog/how-to-perform-umrah-step-by-step-guide,0.0189
/blog/riyadh-air-what-travelers-should-know,/blog/saudi-to-bahrain-taxi-king-fahd-causeway,0.0271
/blog/riyadh-air-what-travelers-should-know,/blog/saudi-arabia-intercity-taxi-services-guide,0.0246
/blog/riyadh-air-what-travelers-should-know,/blog/makkah-to-madinah-private-taxi-guide,0.0238
/blog/riyadh-air-what-travelers-should-know,/blog/riyadh-airport-transfer-business-travelers,0.0275
/blog/riyadh-air-what-travelers-should-know,/blog/jeddah-to-taif-taxi-guide,0.0250
/blog/riyadh-air-what-travelers-should-know,/blog/top-tourist-destinations-private-taxi-saudi-arabia,0.0240
/blog/riyadh-air-what-travelers-should-know,/blog/taxi-cost-saudi-arabia-price-guide,0.0618
/blog/riyadh-air-what-travelers-should-know,/blog/jeddah-airport-to-makkah-taxi-service-guide,0.0227
/blog/jeddah-to-alula-transport-options,/blog/best-day-trips-from-riyadh-private-driver,0.0306
/blog/jeddah-to-alula-transport-options,/blog/neom-travel-guide-2026,0.0342
/blog/jeddah-to-alula-transport-options,/blog/red-sea-project-travel-guide,0.0302
/blog/jeddah-to-alula-transport-options,/blog/saudi-tourist-visa-2026-guide,0.0319
/blog/jeddah-to-alula-transport-options,/blog/can-tourists-drive-in-saudi-arabia,0.0325
/blog/jeddah-to-alula-transport-options,/blog/jeddah-season-2026-events-attractions-guide,0.0286
/blog/jeddah-to-alula-transport-options,/blog/saudi-school-public-holidays-2027,0.0300
/blog/jeddah-to-alula-transport-options,/blog/best-places-to-visit-taif-summer,0.0511
/blog/jeddah-to-alula-transport-options,/blog/saudi-national-day-2026-best-cities,0.0320
/blog/jeddah-to-alula-transport-options,/blog/fifa-world-cup-2034-saudi-arabia-travel-planning,0.0300
/blog/jeddah-to-alula-transport-options,/blog/riyadh-expo-2030-preparations,0.0269
/blog/jeddah-to-alula-transport-options,/blog/saudi-arabia-tourism-projects-2027,0.0316
/blog/jeddah-to-alula-transport-options,/blog/hajj-2027-registration-permit-updates,0.0197
/blog/jeddah-to-alula-transport-options,/blog/nusuk-app-umrah-guide,0.0219
/blog/jeddah-to-alula-transport-options,/blog/cost-of-umrah-trip-2026,0.0189
/blog/jeddah-to-alula-transport-options,/blog/private-chauffeur-vs-ride-hailing-saudi-arabia,0.0302
/blog/jeddah-to-alula-transport-options,/blog/solo-female-pilgrim-travel-saudi-arabia,0.0229
/blog/jeddah-to-alula-transport-options,/blog/ramadan-2026-makkah-transport-guide,0.0210
/blog/jeddah-to-alula-transport-options,/blog/riyadh-metro-vs-taxi,0.0275
/blog/jeddah-to-alula-transport-options,/blog/alula-travel-guide-2026,0.0595
/blog/jeddah-to-alula-transport-options,/blog/king-salman-airport-transfers-guide,0.0300
/blog/jeddah-to-alula-transport-options,/blog/transportation-mistakes-pilgrims,0.0216
/blog/jeddah-to-alula-transport-options,/blog/miqat-locations-for-umrah,0.0187
/blog/jeddah-to-alula-transport-options,/blog/new-saudi-umrah-visa-rules-2026,0.0192
/blog/jeddah-to-alula-transport-options,/blog/vip-transfer-jeddah-airport-to-makkah,0.0199
/blog/jeddah-to-alula-transport-options,/blog/makkah-madinah-train-vs-taxi,0.0195
/blog/jeddah-to-alula-transport-options,/blog/umrah-with-children,0.0184
/blog/jeddah-to-alula-transport-options,/blog/how-to-travel-between-makkah-madinah-jeddah,0.0219
/blog/jeddah-to-alula-transport-options,/blog/umrah-for-elderly-pilgrims,0.0183
/blog/jeddah-to-alula-transport-options,/blog/complete-guide-to-masjid-al-haram,0.0226
/blog/jeddah-to-alula-transport-options,/blog/common-questions-first-time-umrah-pilgrims,0.0217
/blog/jeddah-to-alula-transport-options,/blog/jeddah-airport-arrival-guide-umrah,0.0209
/blog/jeddah-to-alula-transport-options,/blog/saudi-arabia-entry-requirements-pilgrims-2026,0.0239
/blog/jeddah-to-alula-transport-options,/blog/essential-duas-for-umrah-and-hajj,0.0204
/blog/jeddah-to-alula-transport-options,/blog/difference-between-hajj-and-umrah,0.0207
/blog/jeddah-to-alula-transport-options,/blog/first-time-visiting-makkah-guide,0.0237
/blog/jeddah-to-alula-transport-options,/blog/first-time-visiting-madinah-guide,0.0209
/blog/jeddah-to-alula-transport-options,/blog/best-time-to-perform-umrah-2026,0.0202
/blog/jeddah-to-alula-transport-options,/blog/madinah-ziyarat-historic-sites-guide,0.0200
/blog/jeddah-to-alula-transport-options,/blog/what-to-pack-for-umrah-checklist,0.0189
/blog/jeddah-to-alula-transport-options,/blog/main-rituals-of-hajj-explained,0.0194
/blog/jeddah-to-alula-transport-options,/blog/common-mistakes-to-avoid-during-umrah,0.0192
/blog/jeddah-to-alula-transport-options,/blog/umrah-transport-makkah-madinah-guide,0.0260
/blog/jeddah-to-alula-transport-options,/blog/riyadh-to-dammam-taxi-guide,0.0269
/blog/jeddah-to-alula-transport-options,/blog/how-to-perform-umrah-step-by-step-guide,0.0197
/blog/jeddah-to-alula-transport-options,/blog/saudi-to-bahrain-taxi-king-fahd-causeway,0.0257
/blog/jeddah-to-alula-transport-options,/blog/saudi-arabia-intercity-taxi-services-guide,0.0293
/blog/jeddah-to-alula-transport-options,/blog/makkah-to-madinah-private-taxi-guide,0.0248
/blog/jeddah-to-alula-transport-options,/blog/riyadh-airport-transfer-business-travelers,0.0254
/blog/jeddah-to-alula-transport-options,/blog/jeddah-to-taif-taxi-guide,0.0296
/blog/jeddah-to-alula-transport-options,/blog/top-tourist-destinations-private-taxi-saudi-arabia,0.0286
/blog/jeddah-to-alula-transport-options,/blog/taxi-cost-saudi-arabia-price-guide,0.0295
/blog/jeddah-to-alula-transport-options,/blog/jeddah-airport-to-makkah-taxi-service-guide,0.0238
/blog/best-day-trips-from-riyadh-private-driver,/blog/neom-travel-guide-2026,0.0291
/blog/best-day-trips-from-riyadh-private-driver,/blog/red-sea-project-travel-guide,0.0257
/blog/best-day-trips-from-riyadh-private-driver,/blog/saudi-tourist-visa-2026-guide,0.0277
/blog/best-day-trips-from-riyadh-private-driver,/blog/can-tourists-drive-in-saudi-arabia,0.0300
/blog/best-day-trips-from-riyadh-private-driver,/blog/jeddah-season-2026-events-attractions-guide,0.0253
/blog/best-day-trips-from-riyadh-private-driver,/blog/saudi-school-public-holidays-2027,0.0276
/blog/best-day-trips-from-riyadh-private-driver,/blog/best-places-to-visit-taif-summer,0.0376
/blog/best-day-trips-from-riyadh-private-driver,/blog/saudi-national-day-2026-best-cities,0.0278
/blog/best-day-trips-from-riyadh-private-driver,/blog/fifa-world-cup-2034-saudi-arabia-travel-planning,0.0276
/blog/best-day-trips-from-riyadh-private-driver,/blog/riyadh-expo-2030-preparations,0.0315
/blog/best-day-trips-from-riyadh-private-driver,/blog/saudi-arabia-tourism-projects-2027,0.0269
/blog/best-day-trips-from-riyadh-private-driver,/blog/hajj-2027-registration-permit-updates,0.0190
/blog/best-day-trips-from-riyadh-private-driver,/blog/nusuk-app-umrah-guide,0.0193
/blog/best-day-trips-from-riyadh-private-driver,/blog/cost-of-umrah-trip-2026,0.0184
/blog/best-day-trips-from-riyadh-private-driver,/blog/private-chauffeur-vs-ride-hailing-saudi-arabia,0.0269
/blog/best-day-trips-from-riyadh-private-driver,/blog/solo-female-pilgrim-travel-saudi-arabia,0.0184
/blog/best-day-trips-from-riyadh-private-driver,/blog/ramadan-2026-makkah-transport-guide,0.0185
/blog/best-day-trips-from-riyadh-private-driver,/blog/riyadh-metro-vs-taxi,0.0271
/blog/best-day-trips-from-riyadh-private-driver,/blog/alula-travel-guide-2026,0.0389
/blog/best-day-trips-from-riyadh-private-driver,/blog/king-salman-airport-transfers-guide,0.0261
/blog/best-day-trips-from-riyadh-private-driver,/blog/transportation-mistakes-pilgrims,0.0178
/blog/best-day-trips-from-riyadh-private-driver,/blog/miqat-locations-for-umrah,0.0185
/blog/best-day-trips-from-riyadh-private-driver,/blog/new-saudi-umrah-visa-rules-2026,0.0185
/blog/best-day-trips-from-riyadh-private-driver,/blog/vip-transfer-jeddah-airport-to-makkah,0.0184
/blog/best-day-trips-from-riyadh-private-driver,/blog/makkah-madinah-train-vs-taxi,0.0177
/blog/best-day-trips-from-riyadh-private-driver,/blog/umrah-with-children,0.0177
/blog/best-day-trips-from-riyadh-private-driver,/blog/how-to-travel-between-makkah-madinah-jeddah,0.0195
/blog/best-day-trips-from-riyadh-private-driver,/blog/umrah-for-elderly-pilgrims,0.0175
/blog/best-day-trips-from-riyadh-private-driver,/blog/complete-guide-to-masjid-al-haram,0.0197
/blog/best-day-trips-from-riyadh-private-driver,/blog/common-questions-first-time-umrah-pilgrims,0.0201
/blog/best-day-trips-from-riyadh-private-driver,/blog/jeddah-airport-arrival-guide-umrah,0.0195
/blog/best-day-trips-from-riyadh-private-driver,/blog/saudi-arabia-entry-requirements-pilgrims-2026,0.0199
/blog/best-day-trips-from-riyadh-private-driver,/blog/essential-duas-for-umrah-and-hajj,0.0199
/blog/best-day-trips-from-riyadh-private-driver,/blog/difference-between-hajj-and-umrah,0.0201
/blog/best-day-trips-from-riyadh-private-driver,/blog/first-time-visiting-makkah-guide,0.0206
/blog/best-day-trips-from-riyadh-private-driver,/blog/first-time-visiting-madinah-guide,0.0201
/blog/best-day-trips-from-riyadh-private-driver,/blog/best-time-to-perform-umrah-2026,0.0195
/blog/best-day-trips-from-riyadh-private-driver,/blog/madinah-ziyarat-historic-sites-guide,0.0311
/blog/best-day-trips-from-riyadh-private-driver,/blog/what-to-pack-for-umrah-checklist,0.0184
/blog/best-day-trips-from-riyadh-private-driver,/blog/main-rituals-of-hajj-explained,0.0187
/blog/best-day-trips-from-riyadh-private-driver,/blog/common-mistakes-to-avoid-during-umrah,0.0191
/blog/best-day-trips-from-riyadh-private-driver,/blog/umrah-transport-makkah-madinah-guide,0.0403
/blog/best-day-trips-from-riyadh-private-driver,/blog/riyadh-to-dammam-taxi-guide,0.0277
/blog/best-day-trips-from-riyadh-private-driver,/blog/how-to-perform-umrah-step-by-step-guide,0.0192
/blog/best-day-trips-from-riyadh-private-driver,/blog/saudi-to-bahrain-taxi-king-fahd-causeway,0.0287
/blog/best-day-trips-from-riyadh-private-driver,/blog/saudi-arabia-intercity-taxi-services-guide,0.0253
/blog/best-day-trips-from-riyadh-private-driver,/blog/makkah-to-madinah-private-taxi-guide,0.0240
/blog/best-day-trips-from-riyadh-private-driver,/blog/riyadh-airport-transfer-business-travelers,0.0278
/blog/best-day-trips-from-riyadh-private-driver,/blog/jeddah-to-taif-taxi-guide,0.0249
/blog/best-day-trips-from-riyadh-private-driver,/blog/top-tourist-destinations-private-taxi-saudi-arabia,0.0270
/blog/best-day-trips-from-riyadh-private-driver,/blog/taxi-cost-saudi-arabia-price-guide,0.0243
/blog/best-day-trips-from-riyadh-private-driver,/blog/jeddah-airport-to-makkah-taxi-service-guide,0.0234
/blog/neom-travel-guide-2026,/blog/red-sea-project-travel-guide,0.0557
/blog/neom-travel-guide-2026,/blog/saudi-tourist-visa-2026-guide,0.0352
/blog/neom-travel-guide-2026,/blog/can-tourists-drive-in-saudi-arabia,0.0506
/blog/neom-travel-guide-2026,/blog/jeddah-season-2026-events-attractions-guide,0.0300
/blog/neom-travel-guide-2026,/blog/saudi-school-public-holidays-2027,0.0315
/blog/neom-travel-guide-2026,/blog/best-places-to-visit-taif-summer,0.0297
/blog/neom-travel-guide-2026,/blog/saudi-national-day-2026-best-cities,0.0340
/blog/neom-travel-guide-2026,/blog/fifa-world-cup-2034-saudi-arabia-travel-planning,0.0416
/blog/neom-travel-guide-2026,/blog/riyadh-expo-2030-preparations,0.0527
/blog/neom-travel-guide-2026,/blog/saudi-arabia-tourism-projects-2027,0.0349
/blog/neom-travel-guide-2026,/blog/hajj-2027-registration-permit-updates,0.0205
/blog/neom-travel-guide-2026,/blog/nusuk-app-umrah-guide,0.0204
/blog/neom-travel-guide-2026,/blog/cost-of-umrah-trip-2026,0.0192
/blog/neom-travel-guide-2026,/blog/private-chauffeur-vs-ride-hailing-saudi-arabia,0.0302
/blog/neom-travel-guide-2026,/blog/solo-female-pilgrim-travel-saudi-arabia,0.0224
/blog/neom-travel-guide-2026,/blog/ramadan-2026-makkah-transport-guide,0.0217
/blog/neom-travel-guide-2026,/blog/riyadh-metro-vs-taxi,0.0268
/blog/neom-travel-guide-2026,/blog/alula-travel-guide-2026,0.0310
/blog/neom-travel-guide-2026,/blog/king-salman-airport-transfers-guide,0.0303
/blog/neom-travel-guide-2026,/blog/transportation-mistakes-pilgrims,0.0210
/blog/neom-travel-guide-2026,/blog/miqat-locations-for-umrah,0.0190
/blog/neom-travel-guide-2026,/blog/new-saudi-umrah-visa-rules-2026,0.0195
/blog/neom-travel-guide-2026,/blog/vip-transfer-jeddah-airport-to-makkah,0.0194
/blog/neom-travel-guide-2026,/blog/makkah-madinah-train-vs-taxi,0.0187
/blog/neom-travel-guide-2026,/blog/umrah-with-children,0.0187
/blog/neom-travel-guide-2026,/blog/how-to-travel-between-makkah-madinah-jeddah,0.0208
/blog/neom-travel-guide-2026,/blog/umrah-for-elderly-pilgrims,0.0184
/blog/neom-travel-guide-2026,/blog/complete-guide-to-masjid-al-haram,0.0231
/blog/neom-travel-guide-2026,/blog/common-questions-first-time-umrah-pilgrims,0.0215
/blog/neom-travel-guide-2026,/blog/jeddah-airport-arrival-guide-umrah,0.0220
/blog/neom-travel-guide-2026,/blog/saudi-arabia-entry-requirements-pilgrims-2026,0.0236
/blog/neom-travel-guide-2026,/blog/essential-duas-for-umrah-and-hajj,0.0213
/blog/neom-travel-guide-2026,/blog/difference-between-hajj-and-umrah,0.0211
/blog/neom-travel-guide-2026,/blog/first-time-visiting-makkah-guide,0.0243
/blog/neom-travel-guide-2026,/blog/first-time-visiting-madinah-guide,0.0223
/blog/neom-travel-guide-2026,/blog/best-time-to-perform-umrah-2026,0.0211
/blog/neom-travel-guide-2026,/blog/madinah-ziyarat-historic-sites-guide,0.0208
/blog/neom-travel-guide-2026,/blog/what-to-pack-for-umrah-checklist,0.0192
/blog/neom-travel-guide-2026,/blog/main-rituals-of-hajj-explained,0.0204
/blog/neom-travel-guide-2026,/blog/common-mistakes-to-avoid-during-umrah,0.0206
/blog/neom-travel-guide-2026,/blog/umrah-transport-makkah-madinah-guide,0.0277
/blog/neom-travel-guide-2026,/blog/riyadh-to-dammam-taxi-guide,0.0278
/blog/neom-travel-guide-2026,/blog/how-to-perform-umrah-step-by-step-guide,0.0205
/blog/neom-travel-guide-2026,/blog/saudi-to-bahrain-taxi-king-fahd-causeway,0.0277
/blog/neom-travel-guide-2026,/blog/saudi-arabia-intercity-taxi-services-guide,0.0306
/blog/neom-travel-guide-2026,/blog/makkah-to-madinah-private-taxi-guide,0.0261
/blog/neom-travel-guide-2026,/blog/riyadh-airport-transfer-business-travelers,0.0267
/blog/neom-travel-guide-2026,/blog/jeddah-to-taif-taxi-guide,0.0309
/blog/neom-travel-guide-2026,/blog/top-tourist-destinations-private-taxi-saudi-arabia,0.0466
/blog/neom-travel-guide-2026,/blog/taxi-cost-saudi-arabia-price-guide,0.0300
/blog/neom-travel-guide-2026,/blog/jeddah-airport-to-makkah-taxi-service-guide,0.0245
/blog/red-sea-project-travel-guide,/blog/saudi-tourist-visa-2026-guide,0.0306
/blog/red-sea-project-travel-guide,/blog/can-tourists-drive-in-saudi-arabia,0.0288
/blog/red-sea-project-travel-guide,/blog/jeddah-season-2026-events-attractions-guide,0.0286
/blog/red-sea-project-travel-guide,/blog/saudi-school-public-holidays-2027,0.0273
/blog/red-sea-project-travel-guide,/blog/best-places-to-visit-taif-summer,0.0254
/blog/red-sea-project-travel-guide,/blog/saudi-national-day-2026-best-cities,0.0277
/blog/red-sea-project-travel-guide,/blog/fifa-world-cup-2034-saudi-arabia-travel-planning,0.0442
/blog/red-sea-project-travel-guide,/blog/riyadh-expo-2030-preparations,0.0538
/blog/red-sea-project-travel-guide,/blog/saudi-arabia-tourism-projects-2027,0.0293
/blog/red-sea-project-travel-guide,/blog/hajj-2027-registration-permit-updates,0.0173
/blog/red-sea-project-travel-guide,/blog/nusuk-app-umrah-guide,0.0173
/blog/red-sea-project-travel-guide,/blog/cost-of-umrah-trip-2026,0.0164
/blog/red-sea-project-travel-guide,/blog/private-chauffeur-vs-ride-hailing-saudi-arabia,0.0256
/blog/red-sea-project-travel-guide,/blog/solo-female-pilgrim-travel-saudi-arabia,0.0196
/blog/red-sea-project-travel-guide,/blog/ramadan-2026-makkah-transport-guide,0.0188
/blog/red-sea-project-travel-guide,/blog/riyadh-metro-vs-taxi,0.0232
/blog/red-sea-project-travel-guide,/blog/alula-travel-guide-2026,0.0275
/blog/red-sea-project-travel-guide,/blog/king-salman-airport-transfers-guide,0.0263
/blog/red-sea-project-travel-guide,/blog/transportation-mistakes-pilgrims,0.0180
/blog/red-sea-project-travel-guide,/blog/miqat-locations-for-umrah,0.0166
/blog/red-sea-project-travel-guide,/blog/new-saudi-umrah-visa-rules-2026,0.0168
/blog/red-sea-project-travel-guide,/blog/vip-transfer-jeddah-airport-to-makkah,0.0169
/blog/red-sea-project-travel-guide,/blog/makkah-madinah-train-vs-taxi,0.0160
/blog/red-sea-project-travel-guide,/blog/umrah-with-children,0.0160
/blog/red-sea-project-travel-guide,/blog/how-to-travel-between-makkah-madinah-jeddah,0.0176
/blog/red-sea-project-travel-guide,/blog/umrah-for-elderly-pilgrims,0.0160
/blog/red-sea-project-travel-guide,/blog/complete-guide-to-masjid-al-haram,0.0193
/blog/red-sea-project-travel-guide,/blog/common-questions-first-time-umrah-pilgrims,0.0181
/blog/red-sea-project-travel-guide,/blog/jeddah-airport-arrival-guide-umrah,0.0178
/blog/red-sea-project-travel-guide,/blog/saudi-arabia-entry-requirements-pilgrims-2026,0.0197
/blog/red-sea-project-travel-guide,/blog/essential-duas-for-umrah-and-hajj,0.0181
/blog/red-sea-project-travel-guide,/blog/difference-between-hajj-and-umrah,0.0178
/blog/red-sea-project-travel-guide,/blog/first-time-visiting-makkah-guide,0.0197
/blog/red-sea-project-travel-guide,/blog/first-time-visiting-madinah-guide,0.0183
/blog/red-sea-project-travel-guide,/blog/best-time-to-perform-umrah-2026,0.0180
/blog/red-sea-project-travel-guide,/blog/madinah-ziyarat-historic-sites-guide,0.0172
/blog/red-sea-project-travel-guide,/blog/what-to-pack-for-umrah-checklist,0.0166
/blog/red-sea-project-travel-guide,/blog/main-rituals-of-hajj-explained,0.0168
/blog/red-sea-project-travel-guide,/blog/common-mistakes-to-avoid-during-umrah,0.0172
/blog/red-sea-project-travel-guide,/blog/umrah-transport-makkah-madinah-guide,0.0222
/blog/red-sea-project-travel-guide,/blog/riyadh-to-dammam-taxi-guide,0.0222
/blog/red-sea-project-travel-guide,/blog/how-to-perform-umrah-step-by-step-guide,0.0175
/blog/red-sea-project-travel-guide,/blog/saudi-to-bahrain-taxi-king-fahd-causeway,0.0221
/blog/red-sea-project-travel-guide,/blog/saudi-arabia-intercity-taxi-services-guide,0.0253
/blog/red-sea-project-travel-guide,/blog/makkah-to-madinah-private-taxi-guide,0.0210
/blog/red-sea-project-travel-guide,/blog/riyadh-airport-transfer-business-travelers,0.0217
/blog/red-sea-project-travel-guide,/blog/jeddah-to-taif-taxi-guide,0.0245
/blog/red-sea-project-travel-guide,/blog/top-tourist-destinations-private-taxi-saudi-arabia,0.0254
/blog/red-sea-project-travel-guide,/blog/taxi-cost-saudi-arabia-price-guide,0.0244
/blog/red-sea-project-travel-guide,/blog/jeddah-airport-to-makkah-taxi-service-guide,0.0201
/blog/saudi-tourist-visa-2026-guide,/blog/can-tourists-drive-in-saudi-arabia,0.0334
/blog/saudi-tourist-visa-2026-guide,/blog/jeddah-season-2026-events-attractions-guide,0.0326
/blog/saudi-tourist-visa-2026-guide,/blog/saudi-school-public-holidays-2027,0.0351
/blog/saudi-tourist-visa-2026-guide,/blog/best-places-to-visit-taif-summer,0.0282
/blog/saudi-tourist-visa-2026-guide,/blog/saudi-national-day-2026-best-cities,0.0332
/blog/saudi-tourist-visa-2026-guide,/blog/fifa-world-cup-2034-saudi-arabia-travel-planning,0.0322
/blog/saudi-tourist-visa-2026-guide,/blog/riyadh-expo-2030-preparations,0.0293
/blog/saudi-tourist-visa-2026-guide,/blog/saudi-arabia-tourism-projects-2027,0.0322
/blog/saudi-tourist-visa-2026-guide,/blog/hajj-2027-registration-permit-updates,0.0226
/blog/saudi-tourist-visa-2026-guide,/blog/nusuk-app-umrah-guide,0.0216
/blog/saudi-tourist-visa-2026-guide,/blog/cost-of-umrah-trip-2026,0.0194
/blog/saudi-tourist-visa-2026-guide,/blog/private-chauffeur-vs-ride-hailing-saudi-arabia,0.0295
/blog/saudi-tourist-visa-2026-guide,/blog/solo-female-pilgrim-travel-saudi-arabia,0.0229
/blog/saudi-tourist-visa-2026-guide,/blog/ramadan-2026-makkah-transport-guide,0.0222
/blog/saudi-tourist-visa-2026-guide,/blog/riyadh-metro-vs-taxi,0.0264
/blog/saudi-tourist-visa-2026-guide,/blog/alula-travel-guide-2026,0.0311
/blog/saudi-tourist-visa-2026-guide,/blog/king-salman-airport-transfers-guide,0.0309
/blog/saudi-tourist-visa-2026-guide,/blog/transportation-mistakes-pilgrims,0.0208
/blog/saudi-tourist-visa-2026-guide,/blog/miqat-locations-for-umrah,0.0186
/blog/saudi-tourist-visa-2026-guide,/blog/new-saudi-umrah-visa-rules-2026,0.0214
/blog/saudi-tourist-visa-2026-guide,/blog/vip-transfer-jeddah-airport-to-makkah,0.0196
/blog/saudi-tourist-visa-2026-guide,/blog/makkah-madinah-train-vs-taxi,0.0185
/blog/saudi-tourist-visa-2026-guide,/blog/umrah-with-children,0.0187
/blog/saudi-tourist-visa-2026-guide,/blog/how-to-travel-between-makkah-madinah-jeddah,0.0210
/blog/saudi-tourist-visa-2026-guide,/blog/umrah-for-elderly-pilgrims,0.0182
/blog/saudi-tourist-visa-2026-guide,/blog/complete-guide-to-masjid-al-haram,0.0226
/blog/saudi-tourist-visa-2026-guide,/blog/common-questions-first-time-umrah-pilgrims,0.0210
/blog/saudi-tourist-visa-2026-guide,/blog/jeddah-airport-arrival-guide-umrah,0.0215
/blog/saudi-tourist-visa-2026-guide,/blog/saudi-arabia-entry-requirements-pilgrims-2026,0.0261
/blog/saudi-tourist-visa-2026-guide,/blog/essential-duas-for-umrah-and-hajj,0.0208
/blog/saudi-tourist-visa-2026-guide,/blog/difference-between-hajj-and-umrah,0.0208
/blog/saudi-tourist-visa-2026-guide,/blog/first-time-visiting-makkah-guide,0.0231
/blog/saudi-tourist-visa-2026-guide,/blog/first-time-visiting-madinah-guide,0.0206
/blog/saudi-tourist-visa-2026-guide,/blog/best-time-to-perform-umrah-2026,0.0204
/blog/saudi-tourist-visa-2026-guide,/blog/madinah-ziyarat-historic-sites-guide,0.0195
/blog/saudi-tourist-visa-2026-guide,/blog/what-to-pack-for-umrah-checklist,0.0200
/blog/saudi-tourist-visa-2026-guide,/blog/main-rituals-of-hajj-explained,0.0197
/blog/saudi-tourist-visa-2026-guide,/blog/common-mistakes-to-avoid-during-umrah,0.0201
/blog/saudi-tourist-visa-2026-guide,/blog/umrah-transport-makkah-madinah-guide,0.0257
/blog/saudi-tourist-visa-2026-guide,/blog/riyadh-to-dammam-taxi-guide,0.0267
/blog/saudi-tourist-visa-2026-guide,/blog/how-to-perform-umrah-step-by-step-guide,0.0199
/blog/saudi-tourist-visa-2026-guide,/blog/saudi-to-bahrain-taxi-king-fahd-causeway,0.0266
/blog/saudi-tourist-visa-2026-guide,/blog/saudi-arabia-intercity-taxi-services-guide,0.0289
/blog/saudi-tourist-visa-2026-guide,/blog/makkah-to-madinah-private-taxi-guide,0.0253
/blog/saudi-tourist-visa-2026-guide,/blog/riyadh-airport-transfer-business-travelers,0.0262
/blog/saudi-tourist-visa-2026-guide,/blog/jeddah-to-taif-taxi-guide,0.0291
/blog/saudi-tourist-visa-2026-guide,/blog/top-tourist-destinations-private-taxi-saudi-arabia,0.0292
/blog/saudi-tourist-visa-2026-guide,/blog/taxi-cost-saudi-arabia-price-guide,0.0476
/blog/saudi-tourist-visa-2026-guide,/blog/jeddah-airport-to-makkah-taxi-service-guide,0.0236
/blog/can-tourists-drive-in-saudi-arabia,/blog/jeddah-season-2026-events-attractions-guide,0.0390
/blog/can-tourists-drive-in-saudi-arabia,/blog/saudi-school-public-holidays-2027,0.0378
/blog/can-tourists-drive-in-saudi-arabia,/blog/best-places-to-visit-taif-summer,0.0276
/blog/can-tourists-drive-in-saudi-arabia,/blog/saudi-national-day-2026-best-cities,0.0392
/blog/can-tourists-drive-in-saudi-arabia,/blog/fifa-world-cup-2034-saudi-arabia-travel-planning,0.0478
/blog/can-tourists-drive-in-saudi-arabia,/blog/riyadh-expo-2030-preparations,0.0355
/blog/can-tourists-drive-in-saudi-arabia,/blog/saudi-arabia-tourism-projects-2027,0.0581
/blog/can-tourists-drive-in-saudi-arabia,/blog/hajj-2027-registration-permit-updates,0.0233
/blog/can-tourists-drive-in-saudi-arabia,/blog/nusuk-app-umrah-guide,0.0229
/blog/can-tourists-drive-in-saudi-arabia,/blog/cost-of-umrah-trip-2026,0.0227
/blog/can-tourists-drive-in-saudi-arabia,/blog/private-chauffeur-vs-ride-hailing-saudi-arabia,0.0364
/blog/can-tourists-drive-in-saudi-arabia,/blog/solo-female-pilgrim-travel-saudi-arabia,0.0251
/blog/can-tourists-drive-in-saudi-arabia,/blog/ramadan-2026-makkah-transport-guide,0.0260
/blog/can-tourists-drive-in-saudi-arabia,/blog/riyadh-metro-vs-taxi,0.0325
/blog/can-tourists-drive-in-saudi-arabia,/blog/alula-travel-guide-2026,0.0355
/blog/can-tourists-drive-in-saudi-arabia,/blog/king-salman-airport-transfers-guide,0.0367
/blog/can-tourists-drive-in-saudi-arabia,/blog/transportation-mistakes-pilgrims,0.0235
/blog/can-tourists-drive-in-saudi-arabia,/blog/miqat-locations-for-umrah,0.0211
/blog/can-tourists-drive-in-saudi-arabia,/blog/new-saudi-umrah-visa-rules-2026,0.0231
/blog/can-tourists-drive-in-saudi-arabia,/blog/vip-transfer-jeddah-airport-to-makkah,0.0228
/blog/can-tourists-drive-in-saudi-arabia,/blog/makkah-madinah-train-vs-taxi,0.0209
/blog/can-tourists-drive-in-saudi-arabia,/blog/umrah-with-children,0.0209
/blog/can-tourists-drive-in-saudi-arabia,/blog/how-to-travel-between-makkah-madinah-jeddah,0.0235
/blog/can-tourists-drive-in-saudi-arabia,/blog/umrah-for-elderly-pilgrims,0.0205
/blog/can-tourists-drive-in-saudi-arabia,/blog/complete-guide-to-masjid-al-haram,0.0259
/blog/can-tourists-drive-in-saudi-arabia,/blog/common-questions-first-time-umrah-pilgrims,0.0241
/blog/can-tourists-drive-in-saudi-arabia,/blog/jeddah-airport-arrival-guide-umrah,0.0233
/blog/can-tourists-drive-in-saudi-arabia,/blog/saudi-arabia-entry-requirements-pilgrims-2026,0.0283
/blog/can-tourists-drive-in-saudi-arabia,/blog/essential-duas-for-umrah-and-hajj,0.0239
/blog/can-tourists-drive-in-saudi-arabia,/blog/difference-between-hajj-and-umrah,0.0236
/blog/can-tourists-drive-in-saudi-arabia,/blog/first-time-visiting-makkah-guide,0.0262
/blog/can-tourists-drive-in-saudi-arabia,/blog/first-time-visiting-madinah-guide,0.0365
/blog/can-tourists-drive-in-saudi-arabia,/blog/best-time-to-perform-umrah-2026,0.0234
/blog/can-tourists-drive-in-saudi-arabia,/blog/madinah-ziyarat-historic-sites-guide,0.0226
/blog/can-tourists-drive-in-saudi-arabia,/blog/what-to-pack-for-umrah-checklist,0.0215
/blog/can-tourists-drive-in-saudi-arabia,/blog/main-rituals-of-hajj-explained,0.0222
/blog/can-tourists-drive-in-saudi-arabia,/blog/common-mistakes-to-avoid-during-umrah,0.0222
/blog/can-tourists-drive-in-saudi-arabia,/blog/umrah-transport-makkah-madinah-guide,0.0315
/blog/can-tourists-drive-in-saudi-arabia,/blog/riyadh-to-dammam-taxi-guide,0.0339
/blog/can-tourists-drive-in-saudi-arabia,/blog/how-to-perform-umrah-step-by-step-guide,0.0221
/blog/can-tourists-drive-in-saudi-arabia,/blog/saudi-to-bahrain-taxi-king-fahd-causeway,0.0319
/blog/can-tourists-drive-in-saudi-arabia,/blog/saudi-arabia-intercity-taxi-services-guide,0.0388
/blog/can-tourists-drive-in-saudi-arabia,/blog/makkah-to-madinah-private-taxi-guide,0.0317
/blog/can-tourists-drive-in-saudi-arabia,/blog/riyadh-airport-transfer-business-travelers,0.0319
/blog/can-tourists-drive-in-saudi-arabia,/blog/jeddah-to-taif-taxi-guide,0.0374
/blog/can-tourists-drive-in-saudi-arabia,/blog/top-tourist-destinations-private-taxi-saudi-arabia,0.0828
/blog/can-tourists-drive-in-saudi-arabia,/blog/taxi-cost-saudi-arabia-price-guide,0.0370
/blog/can-tourists-drive-in-saudi-arabia,/blog/jeddah-airport-to-makkah-taxi-service-guide,0.0287
/blog/jeddah-season-2026-events-attractions-guide,/blog/saudi-school-public-holidays-2027,0.0302
/blog/jeddah-season-2026-events-attractions-guide,/blog/best-places-to-visit-taif-summer,0.0271
/blog/jeddah-season-2026-events-attractions-guide,/blog/saudi-national-day-2026-best-cities,0.0473
/blog/jeddah-season-2026-events-attractions-guide,/blog/fifa-world-cup-2034-saudi-arabia-travel-planning,0.0298
/blog/jeddah-season-2026-events-attractions-guide,/blog/riyadh-expo-2030-preparations,0.0344
/blog/jeddah-season-2026-events-attractions-guide,/blog/saudi-arabia-tourism-projects-2027,0.0523
/blog/jeddah-season-2026-events-attractions-guide,/blog/hajj-2027-registration-permit-updates,0.0199
/blog/jeddah-season-2026-events-attractions-guide,/blog/nusuk-app-umrah-guide,0.0181
/blog/jeddah-season-2026-events-attractions-guide,/blog/cost-of-umrah-trip-2026,0.0166
/blog/jeddah-season-2026-events-attractions-guide,/blog/private-chauffeur-vs-ride-hailing-saudi-arabia,0.0265
/blog/jeddah-season-2026-events-attractions-guide,/blog/solo-female-pilgrim-travel-saudi-arabia,0.0195
/blog/jeddah-season-2026-events-attractions-guide,/blog/ramadan-2026-makkah-transport-guide,0.0207
/blog/jeddah-season-2026-events-attractions-guide,/blog/riyadh-metro-vs-taxi,0.0237
/blog/jeddah-season-2026-events-attractions-guide,/blog/alula-travel-guide-2026,0.0262
/blog/jeddah-season-2026-events-attractions-guide,/blog/king-salman-airport-transfers-guide,0.0270
/blog/jeddah-season-2026-events-attractions-guide,/blog/transportation-mistakes-pilgrims,0.0182
/blog/jeddah-season-2026-events-attractions-guide,/blog/miqat-locations-for-umrah,0.0167
/blog/jeddah-season-2026-events-attractions-guide,/blog/new-saudi-umrah-visa-rules-2026,0.0168
/blog/jeddah-season-2026-events-attractions-guide,/blog/vip-transfer-jeddah-airport-to-makkah,0.0169
/blog/jeddah-season-2026-events-attractions-guide,/blog/makkah-madinah-train-vs-taxi,0.0165
/blog/jeddah-season-2026-events-attractions-guide,/blog/umrah-with-children,0.0162
/blog/jeddah-season-2026-events-attractions-guide,/blog/how-to-travel-between-makkah-madinah-jeddah,0.0182
/blog/jeddah-season-2026-events-attractions-guide,/blog/umrah-for-elderly-pilgrims,0.0162
/blog/jeddah-season-2026-events-attractions-guide,/blog/complete-guide-to-masjid-al-haram,0.0198
/blog/jeddah-season-2026-events-attractions-guide,/blog/common-questions-first-time-umrah-pilgrims,0.0181
/blog/jeddah-season-2026-events-attractions-guide,/blog/jeddah-airport-arrival-guide-umrah,0.0182
/blog/jeddah-season-2026-events-attractions-guide,/blog/saudi-arabia-entry-requirements-pilgrims-2026,0.0201
/blog/jeddah-season-2026-events-attractions-guide,/blog/essential-duas-for-umrah-and-hajj,0.0180
/blog/jeddah-season-2026-events-attractions-guide,/blog/difference-between-hajj-and-umrah,0.0180
/blog/jeddah-season-2026-events-attractions-guide,/blog/first-time-visiting-makkah-guide,0.0204
/blog/jeddah-season-2026-events-attractions-guide,/blog/first-time-visiting-madinah-guide,0.0274
/blog/jeddah-season-2026-events-attractions-guide,/blog/best-time-to-perform-umrah-2026,0.0188
/blog/jeddah-season-2026-events-attractions-guide,/blog/madinah-ziyarat-historic-sites-guide,0.0179
/blog/jeddah-season-2026-events-attractions-guide,/blog/what-to-pack-for-umrah-checklist,0.0168
/blog/jeddah-season-2026-events-attractions-guide,/blog/main-rituals-of-hajj-explained,0.0172
/blog/jeddah-season-2026-events-attractions-guide,/blog/common-mistakes-to-avoid-during-umrah,0.0172
/blog/jeddah-season-2026-events-attractions-guide,/blog/umrah-transport-makkah-madinah-guide,0.0220
/blog/jeddah-season-2026-events-attractions-guide,/blog/riyadh-to-dammam-taxi-guide,0.0228
/blog/jeddah-season-2026-events-attractions-guide,/blog/how-to-perform-umrah-step-by-step-guide,0.0177
/blog/jeddah-season-2026-events-attractions-guide,/blog/saudi-to-bahrain-taxi-king-fahd-causeway,0.0223
/blog/jeddah-season-2026-events-attractions-guide,/blog/saudi-arabia-intercity-taxi-services-guide,0.0273
/blog/jeddah-season-2026-events-attractions-guide,/blog/makkah-to-madinah-private-taxi-guide,0.0220
/blog/jeddah-season-2026-events-attractions-guide,/blog/riyadh-airport-transfer-business-travelers,0.0222
/blog/jeddah-season-2026-events-attractions-guide,/blog/jeddah-to-taif-taxi-guide,0.0253
/blog/jeddah-season-2026-events-attractions-guide,/blog/top-tourist-destinations-private-taxi-saudi-arabia,0.0448
/blog/jeddah-season-2026-events-attractions-guide,/blog/taxi-cost-saudi-arabia-price-guide,0.0264
/blog/jeddah-season-2026-events-attractions-guide,/blog/jeddah-airport-to-makkah-taxi-service-guide,0.0213
/blog/saudi-school-public-holidays-2027,/blog/best-places-to-visit-taif-summer,0.0265
/blog/saudi-school-public-holidays-2027,/blog/saudi-national-day-2026-best-cities,0.0411
/blog/saudi-school-public-holidays-2027,/blog/fifa-world-cup-2034-saudi-arabia-travel-planning,0.0417
/blog/saudi-school-public-holidays-2027,/blog/riyadh-expo-2030-preparations,0.0347
/blog/saudi-school-public-holidays-2027,/blog/saudi-arabia-tourism-projects-2027,0.0384
/blog/saudi-school-public-holidays-2027,/blog/hajj-2027-registration-permit-updates,0.0232
/blog/saudi-school-public-holidays-2027,/blog/nusuk-app-umrah-guide,0.0219
/blog/saudi-school-public-holidays-2027,/blog/cost-of-umrah-trip-2026,0.0217
/blog/saudi-school-public-holidays-2027,/blog/private-chauffeur-vs-ride-hailing-saudi-arabia,0.0346
/blog/saudi-school-public-holidays-2027,/blog/solo-female-pilgrim-travel-saudi-arabia,0.0237
/blog/saudi-school-public-holidays-2027,/blog/ramadan-2026-makkah-transport-guide,0.0248
/blog/saudi-school-public-holidays-2027,/blog/riyadh-metro-vs-taxi,0.0308
/blog/saudi-school-public-holidays-2027,/blog/alula-travel-guide-2026,0.0336
/blog/saudi-school-public-holidays-2027,/blog/king-salman-airport-transfers-guide,0.0347
/blog/saudi-school-public-holidays-2027,/blog/transportation-mistakes-pilgrims,0.0229
/blog/saudi-school-public-holidays-2027,/blog/miqat-locations-for-umrah,0.0208
/blog/saudi-school-public-holidays-2027,/blog/new-saudi-umrah-visa-rules-2026,0.0216
/blog/saudi-school-public-holidays-2027,/blog/vip-transfer-jeddah-airport-to-makkah,0.0213
/blog/saudi-school-public-holidays-2027,/blog/makkah-madinah-train-vs-taxi,0.0200
/blog/saudi-school-public-holidays-2027,/blog/umrah-with-children,0.0202
/blog/saudi-school-public-holidays-2027,/blog/how-to-travel-between-makkah-madinah-jeddah,0.0224
/blog/saudi-school-public-holidays-2027,/blog/umrah-for-elderly-pilgrims,0.0199
/blog/saudi-school-public-holidays-2027,/blog/complete-guide-to-masjid-al-haram,0.0253
/blog/saudi-school-public-holidays-2027,/blog/common-questions-first-time-umrah-pilgrims,0.0232
/blog/saudi-school-public-holidays-2027,/blog/jeddah-airport-arrival-guide-umrah,0.0227
/blog/saudi-school-public-holidays-2027,/blog/saudi-arabia-entry-requirements-pilgrims-2026,0.0254
/blog/saudi-school-public-holidays-2027,/blog/essential-duas-for-umrah-and-hajj,0.0225
/blog/saudi-school-public-holidays-2027,/blog/difference-between-hajj-and-umrah,0.0225
/blog/saudi-school-public-holidays-2027,/blog/first-time-visiting-makkah-guide,0.0252
/blog/saudi-school-public-holidays-2027,/blog/first-time-visiting-madinah-guide,0.0230
/blog/saudi-school-public-holidays-2027,/blog/best-time-to-perform-umrah-2026,0.0239
/blog/saudi-school-public-holidays-2027,/blog/madinah-ziyarat-historic-sites-guide,0.0218
/blog/saudi-school-public-holidays-2027,/blog/what-to-pack-for-umrah-checklist,0.0204
/blog/saudi-school-public-holidays-2027,/blog/main-rituals-of-hajj-explained,0.0212
/blog/saudi-school-public-holidays-2027,/blog/common-mistakes-to-avoid-during-umrah,0.0219
/blog/saudi-school-public-holidays-2027,/blog/umrah-transport-makkah-madinah-guide,0.0291
/blog/saudi-school-public-holidays-2027,/blog/riyadh-to-dammam-taxi-guide,0.0299
/blog/saudi-school-public-holidays-2027,/blog/how-to-perform-umrah-step-by-step-guide,0.0211
/blog/saudi-school-public-holidays-2027,/blog/saudi-to-bahrain-taxi-king-fahd-causeway,0.0292
/blog/saudi-school-public-holidays-2027,/blog/saudi-arabia-intercity-taxi-services-guide,0.0328
/blog/saudi-school-public-holidays-2027,/blog/makkah-to-madinah-private-taxi-guide,0.0282
/blog/saudi-school-public-holidays-2027,/blog/riyadh-airport-transfer-business-travelers,0.0286
/blog/saudi-school-public-holidays-2027,/blog/jeddah-to-taif-taxi-guide,0.0333
/blog/saudi-school-public-holidays-2027,/blog/top-tourist-destinations-private-taxi-saudi-arabia,0.0319
/blog/saudi-school-public-holidays-2027,/blog/taxi-cost-saudi-arabia-price-guide,0.0327
/blog/saudi-school-public-holidays-2027,/blog/jeddah-airport-to-makkah-taxi-service-guide,0.0258
/blog/best-places-to-visit-taif-summer,/blog/saudi-national-day-2026-best-cities,0.0280
/blog/best-places-to-visit-taif-summer,/blog/fifa-world-cup-2034-saudi-arabia-travel-planning,0.0261
/blog/best-places-to-visit-taif-summer,/blog/riyadh-expo-2030-preparations,0.0241
/blog/best-places-to-visit-taif-summer,/blog/saudi-arabia-tourism-projects-2027,0.0259
/blog/best-places-to-visit-taif-summer,/blog/hajj-2027-registration-permit-updates,0.0179
/blog/best-places-to-visit-taif-summer,/blog/nusuk-app-umrah-guide,0.0185
/blog/best-places-to-visit-taif-summer,/blog/cost-of-umrah-trip-2026,0.0165
/blog/best-places-to-visit-taif-summer,/blog/private-chauffeur-vs-ride-hailing-saudi-arabia,0.0255
/blog/best-places-to-visit-taif-summer,/blog/solo-female-pilgrim-travel-saudi-arabia,0.0200
/blog/best-places-to-visit-taif-summer,/blog/ramadan-2026-makkah-transport-guide,0.0183
/blog/best-places-to-visit-taif-summer,/blog/riyadh-metro-vs-taxi,0.0228
/blog/best-places-to-visit-taif-summer,/blog/alula-travel-guide-2026,0.0591
/blog/best-places-to-visit-taif-summer,/blog/king-salman-airport-transfers-guide,0.0255
/blog/best-places-to-visit-taif-summer,/blog/transportation-mistakes-pilgrims,0.0180
/blog/best-places-to-visit-taif-summer,/blog/miqat-locations-for-umrah,0.0160
/blog/best-places-to-visit-taif-summer,/blog/new-saudi-umrah-visa-rules-2026,0.0169
/blog/best-places-to-visit-taif-summer,/blog/vip-transfer-jeddah-airport-to-makkah,0.0165
/blog/best-places-to-visit-taif-summer,/blog/makkah-madinah-train-vs-taxi,0.0162
/blog/best-places-to-visit-taif-summer,/blog/umrah-with-children,0.0161
/blog/best-places-to-visit-taif-summer,/blog/how-to-travel-between-makkah-madinah-jeddah,0.0175
/blog/best-places-to-visit-taif-summer,/blog/umrah-for-elderly-pilgrims,0.0159
/blog/best-places-to-visit-taif-summer,/blog/complete-guide-to-masjid-al-haram,0.0196
/blog/best-places-to-visit-taif-summer,/blog/common-questions-first-time-umrah-pilgrims,0.0181
/blog/best-places-to-visit-taif-summer,/blog/jeddah-airport-arrival-guide-umrah,0.0186
/blog/best-places-to-visit-taif-summer,/blog/saudi-arabia-entry-requirements-pilgrims-2026,0.0201
/blog/best-places-to-visit-taif-summer,/blog/essential-duas-for-umrah-and-hajj,0.0176
/blog/best-places-to-visit-taif-summer,/blog/difference-between-hajj-and-umrah,0.0173
/blog/best-places-to-visit-taif-summer,/blog/first-time-visiting-makkah-guide,0.0203
/blog/best-places-to-visit-taif-summer,/blog/first-time-visiting-madinah-guide,0.0180
/blog/best-places-to-visit-taif-summer,/blog/best-time-to-perform-umrah-2026,0.0173
/blog/best-places-to-visit-taif-summer,/blog/madinah-ziyarat-historic-sites-guide,0.0185
/blog/best-places-to-visit-taif-summer,/blog/what-to-pack-for-umrah-checklist,0.0168
/blog/best-places-to-visit-taif-summer,/blog/main-rituals-of-hajj-explained,0.0167
/blog/best-places-to-visit-taif-summer,/blog/common-mistakes-to-avoid-during-umrah,0.0165
/blog/best-places-to-visit-taif-summer,/blog/umrah-transport-makkah-madinah-guide,0.0233
/blog/best-places-to-visit-taif-summer,/blog/riyadh-to-dammam-taxi-guide,0.0215
/blog/best-places-to-visit-taif-summer,/blog/how-to-perform-umrah-step-by-step-guide,0.0170
/blog/best-places-to-visit-taif-summer,/blog/saudi-to-bahrain-taxi-king-fahd-causeway,0.0219
/blog/best-places-to-visit-taif-summer,/blog/saudi-arabia-intercity-taxi-services-guide,0.0232
/blog/best-places-to-visit-taif-summer,/blog/makkah-to-madinah-private-taxi-guide,0.0212
/blog/best-places-to-visit-taif-summer,/blog/riyadh-airport-transfer-business-travelers,0.0217
/blog/best-places-to-visit-taif-summer,/blog/jeddah-to-taif-taxi-guide,0.0249
/blog/best-places-to-visit-taif-summer,/blog/top-tourist-destinations-private-taxi-saudi-arabia,0.0244
/blog/best-places-to-visit-taif-summer,/blog/taxi-cost-saudi-arabia-price-guide,0.0230
/blog/best-places-to-visit-taif-summer,/blog/jeddah-airport-to-makkah-taxi-service-guide,0.0204
/blog/saudi-national-day-2026-best-cities,/blog/fifa-world-cup-2034-saudi-arabia-travel-planning,0.0492
/blog/saudi-national-day-2026-best-cities,/blog/riyadh-expo-2030-preparations,0.0476
/blog/saudi-national-day-2026-best-cities,/blog/saudi-arabia-tourism-projects-2027,0.0469
/blog/saudi-national-day-2026-best-cities,/blog/hajj-2027-registration-permit-updates,0.0236
/blog/saudi-national-day-2026-best-cities,/blog/nusuk-app-umrah-guide,0.0230
/blog/saudi-national-day-2026-best-cities,/blog/cost-of-umrah-trip-2026,0.0219
/blog/saudi-national-day-2026-best-cities,/blog/private-chauffeur-vs-ride-hailing-saudi-arabia,0.0356
/blog/saudi-national-day-2026-best-cities,/blog/solo-female-pilgrim-travel-saudi-arabia,0.0253
/blog/saudi-national-day-2026-best-cities,/blog/ramadan-2026-makkah-transport-guide,0.0261
/blog/saudi-national-day-2026-best-cities,/blog/riyadh-metro-vs-taxi,0.0310
/blog/saudi-national-day-2026-best-cities,/blog/alula-travel-guide-2026,0.0348
/blog/saudi-national-day-2026-best-cities,/blog/king-salman-airport-transfers-guide,0.0361
/blog/saudi-national-day-2026-best-cities,/blog/transportation-mistakes-pilgrims,0.0235
/blog/saudi-national-day-2026-best-cities,/blog/miqat-locations-for-umrah,0.0210
/blog/saudi-national-day-2026-best-cities,/blog/new-saudi-umrah-visa-rules-2026,0.0221
/blog/saudi-national-day-2026-best-cities,/blog/vip-transfer-jeddah-airport-to-makkah,0.0222
/blog/saudi-national-day-2026-best-cities,/blog/makkah-madinah-train-vs-taxi,0.0214
/blog/saudi-national-day-2026-best-cities,/blog/umrah-with-children,0.0208
/blog/saudi-national-day-2026-best-cities,/blog/how-to-travel-between-makkah-madinah-jeddah,0.0241
/blog/saudi-national-day-2026-best-cities,/blog/umrah-for-elderly-pilgrims,0.0207
/blog/saudi-national-day-2026-best-cities,/blog/complete-guide-to-masjid-al-haram,0.0258
/blog/saudi-national-day-2026-best-cities,/blog/common-questions-first-time-umrah-pilgrims,0.0241
/blog/saudi-national-day-2026-best-cities,/blog/jeddah-airport-arrival-guide-umrah,0.0239
/blog/saudi-national-day-2026-best-cities,/blog/saudi-arabia-entry-requirements-pilgrims-2026,0.0264
/blog/saudi-national-day-2026-best-cities,/blog/essential-duas-for-umrah-and-hajj,0.0237
/blog/saudi-national-day-2026-best-cities,/blog/difference-between-hajj-and-umrah,0.0234
/blog/saudi-national-day-2026-best-cities,/blog/first-time-visiting-makkah-guide,0.0271
/blog/saudi-national-day-2026-best-cities,/blog/first-time-visiting-madinah-guide,0.0249
/blog/saudi-national-day-2026-best-cities,/blog/best-time-to-perform-umrah-2026,0.0241
/blog/saudi-national-day-2026-best-cities,/blog/madinah-ziyarat-historic-sites-guide,0.0224
/blog/saudi-national-day-2026-best-cities,/blog/what-to-pack-for-umrah-checklist,0.0205
/blog/saudi-national-day-2026-best-cities,/blog/main-rituals-of-hajj-explained,0.0216
/blog/saudi-national-day-2026-best-cities,/blog/common-mistakes-to-avoid-during-umrah,0.0216
/blog/saudi-national-day-2026-best-cities,/blog/umrah-transport-makkah-madinah-guide,0.0301
/blog/saudi-national-day-2026-best-cities,/blog/riyadh-to-dammam-taxi-guide,0.0319
/blog/saudi-national-day-2026-best-cities,/blog/how-to-perform-umrah-step-by-step-guide,0.0215
/blog/saudi-national-day-2026-best-cities,/blog/saudi-to-bahrain-taxi-king-fahd-causeway,0.0298
/blog/saudi-national-day-2026-best-cities,/blog/saudi-arabia-intercity-taxi-services-guide,0.0335
/blog/saudi-national-day-2026-best-cities,/blog/makkah-to-madinah-private-taxi-guide,0.0288
/blog/saudi-national-day-2026-best-cities,/blog/riyadh-airport-transfer-business-travelers,0.0287
/blog/saudi-national-day-2026-best-cities,/blog/jeddah-to-taif-taxi-guide,0.0356
/blog/saudi-national-day-2026-best-cities,/blog/top-tourist-destinations-private-taxi-saudi-arabia,0.0356
/blog/saudi-national-day-2026-best-cities,/blog/taxi-cost-saudi-arabia-price-guide,0.0325
/blog/saudi-national-day-2026-best-cities,/blog/jeddah-airport-to-makkah-taxi-service-guide,0.0267
/blog/fifa-world-cup-2034-saudi-arabia-travel-planning,/blog/riyadh-expo-2030-preparations,0.0580
/blog/fifa-world-cup-2034-saudi-arabia-travel-planning,/blog/saudi-arabia-tourism-projects-2027,0.0368
/blog/fifa-world-cup-2034-saudi-arabia-travel-planning,/blog/hajj-2027-registration-permit-updates,0.0243
/blog/fifa-world-cup-2034-saudi-arabia-travel-planning,/blog/nusuk-app-umrah-guide,0.0217
/blog/fifa-world-cup-2034-saudi-arabia-travel-planning,/blog/cost-of-umrah-trip-2026,0.0210
/blog/fifa-world-cup-2034-saudi-arabia-travel-planning,/blog/private-chauffeur-vs-ride-hailing-saudi-arabia,0.0346
/blog/fifa-world-cup-2034-saudi-arabia-travel-planning,/blog/solo-female-pilgrim-travel-saudi-arabia,0.0235
/blog/fifa-world-cup-2034-saudi-arabia-travel-planning,/blog/ramadan-2026-makkah-transport-guide,0.0243
/blog/fifa-world-cup-2034-saudi-arabia-travel-planning,/blog/riyadh-metro-vs-taxi,0.0306
/blog/fifa-world-cup-2034-saudi-arabia-travel-planning,/blog/alula-travel-guide-2026,0.0336
/blog/fifa-world-cup-2034-saudi-arabia-travel-planning,/blog/king-salman-airport-transfers-guide,0.0335
/blog/fifa-world-cup-2034-saudi-arabia-travel-planning,/blog/transportation-mistakes-pilgrims,0.0225
/blog/fifa-world-cup-2034-saudi-arabia-travel-planning,/blog/miqat-locations-for-umrah,0.0204
/blog/fifa-world-cup-2034-saudi-arabia-travel-planning,/blog/new-saudi-umrah-visa-rules-2026,0.0219
/blog/fifa-world-cup-2034-saudi-arabia-travel-planning,/blog/vip-transfer-jeddah-airport-to-makkah,0.0213
/blog/fifa-world-cup-2034-saudi-arabia-travel-planning,/blog/makkah-madinah-train-vs-taxi,0.0200
/blog/fifa-world-cup-2034-saudi-arabia-travel-planning,/blog/umrah-with-children,0.0198
/blog/fifa-world-cup-2034-saudi-arabia-travel-planning,/blog/how-to-travel-between-makkah-madinah-jeddah,0.0224
/blog/fifa-world-cup-2034-saudi-arabia-travel-planning,/blog/umrah-for-elderly-pilgrims,0.0195
/blog/fifa-world-cup-2034-saudi-arabia-travel-planning,/blog/complete-guide-to-masjid-al-haram,0.0246
/blog/fifa-world-cup-2034-saudi-arabia-travel-planning,/blog/common-questions-first-time-umrah-pilgrims,0.0229
/blog/fifa-world-cup-2034-saudi-arabia-travel-planning,/blog/jeddah-airport-arrival-guide-umrah,0.0225
/blog/fifa-world-cup-2034-saudi-arabia-travel-planning,/blog/saudi-arabia-entry-requirements-pilgrims-2026,0.0251
/blog/fifa-world-cup-2034-saudi-arabia-travel-planning,/blog/essential-duas-for-umrah-and-hajj,0.0230
/blog/fifa-world-cup-2034-saudi-arabia-travel-planning,/blog/difference-between-hajj-and-umrah,0.0222
/blog/fifa-world-cup-2034-saudi-arabia-travel-planning,/blog/first-time-visiting-makkah-guide,0.0252
/blog/fifa-world-cup-2034-saudi-arabia-travel-planning,/blog/first-time-visiting-madinah-guide,0.0235
/blog/fifa-world-cup-2034-saudi-arabia-travel-planning,/blog/best-time-to-perform-umrah-2026,0.0225
/blog/fifa-world-cup-2034-saudi-arabia-travel-planning,/blog/madinah-ziyarat-historic-sites-guide,0.0209
/blog/fifa-world-cup-2034-saudi-arabia-travel-planning,/blog/what-to-pack-for-umrah-checklist,0.0204
/blog/fifa-world-cup-2034-saudi-arabia-travel-planning,/blog/main-rituals-of-hajj-explained,0.0212
/blog/fifa-world-cup-2034-saudi-arabia-travel-planning,/blog/common-mistakes-to-avoid-during-umrah,0.0212
/blog/fifa-world-cup-2034-saudi-arabia-travel-planning,/blog/umrah-transport-makkah-madinah-guide,0.0288
/blog/fifa-world-cup-2034-saudi-arabia-travel-planning,/blog/riyadh-to-dammam-taxi-guide,0.0309
/blog/fifa-world-cup-2034-saudi-arabia-travel-planning,/blog/how-to-perform-umrah-step-by-step-guide,0.0216
/blog/fifa-world-cup-2034-saudi-arabia-travel-planning,/blog/saudi-to-bahrain-taxi-king-fahd-causeway,0.0295
/blog/fifa-world-cup-2034-saudi-arabia-travel-planning,/blog/saudi-arabia-intercity-taxi-services-guide,0.0322
/blog/fifa-world-cup-2034-saudi-arabia-travel-planning,/blog/makkah-to-madinah-private-taxi-guide,0.0285
/blog/fifa-world-cup-2034-saudi-arabia-travel-planning,/blog/riyadh-airport-transfer-business-travelers,0.0289
/blog/fifa-world-cup-2034-saudi-arabia-travel-planning,/blog/jeddah-to-taif-taxi-guide,0.0333
/blog/fifa-world-cup-2034-saudi-arabia-travel-planning,/blog/top-tourist-destinations-private-taxi-saudi-arabia,0.0334
/blog/fifa-world-cup-2034-saudi-arabia-travel-planning,/blog/taxi-cost-saudi-arabia-price-guide,0.0315
/blog/fifa-world-cup-2034-saudi-arabia-travel-planning,/blog/jeddah-airport-to-makkah-taxi-service-guide,0.0270
/blog/riyadh-expo-2030-preparations,/blog/saudi-arabia-tourism-projects-2027,0.0426
/blog/riyadh-expo-2030-preparations,/blog/hajj-2027-registration-permit-updates,0.0248
/blog/riyadh-expo-2030-preparations,/blog/nusuk-app-umrah-guide,0.0220
/blog/riyadh-expo-2030-preparations,/blog/cost-of-umrah-trip-2026,0.0203
/blog/riyadh-expo-2030-preparations,/blog/private-chauffeur-vs-ride-hailing-saudi-arabia,0.0312
/blog/riyadh-expo-2030-preparations,/blog/solo-female-pilgrim-travel-saudi-arabia,0.0211
/blog/riyadh-expo-2030-preparations,/blog/ramadan-2026-makkah-transport-guide,0.0213
/blog/riyadh-expo-2030-preparations,/blog/riyadh-metro-vs-taxi,0.0324
/blog/riyadh-expo-2030-preparations,/blog/alula-travel-guide-2026,0.0303
/blog/riyadh-expo-2030-preparations,/blog/king-salman-airport-transfers-guide,0.0333
/blog/riyadh-expo-2030-preparations,/blog/transportation-mistakes-pilgrims,0.0196
/blog/riyadh-expo-2030-preparations,/blog/miqat-locations-for-umrah,0.0199
/blog/riyadh-expo-2030-preparations,/blog/new-saudi-umrah-visa-rules-2026,0.0206
/blog/riyadh-expo-2030-preparations,/blog/vip-transfer-jeddah-airport-to-makkah,0.0207
/blog/riyadh-expo-2030-preparations,/blog/makkah-madinah-train-vs-taxi,0.0193
/blog/riyadh-expo-2030-preparations,/blog/umrah-with-children,0.0193
/blog/riyadh-expo-2030-preparations,/blog/how-to-travel-between-makkah-madinah-jeddah,0.0232
/blog/riyadh-expo-2030-preparations,/blog/umrah-for-elderly-pilgrims,0.0190
/blog/riyadh-expo-2030-preparations,/blog/complete-guide-to-masjid-al-haram,0.0219
/blog/riyadh-expo-2030-preparations,/blog/common-questions-first-time-umrah-pilgrims,0.0220
/blog/riyadh-expo-2030-preparations,/blog/jeddah-airport-arrival-guide-umrah,0.0225
/blog/riyadh-expo-2030-preparations,/blog/saudi-arabia-entry-requirements-pilgrims-2026,0.0218
/blog/riyadh-expo-2030-preparations,/blog/essential-duas-for-umrah-and-hajj,0.0225
/blog/riyadh-expo-2030-preparations,/blog/difference-between-hajj-and-umrah,0.0218
/blog/riyadh-expo-2030-preparations,/blog/first-time-visiting-makkah-guide,0.0219
/blog/riyadh-expo-2030-preparations,/blog/first-time-visiting-madinah-guide,0.0223
/blog/riyadh-expo-2030-preparations,/blog/best-time-to-perform-umrah-2026,0.0218
/blog/riyadh-expo-2030-preparations,/blog/madinah-ziyarat-historic-sites-guide,0.0208
/blog/riyadh-expo-2030-preparations,/blog/what-to-pack-for-umrah-checklist,0.0198
/blog/riyadh-expo-2030-preparations,/blog/main-rituals-of-hajj-explained,0.0206
/blog/riyadh-expo-2030-preparations,/blog/common-mistakes-to-avoid-during-umrah,0.0206
/blog/riyadh-expo-2030-preparations,/blog/umrah-transport-makkah-madinah-guide,0.0289
/blog/riyadh-expo-2030-preparations,/blog/riyadh-to-dammam-taxi-guide,0.0313
/blog/riyadh-expo-2030-preparations,/blog/how-to-perform-umrah-step-by-step-guide,0.0212
/blog/riyadh-expo-2030-preparations,/blog/saudi-to-bahrain-taxi-king-fahd-causeway,0.0318
/blog/riyadh-expo-2030-preparations,/blog/saudi-arabia-intercity-taxi-services-guide,0.0272
/blog/riyadh-expo-2030-preparations,/blog/makkah-to-madinah-private-taxi-guide,0.0269
/blog/riyadh-expo-2030-preparations,/blog/riyadh-airport-transfer-business-travelers,0.0306
/blog/riyadh-expo-2030-preparations,/blog/jeddah-to-taif-taxi-guide,0.0281
/blog/riyadh-expo-2030-preparations,/blog/top-tourist-destinations-private-taxi-saudi-arabia,0.0319
/blog/riyadh-expo-2030-preparations,/blog/taxi-cost-saudi-arabia-price-guide,0.0275
/blog/riyadh-expo-2030-preparations,/blog/jeddah-airport-to-makkah-taxi-service-guide,0.0258
/blog/saudi-arabia-tourism-projects-2027,/blog/hajj-2027-registration-permit-updates,0.0274
/blog/saudi-arabia-tourism-projects-2027,/blog/nusuk-app-umrah-guide,0.0218
/blog/saudi-arabia-tourism-projects-2027,/blog/cost-of-umrah-trip-2026,0.0225
/blog/saudi-arabia-tourism-projects-2027,/blog/private-chauffeur-vs-ride-hailing-saudi-arabia,0.0331
/blog/saudi-arabia-tourism-projects-2027,/blog/solo-female-pilgrim-travel-saudi-arabia,0.0236
/blog/saudi-arabia-tourism-projects-2027,/blog/ramadan-2026-makkah-transport-guide,0.0237
/blog/saudi-arabia-tourism-projects-2027,/blog/riyadh-metro-vs-taxi,0.0293
/blog/saudi-arabia-tourism-projects-2027,/blog/alula-travel-guide-2026,0.0347
/blog/saudi-arabia-tourism-projects-2027,/blog/king-salman-airport-transfers-guide,0.0330
/blog/saudi-arabia-tourism-projects-2027,/blog/transportation-mistakes-pilgrims,0.0224
/blog/saudi-arabia-tourism-projects-2027,/blog/miqat-locations-for-umrah,0.0202
/blog/saudi-arabia-tourism-projects-2027,/blog/new-saudi-umrah-visa-rules-2026,0.0214
/blog/saudi-arabia-tourism-projects-2027,/blog/vip-transfer-jeddah-airport-to-makkah,0.0215
/blog/saudi-arabia-tourism-projects-2027,/blog/makkah-madinah-train-vs-taxi,0.0198
/blog/saudi-arabia-tourism-projects-2027,/blog/umrah-with-children,0.0202
/blog/saudi-arabia-tourism-projects-2027,/blog/how-to-travel-between-makkah-madinah-jeddah,0.0230
/blog/saudi-arabia-tourism-projects-2027,/blog/umrah-for-elderly-pilgrims,0.0197
/blog/saudi-arabia-tourism-projects-2027,/blog/complete-guide-to-masjid-al-haram,0.0246
/blog/saudi-arabia-tourism-projects-2027,/blog/common-questions-first-time-umrah-pilgrims,0.0228
/blog/saudi-arabia-tourism-projects-2027,/blog/jeddah-airport-arrival-guide-umrah,0.0221
/blog/saudi-arabia-tourism-projects-2027,/blog/saudi-arabia-entry-requirements-pilgrims-2026,0.0249
/blog/saudi-arabia-tourism-projects-2027,/blog/essential-duas-for-umrah-and-hajj,0.0226
/blog/saudi-arabia-tourism-projects-2027,/blog/difference-between-hajj-and-umrah,0.0224
/blog/saudi-arabia-tourism-projects-2027,/blog/first-time-visiting-makkah-guide,0.0252
/blog/saudi-arabia-tourism-projects-2027,/blog/first-time-visiting-madinah-guide,0.0343
/blog/saudi-arabia-tourism-projects-2027,/blog/best-time-to-perform-umrah-2026,0.0224
/blog/saudi-arabia-tourism-projects-2027,/blog/madinah-ziyarat-historic-sites-guide,0.0205
/blog/saudi-arabia-tourism-projects-2027,/blog/what-to-pack-for-umrah-checklist,0.0199
/blog/saudi-arabia-tourism-projects-2027,/blog/main-rituals-of-hajj-explained,0.0205
/blog/saudi-arabia-tourism-projects-2027,/blog/common-mistakes-to-avoid-during-umrah,0.0205
/blog/saudi-arabia-tourism-projects-2027,/blog/umrah-transport-makkah-madinah-guide,0.0274
/blog/saudi-arabia-tourism-projects-2027,/blog/riyadh-to-dammam-taxi-guide,0.0300
/blog/saudi-arabia-tourism-projects-2027,/blog/how-to-perform-umrah-step-by-step-guide,0.0204
/blog/saudi-arabia-tourism-projects-2027,/blog/saudi-to-bahrain-taxi-king-fahd-causeway,0.0283
/blog/saudi-arabia-tourism-projects-2027,/blog/saudi-arabia-intercity-taxi-services-guide,0.0344
/blog/saudi-arabia-tourism-projects-2027,/blog/makkah-to-madinah-private-taxi-guide,0.0275
/blog/saudi-arabia-tourism-projects-2027,/blog/riyadh-airport-transfer-business-travelers,0.0276
/blog/saudi-arabia-tourism-projects-2027,/blog/jeddah-to-taif-taxi-guide,0.0328
/blog/saudi-arabia-tourism-projects-2027,/blog/top-tourist-destinations-private-taxi-saudi-arabia,0.0669
/blog/saudi-arabia-tourism-projects-2027,/blog/taxi-cost-saudi-arabia-price-guide,0.0317
/blog/saudi-arabia-tourism-projects-2027,/blog/jeddah-airport-to-makkah-taxi-service-guide,0.0250
/blog/hajj-2027-registration-permit-updates,/blog/nusuk-app-umrah-guide,0.0464
/blog/hajj-2027-registration-permit-updates,/blog/cost-of-umrah-trip-2026,0.0363
/blog/hajj-2027-registration-permit-updates,/blog/private-chauffeur-vs-ride-hailing-saudi-arabia,0.0214
/blog/hajj-2027-registration-permit-updates,/blog/solo-female-pilgrim-travel-saudi-arabia,0.0345
/blog/hajj-2027-registration-permit-updates,/blog/ramadan-2026-makkah-transport-guide,0.0429
/blog/hajj-2027-registration-permit-updates,/blog/riyadh-metro-vs-taxi,0.0204
/blog/hajj-2027-registration-permit-updates,/blog/alula-travel-guide-2026,0.0209
/blog/hajj-2027-registration-permit-updates,/blog/king-salman-airport-transfers-guide,0.0213
/blog/hajj-2027-registration-permit-updates,/blog/transportation-mistakes-pilgrims,0.0303
/blog/hajj-2027-registration-permit-updates,/blog/miqat-locations-for-umrah,0.0308
/blog/hajj-2027-registration-permit-updates,/blog/new-saudi-umrah-visa-rules-2026,0.0338
/blog/hajj-2027-registration-permit-updates,/blog/vip-transfer-jeddah-airport-to-makkah,0.0348
/blog/hajj-2027-registration-permit-updates,/blog/makkah-madinah-train-vs-taxi,0.0307
/blog/hajj-2027-registration-permit-updates,/blog/umrah-with-children,0.0309
/blog/hajj-2027-registration-permit-updates,/blog/how-to-travel-between-makkah-madinah-jeddah,0.0333
/blog/hajj-2027-registration-permit-updates,/blog/umrah-for-elderly-pilgrims,0.0324
/blog/hajj-2027-registration-permit-updates,/blog/complete-guide-to-masjid-al-haram,0.0329
/blog/hajj-2027-registration-permit-updates,/blog/common-questions-first-time-umrah-pilgrims,0.0348
/blog/hajj-2027-registration-permit-updates,/blog/jeddah-airport-arrival-guide-umrah,0.0334
/blog/hajj-2027-registration-permit-updates,/blog/saudi-arabia-entry-requirements-pilgrims-2026,0.0443
/blog/hajj-2027-registration-permit-updates,/blog/essential-duas-for-umrah-and-hajj,0.0345
/blog/hajj-2027-registration-permit-updates,/blog/difference-between-hajj-and-umrah,0.0342
/blog/hajj-2027-registration-permit-updates,/blog/first-time-visiting-makkah-guide,0.0338
/blog/hajj-2027-registration-permit-updates,/blog/first-time-visiting-madinah-guide,0.0441
/blog/hajj-2027-registration-permit-updates,/blog/best-time-to-perform-umrah-2026,0.0356
/blog/hajj-2027-registration-permit-updates,/blog/madinah-ziyarat-historic-sites-guide,0.0314
/blog/hajj-2027-registration-permit-updates,/blog/what-to-pack-for-umrah-checklist,0.0286
/blog/hajj-2027-registration-permit-updates,/blog/main-rituals-of-hajj-explained,0.0258
/blog/hajj-2027-registration-permit-updates,/blog/common-mistakes-to-avoid-during-umrah,0.0215
/blog/hajj-2027-registration-permit-updates,/blog/umrah-transport-makkah-madinah-guide,0.0287
/blog/hajj-2027-registration-permit-updates,/blog/riyadh-to-dammam-taxi-guide,0.0286
/blog/hajj-2027-registration-permit-updates,/blog/how-to-perform-umrah-step-by-step-guide,0.0210
/blog/hajj-2027-registration-permit-updates,/blog/saudi-to-bahrain-taxi-king-fahd-causeway,0.0285
/blog/hajj-2027-registration-permit-updates,/blog/saudi-arabia-intercity-taxi-services-guide,0.0273
/blog/hajj-2027-registration-permit-updates,/blog/makkah-to-madinah-private-taxi-guide,0.0276
/blog/hajj-2027-registration-permit-updates,/blog/riyadh-airport-transfer-business-travelers,0.0274
/blog/hajj-2027-registration-permit-updates,/blog/jeddah-to-taif-taxi-guide,0.0294
/blog/hajj-2027-registration-permit-updates,/blog/top-tourist-destinations-private-taxi-saudi-arabia,0.0297
/blog/hajj-2027-registration-permit-updates,/blog/taxi-cost-saudi-arabia-price-guide,0.0270
/blog/hajj-2027-registration-permit-updates,/blog/jeddah-airport-to-makkah-taxi-service-guide,0.0270
/blog/nusuk-app-umrah-guide,/blog/cost-of-umrah-trip-2026,0.0498
/blog/nusuk-app-umrah-guide,/blog/private-chauffeur-vs-ride-hailing-saudi-arabia,0.0262
/blog/nusuk-app-umrah-guide,/blog/solo-female-pilgrim-travel-saudi-arabia,0.0497
/blog/nusuk-app-umrah-guide,/blog/ramadan-2026-makkah-transport-guide,0.0553
/blog/nusuk-app-umrah-guide,/blog/riyadh-metro-vs-taxi,0.0243
/blog/nusuk-app-umrah-guide,/blog/alula-travel-guide-2026,0.0269
/blog/nusuk-app-umrah-guide,/blog/king-salman-airport-transfers-guide,0.0242
/blog/nusuk-app-umrah-guide,/blog/transportation-mistakes-pilgrims,0.0338
/blog/nusuk-app-umrah-guide,/blog/miqat-locations-for-umrah,0.0364
/blog/nusuk-app-umrah-guide,/blog/new-saudi-umrah-visa-rules-2026,0.0447
/blog/nusuk-app-umrah-guide,/blog/vip-transfer-jeddah-airport-to-makkah,0.0380
/blog/nusuk-app-umrah-guide,/blog/makkah-madinah-train-vs-taxi,0.0332
/blog/nusuk-app-umrah-guide,/blog/umrah-with-children,0.0448
/blog/nusuk-app-umrah-guide,/blog/how-to-travel-between-makkah-madinah-jeddah,0.0372
/blog/nusuk-app-umrah-guide,/blog/umrah-for-elderly-pilgrims,0.0531
/blog/nusuk-app-umrah-guide,/blog/complete-guide-to-masjid-al-haram,0.0365
/blog/nusuk-app-umrah-guide,/blog/common-questions-first-time-umrah-pilgrims,0.0411
/blog/nusuk-app-umrah-guide,/blog/jeddah-airport-arrival-guide-umrah,0.0398
/blog/nusuk-app-umrah-guide,/blog/saudi-arabia-entry-requirements-pilgrims-2026,0.0534
/blog/nusuk-app-umrah-guide,/blog/essential-duas-for-umrah-and-hajj,0.0400
/blog/nusuk-app-umrah-guide,/blog/difference-between-hajj-and-umrah,0.0401
/blog/nusuk-app-umrah-guide,/blog/first-time-visiting-makkah-guide,0.0363
/blog/nusuk-app-umrah-guide,/blog/first-time-visiting-madinah-guide,0.0381
/blog/nusuk-app-umrah-guide,/blog/best-time-to-perform-umrah-2026,0.0384
/blog/nusuk-app-umrah-guide,/blog/madinah-ziyarat-historic-sites-guide,0.0249
/blog/nusuk-app-umrah-guide,/blog/what-to-pack-for-umrah-checklist,0.0322
/blog/nusuk-app-umrah-guide,/blog/main-rituals-of-hajj-explained,0.0230
/blog/nusuk-app-umrah-guide,/blog/common-mistakes-to-avoid-during-umrah,0.0245
/blog/nusuk-app-umrah-guide,/blog/umrah-transport-makkah-madinah-guide,0.0319
/blog/nusuk-app-umrah-guide,/blog/riyadh-to-dammam-taxi-guide,0.0287
/blog/nusuk-app-umrah-guide,/blog/how-to-perform-umrah-step-by-step-guide,0.0249
/blog/nusuk-app-umrah-guide,/blog/saudi-to-bahrain-taxi-king-fahd-causeway,0.0280
/blog/nusuk-app-umrah-guide,/blog/saudi-arabia-intercity-taxi-services-guide,0.0277
/blog/nusuk-app-umrah-guide,/blog/makkah-to-madinah-private-taxi-guide,0.0271
/blog/nusuk-app-umrah-guide,/blog/riyadh-airport-transfer-business-travelers,0.0272
/blog/nusuk-app-umrah-guide,/blog/jeddah-to-taif-taxi-guide,0.0283
/blog/nusuk-app-umrah-guide,/blog/top-tourist-destinations-private-taxi-saudi-arabia,0.0278
/blog/nusuk-app-umrah-guide,/blog/taxi-cost-saudi-arabia-price-guide,0.0277
/blog/nusuk-app-umrah-guide,/blog/jeddah-airport-to-makkah-taxi-service-guide,0.0249
/blog/cost-of-umrah-trip-2026,/blog/private-chauffeur-vs-ride-hailing-saudi-arabia,0.0226
/blog/cost-of-umrah-trip-2026,/blog/solo-female-pilgrim-travel-saudi-arabia,0.0489
/blog/cost-of-umrah-trip-2026,/blog/ramadan-2026-makkah-transport-guide,0.0465
/blog/cost-of-umrah-trip-2026,/blog/riyadh-metro-vs-taxi,0.0224
/blog/cost-of-umrah-trip-2026,/blog/alula-travel-guide-2026,0.0244
/blog/cost-of-umrah-trip-2026,/blog/king-salman-airport-transfers-guide,0.0244
/blog/cost-of-umrah-trip-2026,/blog/transportation-mistakes-pilgrims,0.0325
/blog/cost-of-umrah-trip-2026,/blog/miqat-locations-for-umrah,0.0370
/blog/cost-of-umrah-trip-2026,/blog/new-saudi-umrah-visa-rules-2026,0.0681
/blog/cost-of-umrah-trip-2026,/blog/vip-transfer-jeddah-airport-to-makkah,0.0367
/blog/cost-of-umrah-trip-2026,/blog/makkah-madinah-train-vs-taxi,0.0338
/blog/cost-of-umrah-trip-2026,/blog/umrah-with-children,0.0441
/blog/cost-of-umrah-trip-2026,/blog/how-to-travel-between-makkah-madinah-jeddah,0.0340
/blog/cost-of-umrah-trip-2026,/blog/umrah-for-elderly-pilgrims,0.0529
/blog/cost-of-umrah-trip-2026,/blog/complete-guide-to-masjid-al-haram,0.0364
/blog/cost-of-umrah-trip-2026,/blog/common-questions-first-time-umrah-pilgrims,0.0386
/blog/cost-of-umrah-trip-2026,/blog/jeddah-airport-arrival-guide-umrah,0.0372
/blog/cost-of-umrah-trip-2026,/blog/saudi-arabia-entry-requirements-pilgrims-2026,0.0542
/blog/cost-of-umrah-trip-2026,/blog/essential-duas-for-umrah-and-hajj,0.0378
/blog/cost-of-umrah-trip-2026,/blog/difference-between-hajj-and-umrah,0.0388
/blog/cost-of-umrah-trip-2026,/blog/first-time-visiting-makkah-guide,0.0345
/blog/cost-of-umrah-trip-2026,/blog/first-time-visiting-madinah-guide,0.0346
/blog/cost-of-umrah-trip-2026,/blog/best-time-to-perform-umrah-2026,0.0386
/blog/cost-of-umrah-trip-2026,/blog/madinah-ziyarat-historic-sites-guide,0.0210
/blog/cost-of-umrah-trip-2026,/blog/what-to-pack-for-umrah-checklist,0.0504
/blog/cost-of-umrah-trip-2026,/blog/main-rituals-of-hajj-explained,0.0286
/blog/cost-of-umrah-trip-2026,/blog/common-mistakes-to-avoid-during-umrah,0.0240
/blog/cost-of-umrah-trip-2026,/blog/umrah-transport-makkah-madinah-guide,0.0304
/blog/cost-of-umrah-trip-2026,/blog/riyadh-to-dammam-taxi-guide,0.0273
/blog/cost-of-umrah-trip-2026,/blog/how-to-perform-umrah-step-by-step-guide,0.0227
/blog/cost-of-umrah-trip-2026,/blog/saudi-to-bahrain-taxi-king-fahd-causeway,0.0269
/blog/cost-of-umrah-trip-2026,/blog/saudi-arabia-intercity-taxi-services-guide,0.0261
/blog/cost-of-umrah-trip-2026,/blog/makkah-to-madinah-private-taxi-guide,0.0258
/blog/cost-of-umrah-trip-2026,/blog/riyadh-airport-transfer-business-travelers,0.0265
/blog/cost-of-umrah-trip-2026,/blog/jeddah-to-taif-taxi-guide,0.0269
/blog/cost-of-umrah-trip-2026,/blog/top-tourist-destinations-private-taxi-saudi-arabia,0.0254
/blog/cost-of-umrah-trip-2026,/blog/taxi-cost-saudi-arabia-price-guide,0.0269
/blog/cost-of-umrah-trip-2026,/blog/jeddah-airport-to-makkah-taxi-service-guide,0.0242
/blog/private-chauffeur-vs-ride-hailing-saudi-arabia,/blog/solo-female-pilgrim-travel-saudi-arabia,0.0279
/blog/private-chauffeur-vs-ride-hailing-saudi-arabia,/blog/ramadan-2026-makkah-transport-guide,0.0303
/blog/private-chauffeur-vs-ride-hailing-saudi-arabia,/blog/riyadh-metro-vs-taxi,0.0576
/blog/private-chauffeur-vs-ride-hailing-saudi-arabia,/blog/alula-travel-guide-2026,0.0355
/blog/private-chauffeur-vs-ride-hailing-saudi-arabia,/blog/king-salman-airport-transfers-guide,0.0368
/blog/private-chauffeur-vs-ride-hailing-saudi-arabia,/blog/transportation-mistakes-pilgrims,0.0445
/blog/private-chauffeur-vs-ride-hailing-saudi-arabia,/blog/miqat-locations-for-umrah,0.0226
/blog/private-chauffeur-vs-ride-hailing-saudi-arabia,/blog/new-saudi-umrah-visa-rules-2026,0.0265
/blog/private-chauffeur-vs-ride-hailing-saudi-arabia,/blog/vip-transfer-jeddah-airport-to-makkah,0.0568
/blog/private-chauffeur-vs-ride-hailing-saudi-arabia,/blog/makkah-madinah-train-vs-taxi,0.0416
/blog/private-chauffeur-vs-ride-hailing-saudi-arabia,/blog/umrah-with-children,0.0243
/blog/private-chauffeur-vs-ride-hailing-saudi-arabia,/blog/how-to-travel-between-makkah-madinah-jeddah,0.0520
/blog/private-chauffeur-vs-ride-hailing-saudi-arabia,/blog/umrah-for-elderly-pilgrims,0.0229
/blog/private-chauffeur-vs-ride-hailing-saudi-arabia,/blog/complete-guide-to-masjid-al-haram,0.0363
/blog/private-chauffeur-vs-ride-hailing-saudi-arabia,/blog/common-questions-first-time-umrah-pilgrims,0.0256
/blog/private-chauffeur-vs-ride-hailing-saudi-arabia,/blog/jeddah-airport-arrival-guide-umrah,0.0232
/blog/private-chauffeur-vs-ride-hailing-saudi-arabia,/blog/saudi-arabia-entry-requirements-pilgrims-2026,0.0275
/blog/private-chauffeur-vs-ride-hailing-saudi-arabia,/blog/essential-duas-for-umrah-and-hajj,0.0239
/blog/private-chauffeur-vs-ride-hailing-saudi-arabia,/blog/difference-between-hajj-and-umrah,0.0237
/blog/private-chauffeur-vs-ride-hailing-saudi-arabia,/blog/first-time-visiting-makkah-guide,0.0256
/blog/private-chauffeur-vs-ride-hailing-saudi-arabia,/blog/first-time-visiting-madinah-guide,0.0237
/blog/private-chauffeur-vs-ride-hailing-saudi-arabia,/blog/best-time-to-perform-umrah-2026,0.0241
/blog/private-chauffeur-vs-ride-hailing-saudi-arabia,/blog/madinah-ziyarat-historic-sites-guide,0.0208
/blog/private-chauffeur-vs-ride-hailing-saudi-arabia,/blog/what-to-pack-for-umrah-checklist,0.0207
/blog/private-chauffeur-vs-ride-hailing-saudi-arabia,/blog/main-rituals-of-hajj-explained,0.0308
/blog/private-chauffeur-vs-ride-hailing-saudi-arabia,/blog/common-mistakes-to-avoid-during-umrah,0.0208
/blog/private-chauffeur-vs-ride-hailing-saudi-arabia,/blog/umrah-transport-makkah-madinah-guide,0.0277
/blog/private-chauffeur-vs-ride-hailing-saudi-arabia,/blog/riyadh-to-dammam-taxi-guide,0.0281
/blog/private-chauffeur-vs-ride-hailing-saudi-arabia,/blog/how-to-perform-umrah-step-by-step-guide,0.0212
/blog/private-chauffeur-vs-ride-hailing-saudi-arabia,/blog/saudi-to-bahrain-taxi-king-fahd-causeway,0.0286
/blog/private-chauffeur-vs-ride-hailing-saudi-arabia,/blog/saudi-arabia-intercity-taxi-services-guide,0.0307
/blog/private-chauffeur-vs-ride-hailing-saudi-arabia,/blog/makkah-to-madinah-private-taxi-guide,0.0266
/blog/private-chauffeur-vs-ride-hailing-saudi-arabia,/blog/riyadh-airport-transfer-business-travelers,0.0270
/blog/private-chauffeur-vs-ride-hailing-saudi-arabia,/blog/jeddah-to-taif-taxi-guide,0.0326
/blog/private-chauffeur-vs-ride-hailing-saudi-arabia,/blog/top-tourist-destinations-private-taxi-saudi-arabia,0.0327
/blog/private-chauffeur-vs-ride-hailing-saudi-arabia,/blog/taxi-cost-saudi-arabia-price-guide,0.0321
/blog/private-chauffeur-vs-ride-hailing-saudi-arabia,/blog/jeddah-airport-to-makkah-taxi-service-guide,0.0257
/blog/solo-female-pilgrim-travel-saudi-arabia,/blog/ramadan-2026-makkah-transport-guide,0.0509
/blog/solo-female-pilgrim-travel-saudi-arabia,/blog/riyadh-metro-vs-taxi,0.0235
/blog/solo-female-pilgrim-travel-saudi-arabia,/blog/alula-travel-guide-2026,0.0303
/blog/solo-female-pilgrim-travel-saudi-arabia,/blog/king-salman-airport-transfers-guide,0.0327
/blog/solo-female-pilgrim-travel-saudi-arabia,/blog/transportation-mistakes-pilgrims,0.0360
/blog/solo-female-pilgrim-travel-saudi-arabia,/blog/miqat-locations-for-umrah,0.0327
/blog/solo-female-pilgrim-travel-saudi-arabia,/blog/new-saudi-umrah-visa-rules-2026,0.0625
/blog/solo-female-pilgrim-travel-saudi-arabia,/blog/vip-transfer-jeddah-airport-to-makkah,0.0378
/blog/solo-female-pilgrim-travel-saudi-arabia,/blog/makkah-madinah-train-vs-taxi,0.0324
/blog/solo-female-pilgrim-travel-saudi-arabia,/blog/umrah-with-children,0.0609
/blog/solo-female-pilgrim-travel-saudi-arabia,/blog/how-to-travel-between-makkah-madinah-jeddah,0.0358
/blog/solo-female-pilgrim-travel-saudi-arabia,/blog/umrah-for-elderly-pilgrims,0.0504
/blog/solo-female-pilgrim-travel-saudi-arabia,/blog/complete-guide-to-masjid-al-haram,0.0370
/blog/solo-female-pilgrim-travel-saudi-arabia,/blog/common-questions-first-time-umrah-pilgrims,0.0362
/blog/solo-female-pilgrim-travel-saudi-arabia,/blog/jeddah-airport-arrival-guide-umrah,0.0357
/blog/solo-female-pilgrim-travel-saudi-arabia,/blog/saudi-arabia-entry-requirements-pilgrims-2026,0.0407
/blog/solo-female-pilgrim-travel-saudi-arabia,/blog/essential-duas-for-umrah-and-hajj,0.0349
/blog/solo-female-pilgrim-travel-saudi-arabia,/blog/difference-between-hajj-and-umrah,0.0346
/blog/solo-female-pilgrim-travel-saudi-arabia,/blog/first-time-visiting-makkah-guide,0.0377
/blog/solo-female-pilgrim-travel-saudi-arabia,/blog/first-time-visiting-madinah-guide,0.0374
/blog/solo-female-pilgrim-travel-saudi-arabia,/blog/best-time-to-perform-umrah-2026,0.0346
/blog/solo-female-pilgrim-travel-saudi-arabia,/blog/madinah-ziyarat-historic-sites-guide,0.0208
/blog/solo-female-pilgrim-travel-saudi-arabia,/blog/what-to-pack-for-umrah-checklist,0.0312
/blog/solo-female-pilgrim-travel-saudi-arabia,/blog/main-rituals-of-hajj-explained,0.0210
/blog/solo-female-pilgrim-travel-saudi-arabia,/blog/common-mistakes-to-avoid-during-umrah,0.0201
/blog/solo-female-pilgrim-travel-saudi-arabia,/blog/umrah-transport-makkah-madinah-guide,0.0270
/blog/solo-female-pilgrim-travel-saudi-arabia,/blog/riyadh-to-dammam-taxi-guide,0.0277
/blog/solo-female-pilgrim-travel-saudi-arabia,/blog/how-to-perform-umrah-step-by-step-guide,0.0210
/blog/solo-female-pilgrim-travel-saudi-arabia,/blog/saudi-to-bahrain-taxi-king-fahd-causeway,0.0282
/blog/solo-female-pilgrim-travel-saudi-arabia,/blog/saudi-arabia-intercity-taxi-services-guide,0.0306
/blog/solo-female-pilgrim-travel-saudi-arabia,/blog/makkah-to-madinah-private-taxi-guide,0.0265
/blog/solo-female-pilgrim-travel-saudi-arabia,/blog/riyadh-airport-transfer-business-travelers,0.0266
/blog/solo-female-pilgrim-travel-saudi-arabia,/blog/jeddah-to-taif-taxi-guide,0.0306
/blog/solo-female-pilgrim-travel-saudi-arabia,/blog/top-tourist-destinations-private-taxi-saudi-arabia,0.0292
/blog/solo-female-pilgrim-travel-saudi-arabia,/blog/taxi-cost-saudi-arabia-price-guide,0.0296
/blog/solo-female-pilgrim-travel-saudi-arabia,/blog/jeddah-airport-to-makkah-taxi-service-guide,0.0243
/blog/ramadan-2026-makkah-transport-guide,/blog/riyadh-metro-vs-taxi,0.0249
/blog/ramadan-2026-makkah-transport-guide,/blog/alula-travel-guide-2026,0.0270
/blog/ramadan-2026-makkah-transport-guide,/blog/king-salman-airport-transfers-guide,0.0269
/blog/ramadan-2026-makkah-transport-guide,/blog/transportation-mistakes-pilgrims,0.0351
/blog/ramadan-2026-makkah-transport-guide,/blog/miqat-locations-for-umrah,0.0328
/blog/ramadan-2026-makkah-transport-guide,/blog/new-saudi-umrah-visa-rules-2026,0.0531
/blog/ramadan-2026-makkah-transport-guide,/blog/vip-transfer-jeddah-airport-to-makkah,0.0397
/blog/ramadan-2026-makkah-transport-guide,/blog/makkah-madinah-train-vs-taxi,0.0332
/blog/ramadan-2026-makkah-transport-guide,/blog/umrah-with-children,0.0421
/blog/ramadan-2026-makkah-transport-guide,/blog/how-to-travel-between-makkah-madinah-jeddah,0.0384
/blog/ramadan-2026-makkah-transport-guide,/blog/umrah-for-elderly-pilgrims,0.0405
/blog/ramadan-2026-makkah-transport-guide,/blog/complete-guide-to-masjid-al-haram,0.0388
/blog/ramadan-2026-makkah-transport-guide,/blog/common-questions-first-time-umrah-pilgrims,0.0375
/blog/ramadan-2026-makkah-transport-guide,/blog/jeddah-airport-arrival-guide-umrah,0.0356
/blog/ramadan-2026-makkah-transport-guide,/blog/saudi-arabia-entry-requirements-pilgrims-2026,0.0656
/blog/ramadan-2026-makkah-transport-guide,/blog/essential-duas-for-umrah-and-hajj,0.0360
/blog/ramadan-2026-makkah-transport-guide,/blog/difference-between-hajj-and-umrah,0.0359
/blog/ramadan-2026-makkah-transport-guide,/blog/first-time-visiting-makkah-guide,0.0381
/blog/ramadan-2026-makkah-transport-guide,/blog/first-time-visiting-madinah-guide,0.0368
/blog/ramadan-2026-makkah-transport-guide,/blog/best-time-to-perform-umrah-2026,0.0368
/blog/ramadan-2026-makkah-transport-guide,/blog/madinah-ziyarat-historic-sites-guide,0.0241
/blog/ramadan-2026-makkah-transport-guide,/blog/what-to-pack-for-umrah-checklist,0.0350
/blog/ramadan-2026-makkah-transport-guide,/blog/main-rituals-of-hajj-explained,0.0231
/blog/ramadan-2026-makkah-transport-guide,/blog/common-mistakes-to-avoid-during-umrah,0.0214
/blog/ramadan-2026-makkah-transport-guide,/blog/umrah-transport-makkah-madinah-guide,0.0277
/blog/ramadan-2026-makkah-transport-guide,/blog/riyadh-to-dammam-taxi-guide,0.0276
/blog/ramadan-2026-makkah-transport-guide,/blog/how-to-perform-umrah-step-by-step-guide,0.0226
/blog/ramadan-2026-makkah-transport-guide,/blog/saudi-to-bahrain-taxi-king-fahd-causeway,0.0272
/blog/ramadan-2026-makkah-transport-guide,/blog/saudi-arabia-intercity-taxi-services-guide,0.0299
/blog/ramadan-2026-makkah-transport-guide,/blog/makkah-to-madinah-private-taxi-guide,0.0261
/blog/ramadan-2026-makkah-transport-guide,/blog/riyadh-airport-transfer-business-travelers,0.0265
/blog/ramadan-2026-makkah-transport-guide,/blog/jeddah-to-taif-taxi-guide,0.0305
/blog/ramadan-2026-makkah-transport-guide,/blog/top-tourist-destinations-private-taxi-saudi-arabia,0.0296
/blog/ramadan-2026-makkah-transport-guide,/blog/taxi-cost-saudi-arabia-price-guide,0.0301
/blog/ramadan-2026-makkah-transport-guide,/blog/jeddah-airport-to-makkah-taxi-service-guide,0.0242
/blog/riyadh-metro-vs-taxi,/blog/alula-travel-guide-2026,0.0337
/blog/riyadh-metro-vs-taxi,/blog/king-salman-airport-transfers-guide,0.0385
/blog/riyadh-metro-vs-taxi,/blog/transportation-mistakes-pilgrims,0.0401
/blog/riyadh-metro-vs-taxi,/blog/miqat-locations-for-umrah,0.0226
/blog/riyadh-metro-vs-taxi,/blog/new-saudi-umrah-visa-rules-2026,0.0264
/blog/riyadh-metro-vs-taxi,/blog/vip-transfer-jeddah-airport-to-makkah,0.0413
/blog/riyadh-metro-vs-taxi,/blog/makkah-madinah-train-vs-taxi,0.0403
/blog/riyadh-metro-vs-taxi,/blog/umrah-with-children,0.0210
/blog/riyadh-metro-vs-taxi,/blog/how-to-travel-between-makkah-madinah-jeddah,0.0508
/blog/riyadh-metro-vs-taxi,/blog/umrah-for-elderly-pilgrims,0.0209
/blog/riyadh-metro-vs-taxi,/blog/complete-guide-to-masjid-al-haram,0.0317
/blog/riyadh-metro-vs-taxi,/blog/common-questions-first-time-umrah-pilgrims,0.0243
/blog/riyadh-metro-vs-taxi,/blog/jeddah-airport-arrival-guide-umrah,0.0243
/blog/riyadh-metro-vs-taxi,/blog/saudi-arabia-entry-requirements-pilgrims-2026,0.0239
/blog/riyadh-metro-vs-taxi,/blog/essential-duas-for-umrah-and-hajj,0.0230
/blog/riyadh-metro-vs-taxi,/blog/difference-between-hajj-and-umrah,0.0230
/blog/riyadh-metro-vs-taxi,/blog/first-time-visiting-makkah-guide,0.0221
/blog/riyadh-metro-vs-taxi,/blog/first-time-visiting-madinah-guide,0.0225
/blog/riyadh-metro-vs-taxi,/blog/best-time-to-perform-umrah-2026,0.0223
/blog/riyadh-metro-vs-taxi,/blog/madinah-ziyarat-historic-sites-guide,0.0202
/blog/riyadh-metro-vs-taxi,/blog/what-to-pack-for-umrah-checklist,0.0201
/blog/riyadh-metro-vs-taxi,/blog/main-rituals-of-hajj-explained,0.0211
/blog/riyadh-metro-vs-taxi,/blog/common-mistakes-to-avoid-during-umrah,0.0205
/blog/riyadh-metro-vs-taxi,/blog/umrah-transport-makkah-madinah-guide,0.0269
/blog/riyadh-metro-vs-taxi,/blog/riyadh-to-dammam-taxi-guide,0.0302
/blog/riyadh-metro-vs-taxi,/blog/how-to-perform-umrah-step-by-step-guide,0.0208
/blog/riyadh-metro-vs-taxi,/blog/saudi-to-bahrain-taxi-king-fahd-causeway,0.0298
/blog/riyadh-metro-vs-taxi,/blog/saudi-arabia-intercity-taxi-services-guide,0.0275
/blog/riyadh-metro-vs-taxi,/blog/makkah-to-madinah-private-taxi-guide,0.0272
/blog/riyadh-metro-vs-taxi,/blog/riyadh-airport-transfer-business-travelers,0.0296
/blog/riyadh-metro-vs-taxi,/blog/jeddah-to-taif-taxi-guide,0.0283
/blog/riyadh-metro-vs-taxi,/blog/top-tourist-destinations-private-taxi-saudi-arabia,0.0271
/blog/riyadh-metro-vs-taxi,/blog/taxi-cost-saudi-arabia-price-guide,0.0280
/blog/riyadh-metro-vs-taxi,/blog/jeddah-airport-to-makkah-taxi-service-guide,0.0253
/blog/alula-travel-guide-2026,/blog/king-salman-airport-transfers-guide,0.0367
/blog/alula-travel-guide-2026,/blog/transportation-mistakes-pilgrims,0.0235
/blog/alula-travel-guide-2026,/blog/miqat-locations-for-umrah,0.0211
/blog/alula-travel-guide-2026,/blog/new-saudi-umrah-visa-rules-2026,0.0240
/blog/alula-travel-guide-2026,/blog/vip-transfer-jeddah-airport-to-makkah,0.0224
/blog/alula-travel-guide-2026,/blog/makkah-madinah-train-vs-taxi,0.0207
/blog/alula-travel-guide-2026,/blog/umrah-with-children,0.0237
/blog/alula-travel-guide-2026,/blog/how-to-travel-between-makkah-madinah-jeddah,0.0231
/blog/alula-travel-guide-2026,/blog/umrah-for-elderly-pilgrims,0.0238
/blog/alula-travel-guide-2026,/blog/complete-guide-to-masjid-al-haram,0.0251
/blog/alula-travel-guide-2026,/blog/common-questions-first-time-umrah-pilgrims,0.0238
/blog/alula-travel-guide-2026,/blog/jeddah-airport-arrival-guide-umrah,0.0233
/blog/alula-travel-guide-2026,/blog/saudi-arabia-entry-requirements-pilgrims-2026,0.0257
/blog/alula-travel-guide-2026,/blog/essential-duas-for-umrah-and-hajj,0.0227
/blog/alula-travel-guide-2026,/blog/difference-between-hajj-and-umrah,0.0231
/blog/alula-travel-guide-2026,/blog/first-time-visiting-makkah-guide,0.0266
/blog/alula-travel-guide-2026,/blog/first-time-visiting-madinah-guide,0.0229
/blog/alula-travel-guide-2026,/blog/best-time-to-perform-umrah-2026,0.0229
/blog/alula-travel-guide-2026,/blog/madinah-ziyarat-historic-sites-guide,0.0235
/blog/alula-travel-guide-2026,/blog/what-to-pack-for-umrah-checklist,0.0202
/blog/alula-travel-guide-2026,/blog/main-rituals-of-hajj-explained,0.0206
/blog/alula-travel-guide-2026,/blog/common-mistakes-to-avoid-during-umrah,0.0208
/blog/alula-travel-guide-2026,/blog/umrah-transport-makkah-madinah-guide,0.0295
/blog/alula-travel-guide-2026,/blog/riyadh-to-dammam-taxi-guide,0.0291
/blog/alula-travel-guide-2026,/blog/how-to-perform-umrah-step-by-step-guide,0.0216
/blog/alula-travel-guide-2026,/blog/saudi-to-bahrain-taxi-king-fahd-causeway,0.0281
/blog/alula-travel-guide-2026,/blog/saudi-arabia-intercity-taxi-services-guide,0.0301
/blog/alula-travel-guide-2026,/blog/makkah-to-madinah-private-taxi-guide,0.0264
/blog/alula-travel-guide-2026,/blog/riyadh-airport-transfer-business-travelers,0.0279
/blog/alula-travel-guide-2026,/blog/jeddah-to-taif-taxi-guide,0.0316
/blog/alula-travel-guide-2026,/blog/top-tourist-destinations-private-taxi-saudi-arabia,0.0293
/blog/alula-travel-guide-2026,/blog/taxi-cost-saudi-arabia-price-guide,0.0297
/blog/alula-travel-guide-2026,/blog/jeddah-airport-to-makkah-taxi-service-guide,0.0256
/blog/king-salman-airport-transfers-guide,/blog/transportation-mistakes-pilgrims,0.0267
/blog/king-salman-airport-transfers-guide,/blog/miqat-locations-for-umrah,0.0224
/blog/king-salman-airport-transfers-guide,/blog/new-saudi-umrah-visa-rules-2026,0.0265
/blog/king-salman-airport-transfers-guide,/blog/vip-transfer-jeddah-airport-to-makkah,0.0266
/blog/king-salman-airport-transfers-guide,/blog/makkah-madinah-train-vs-taxi,0.0229
/blog/king-salman-airport-transfers-guide,/blog/umrah-with-children,0.0214
/blog/king-salman-airport-transfers-guide,/blog/how-to-travel-between-makkah-madinah-jeddah,0.0232
/blog/king-salman-airport-transfers-guide,/blog/umrah-for-elderly-pilgrims,0.0205
/blog/king-salman-airport-transfers-guide,/blog/complete-guide-to-masjid-al-haram,0.0274
/blog/king-salman-airport-transfers-guide,/blog/common-questions-first-time-umrah-pilgrims,0.0247
/blog/king-salman-airport-transfers-guide,/blog/jeddah-airport-arrival-guide-umrah,0.0532
/blog/king-salman-airport-transfers-guide,/blog/saudi-arabia-entry-requirements-pilgrims-2026,0.0263
/blog/king-salman-airport-transfers-guide,/blog/essential-duas-for-umrah-and-hajj,0.0233
/blog/king-salman-airport-transfers-guide,/blog/difference-between-hajj-and-umrah,0.0233
/blog/king-salman-airport-transfers-guide,/blog/first-time-visiting-makkah-guide,0.0408
/blog/king-salman-airport-transfers-guide,/blog/first-time-visiting-madinah-guide,0.0240
/blog/king-salman-airport-transfers-guide,/blog/best-time-to-perform-umrah-2026,0.0233
/blog/king-salman-airport-transfers-guide,/blog/madinah-ziyarat-historic-sites-guide,0.0338
/blog/king-salman-airport-transfers-guide,/blog/what-to-pack-for-umrah-checklist,0.0220
/blog/king-salman-airport-transfers-guide,/blog/main-rituals-of-hajj-explained,0.0209
/blog/king-salman-airport-transfers-guide,/blog/common-mistakes-to-avoid-during-umrah,0.0207
/blog/king-salman-airport-transfers-guide,/blog/umrah-transport-makkah-madinah-guide,0.0462
/blog/king-salman-airport-transfers-guide,/blog/riyadh-to-dammam-taxi-guide,0.0281
/blog/king-salman-airport-transfers-guide,/blog/how-to-perform-umrah-step-by-step-guide,0.0211
/blog/king-salman-airport-transfers-guide,/blog/saudi-to-bahrain-taxi-king-fahd-causeway,0.0274
/blog/king-salman-airport-transfers-guide,/blog/saudi-arabia-intercity-taxi-services-guide,0.0315
/blog/king-salman-airport-transfers-guide,/blog/makkah-to-madinah-private-taxi-guide,0.0271
/blog/king-salman-airport-transfers-guide,/blog/riyadh-airport-transfer-business-travelers,0.0273
/blog/king-salman-airport-transfers-guide,/blog/jeddah-to-taif-taxi-guide,0.0310
/blog/king-salman-airport-transfers-guide,/blog/top-tourist-destinations-private-taxi-saudi-arabia,0.0290
/blog/king-salman-airport-transfers-guide,/blog/taxi-cost-saudi-arabia-price-guide,0.0294
/blog/king-salman-airport-transfers-guide,/blog/jeddah-airport-to-makkah-taxi-service-guide,0.0263
/blog/transportation-mistakes-pilgrims,/blog/miqat-locations-for-umrah,0.0362
/blog/transportation-mistakes-pilgrims,/blog/new-saudi-umrah-visa-rules-2026,0.0356
/blog/transportation-mistakes-pilgrims,/blog/vip-transfer-jeddah-airport-to-makkah,0.0571
/blog/transportation-mistakes-pilgrims,/blog/makkah-madinah-train-vs-taxi,0.0731
/blog/transportation-mistakes-pilgrims,/blog/umrah-with-children,0.0375
/blog/transportation-mistakes-pilgrims,/blog/how-to-travel-between-makkah-madinah-jeddah,0.0602
/blog/transportation-mistakes-pilgrims,/blog/umrah-for-elderly-pilgrims,0.0380
/blog/transportation-mistakes-pilgrims,/blog/complete-guide-to-masjid-al-haram,0.0582
/blog/transportation-mistakes-pilgrims,/blog/common-questions-first-time-umrah-pilgrims,0.0386
/blog/transportation-mistakes-pilgrims,/blog/jeddah-airport-arrival-guide-umrah,0.0378
/blog/transportation-mistakes-pilgrims,/blog/saudi-arabia-entry-requirements-pilgrims-2026,0.0403
/blog/transportation-mistakes-pilgrims,/blog/essential-duas-for-umrah-and-hajj,0.0369
/blog/transportation-mistakes-pilgrims,/blog/difference-between-hajj-and-umrah,0.0354
/blog/transportation-mistakes-pilgrims,/blog/first-time-visiting-makkah-guide,0.0384
/blog/transportation-mistakes-pilgrims,/blog/first-time-visiting-madinah-guide,0.0364
/blog/transportation-mistakes-pilgrims,/blog/best-time-to-perform-umrah-2026,0.0360
/blog/transportation-mistakes-pilgrims,/blog/madinah-ziyarat-historic-sites-guide,0.0199
/blog/transportation-mistakes-pilgrims,/blog/what-to-pack-for-umrah-checklist,0.0206
/blog/transportation-mistakes-pilgrims,/blog/main-rituals-of-hajj-explained,0.0296
/blog/transportation-mistakes-pilgrims,/blog/common-mistakes-to-avoid-during-umrah,0.0211
/blog/transportation-mistakes-pilgrims,/blog/umrah-transport-makkah-madinah-guide,0.0263
/blog/transportation-mistakes-pilgrims,/blog/riyadh-to-dammam-taxi-guide,0.0270
/blog/transportation-mistakes-pilgrims,/blog/how-to-perform-umrah-step-by-step-guide,0.0207
/blog/transportation-mistakes-pilgrims,/blog/saudi-to-bahrain-taxi-king-fahd-causeway,0.0263
/blog/transportation-mistakes-pilgrims,/blog/saudi-arabia-intercity-taxi-services-guide,0.0289
/blog/transportation-mistakes-pilgrims,/blog/makkah-to-madinah-private-taxi-guide,0.0253
/blog/transportation-mistakes-pilgrims,/blog/riyadh-airport-transfer-business-travelers,0.0254
/blog/transportation-mistakes-pilgrims,/blog/jeddah-to-taif-taxi-guide,0.0309
/blog/transportation-mistakes-pilgrims,/blog/top-tourist-destinations-private-taxi-saudi-arabia,0.0295
/blog/transportation-mistakes-pilgrims,/blog/taxi-cost-saudi-arabia-price-guide,0.0316
/blog/transportation-mistakes-pilgrims,/blog/jeddah-airport-to-makkah-taxi-service-guide,0.0243
/blog/miqat-locations-for-umrah,/blog/new-saudi-umrah-visa-rules-2026,0.0379
/blog/miqat-locations-for-umrah,/blog/vip-transfer-jeddah-airport-to-makkah,0.0338
/blog/miqat-locations-for-umrah,/blog/makkah-madinah-train-vs-taxi,0.0356
/blog/miqat-locations-for-umrah,/blog/umrah-with-children,0.0408
/blog/miqat-locations-for-umrah,/blog/how-to-travel-between-makkah-madinah-jeddah,0.0362
/blog/miqat-locations-for-umrah,/blog/umrah-for-elderly-pilgrims,0.0384
/blog/miqat-locations-for-umrah,/blog/complete-guide-to-masjid-al-haram,0.0447
/blog/miqat-locations-for-umrah,/blog/common-questions-first-time-umrah-pilgrims,0.0788
/blog/miqat-locations-for-umrah,/blog/jeddah-airport-arrival-guide-umrah,0.0410
/blog/miqat-locations-for-umrah,/blog/saudi-arabia-entry-requirements-pilgrims-2026,0.0393
/blog/miqat-locations-for-umrah,/blog/essential-duas-for-umrah-and-hajj,0.0677
/blog/miqat-locations-for-umrah,/blog/difference-between-hajj-and-umrah,0.0405
/blog/miqat-locations-for-umrah,/blog/first-time-visiting-makkah-guide,0.0356
/blog/miqat-locations-for-umrah,/blog/first-time-visiting-madinah-guide,0.0368
/blog/miqat-locations-for-umrah,/blog/best-time-to-perform-umrah-2026,0.0555
/blog/miqat-locations-for-umrah,/blog/madinah-ziyarat-historic-sites-guide,0.0216
/blog/miqat-locations-for-umrah,/blog/what-to-pack-for-umrah-checklist,0.0242
/blog/miqat-locations-for-umrah,/blog/main-rituals-of-hajj-explained,0.0231
/blog/miqat-locations-for-umrah,/blog/common-mistakes-to-avoid-during-umrah,0.0440
/blog/miqat-locations-for-umrah,/blog/umrah-transport-makkah-madinah-guide,0.0296
/blog/miqat-locations-for-umrah,/blog/riyadh-to-dammam-taxi-guide,0.0266
/blog/miqat-locations-for-umrah,/blog/how-to-perform-umrah-step-by-step-guide,0.0599
/blog/miqat-locations-for-umrah,/blog/saudi-to-bahrain-taxi-king-fahd-causeway,0.0282
/blog/miqat-locations-for-umrah,/blog/saudi-arabia-intercity-taxi-services-guide,0.0265
/blog/miqat-locations-for-umrah,/blog/makkah-to-madinah-private-taxi-guide,0.0252
/blog/miqat-locations-for-umrah,/blog/riyadh-airport-transfer-business-travelers,0.0255
/blog/miqat-locations-for-umrah,/blog/jeddah-to-taif-taxi-guide,0.0265
/blog/miqat-locations-for-umrah,/blog/top-tourist-destinations-private-taxi-saudi-arabia,0.0250
/blog/miqat-locations-for-umrah,/blog/taxi-cost-saudi-arabia-price-guide,0.0251
/blog/miqat-locations-for-umrah,/blog/jeddah-airport-to-makkah-taxi-service-guide,0.0234
/blog/new-saudi-umrah-visa-rules-2026,/blog/vip-transfer-jeddah-airport-to-makkah,0.0394
/blog/new-saudi-umrah-visa-rules-2026,/blog/makkah-madinah-train-vs-taxi,0.0369
/blog/new-saudi-umrah-visa-rules-2026,/blog/umrah-with-children,0.0517
/blog/new-saudi-umrah-visa-rules-2026,/blog/how-to-travel-between-makkah-madinah-jeddah,0.0384
/blog/new-saudi-umrah-visa-rules-2026,/blog/umrah-for-elderly-pilgrims,0.0453
/blog/new-saudi-umrah-visa-rules-2026,/blog/complete-guide-to-masjid-al-haram,0.0370
/blog/new-saudi-umrah-visa-rules-2026,/blog/common-questions-first-time-umrah-pilgrims,0.0399
/blog/new-saudi-umrah-visa-rules-2026,/blog/jeddah-airport-arrival-guide-umrah,0.0398
/blog/new-saudi-umrah-visa-rules-2026,/blog/saudi-arabia-entry-requirements-pilgrims-2026,0.0727
/blog/new-saudi-umrah-visa-rules-2026,/blog/essential-duas-for-umrah-and-hajj,0.0388
/blog/new-saudi-umrah-visa-rules-2026,/blog/difference-between-hajj-and-umrah,0.0393
/blog/new-saudi-umrah-visa-rules-2026,/blog/first-time-visiting-makkah-guide,0.0344
/blog/new-saudi-umrah-visa-rules-2026,/blog/first-time-visiting-madinah-guide,0.0350
/blog/new-saudi-umrah-visa-rules-2026,/blog/best-time-to-perform-umrah-2026,0.0393
/blog/new-saudi-umrah-visa-rules-2026,/blog/madinah-ziyarat-historic-sites-guide,0.0211
/blog/new-saudi-umrah-visa-rules-2026,/blog/what-to-pack-for-umrah-checklist,0.0492
/blog/new-saudi-umrah-visa-rules-2026,/blog/main-rituals-of-hajj-explained,0.0293
/blog/new-saudi-umrah-visa-rules-2026,/blog/common-mistakes-to-avoid-during-umrah,0.0247
/blog/new-saudi-umrah-visa-rules-2026,/blog/umrah-transport-makkah-madinah-guide,0.0308
/blog/new-saudi-umrah-visa-rules-2026,/blog/riyadh-to-dammam-taxi-guide,0.0280
/blog/new-saudi-umrah-visa-rules-2026,/blog/how-to-perform-umrah-step-by-step-guide,0.0233
/blog/new-saudi-umrah-visa-rules-2026,/blog/saudi-to-bahrain-taxi-king-fahd-causeway,0.0291
/blog/new-saudi-umrah-visa-rules-2026,/blog/saudi-arabia-intercity-taxi-services-guide,0.0267
/blog/new-saudi-umrah-visa-rules-2026,/blog/makkah-to-madinah-private-taxi-guide,0.0264
/blog/new-saudi-umrah-visa-rules-2026,/blog/riyadh-airport-transfer-business-travelers,0.0271
/blog/new-saudi-umrah-visa-rules-2026,/blog/jeddah-to-taif-taxi-guide,0.0275
/blog/new-saudi-umrah-visa-rules-2026,/blog/top-tourist-destinations-private-taxi-saudi-arabia,0.0266
/blog/new-saudi-umrah-visa-rules-2026,/blog/taxi-cost-saudi-arabia-price-guide,0.0264
/blog/new-saudi-umrah-visa-rules-2026,/blog/jeddah-airport-to-makkah-taxi-service-guide,0.0251
/blog/vip-transfer-jeddah-airport-to-makkah,/blog/makkah-madinah-train-vs-taxi,0.0568
/blog/vip-transfer-jeddah-airport-to-makkah,/blog/umrah-with-children,0.0333
/blog/vip-transfer-jeddah-airport-to-makkah,/blog/how-to-travel-between-makkah-madinah-jeddah,0.0634
/blog/vip-transfer-jeddah-airport-to-makkah,/blog/umrah-for-elderly-pilgrims,0.0328
/blog/vip-transfer-jeddah-airport-to-makkah,/blog/complete-guide-to-masjid-al-haram,0.0449
/blog/vip-transfer-jeddah-airport-to-makkah,/blog/common-questions-first-time-umrah-pilgrims,0.0375
/blog/vip-transfer-jeddah-airport-to-makkah,/blog/jeddah-airport-arrival-guide-umrah,0.0377
/blog/vip-transfer-jeddah-airport-to-makkah,/blog/saudi-arabia-entry-requirements-pilgrims-2026,0.0376
/blog/vip-transfer-jeddah-airport-to-makkah,/blog/essential-duas-for-umrah-and-hajj,0.0357
/blog/vip-transfer-jeddah-airport-to-makkah,/blog/difference-between-hajj-and-umrah,0.0356
/blog/vip-transfer-jeddah-airport-to-makkah,/blog/first-time-visiting-makkah-guide,0.0347
/blog/vip-transfer-jeddah-airport-to-makkah,/blog/first-time-visiting-madinah-guide,0.0360
/blog/vip-transfer-jeddah-airport-to-makkah,/blog/best-time-to-perform-umrah-2026,0.0351
/blog/vip-transfer-jeddah-airport-to-makkah,/blog/madinah-ziyarat-historic-sites-guide,0.0208
/blog/vip-transfer-jeddah-airport-to-makkah,/blog/what-to-pack-for-umrah-checklist,0.0224
/blog/vip-transfer-jeddah-airport-to-makkah,/blog/main-rituals-of-hajj-explained,0.0305
/blog/vip-transfer-jeddah-airport-to-makkah,/blog/common-mistakes-to-avoid-during-umrah,0.0206
/blog/vip-transfer-jeddah-airport-to-makkah,/blog/umrah-transport-makkah-madinah-guide,0.0276
/blog/vip-transfer-jeddah-airport-to-makkah,/blog/riyadh-to-dammam-taxi-guide,0.0293
/blog/vip-transfer-jeddah-airport-to-makkah,/blog/how-to-perform-umrah-step-by-step-guide,0.0219
/blog/vip-transfer-jeddah-airport-to-makkah,/blog/saudi-to-bahrain-taxi-king-fahd-causeway,0.0286
/blog/vip-transfer-jeddah-airport-to-makkah,/blog/saudi-arabia-intercity-taxi-services-guide,0.0271
/blog/vip-transfer-jeddah-airport-to-makkah,/blog/makkah-to-madinah-private-taxi-guide,0.0277
/blog/vip-transfer-jeddah-airport-to-makkah,/blog/riyadh-airport-transfer-business-travelers,0.0269
/blog/vip-transfer-jeddah-airport-to-makkah,/blog/jeddah-to-taif-taxi-guide,0.0283
/blog/vip-transfer-jeddah-airport-to-makkah,/blog/top-tourist-destinations-private-taxi-saudi-arabia,0.0261
/blog/vip-transfer-jeddah-airport-to-makkah,/blog/taxi-cost-saudi-arabia-price-guide,0.0265
/blog/vip-transfer-jeddah-airport-to-makkah,/blog/jeddah-airport-to-makkah-taxi-service-guide,0.0279
/blog/makkah-madinah-train-vs-taxi,/blog/umrah-with-children,0.0369
/blog/makkah-madinah-train-vs-taxi,/blog/how-to-travel-between-makkah-madinah-jeddah,0.0641
/blog/makkah-madinah-train-vs-taxi,/blog/umrah-for-elderly-pilgrims,0.0378
/blog/makkah-madinah-train-vs-taxi,/blog/complete-guide-to-masjid-al-haram,0.0567
/blog/makkah-madinah-train-vs-taxi,/blog/common-questions-first-time-umrah-pilgrims,0.0374
/blog/makkah-madinah-train-vs-taxi,/blog/jeddah-airport-arrival-guide-umrah,0.0349
/blog/makkah-madinah-train-vs-taxi,/blog/saudi-arabia-entry-requirements-pilgrims-2026,0.0387
/blog/makkah-madinah-train-vs-taxi,/blog/essential-duas-for-umrah-and-hajj,0.0355
/blog/makkah-madinah-train-vs-taxi,/blog/difference-between-hajj-and-umrah,0.0347
/blog/makkah-madinah-train-vs-taxi,/blog/first-time-visiting-makkah-guide,0.0350
/blog/makkah-madinah-train-vs-taxi,/blog/first-time-visiting-madinah-guide,0.0374
/blog/makkah-madinah-train-vs-taxi,/blog/best-time-to-perform-umrah-2026,0.0349
/blog/makkah-madinah-train-vs-taxi,/blog/madinah-ziyarat-historic-sites-guide,0.0204
/blog/makkah-madinah-train-vs-taxi,/blog/what-to-pack-for-umrah-checklist,0.0217
/blog/makkah-madinah-train-vs-taxi,/blog/main-rituals-of-hajj-explained,0.0286
/blog/makkah-madinah-train-vs-taxi,/blog/common-mistakes-to-avoid-during-umrah,0.0200
/blog/makkah-madinah-train-vs-taxi,/blog/umrah-transport-makkah-madinah-guide,0.0267
/blog/makkah-madinah-train-vs-taxi,/blog/riyadh-to-dammam-taxi-guide,0.0274
/blog/makkah-madinah-train-vs-taxi,/blog/how-to-perform-umrah-step-by-step-guide,0.0201
/blog/makkah-madinah-train-vs-taxi,/blog/saudi-to-bahrain-taxi-king-fahd-causeway,0.0281
/blog/makkah-madinah-train-vs-taxi,/blog/saudi-arabia-intercity-taxi-services-guide,0.0260
/blog/makkah-madinah-train-vs-taxi,/blog/makkah-to-madinah-private-taxi-guide,0.0309
/blog/makkah-madinah-train-vs-taxi,/blog/riyadh-airport-transfer-business-travelers,0.0258
/blog/makkah-madinah-train-vs-taxi,/blog/jeddah-to-taif-taxi-guide,0.0284
/blog/makkah-madinah-train-vs-taxi,/blog/top-tourist-destinations-private-taxi-saudi-arabia,0.0258
/blog/makkah-madinah-train-vs-taxi,/blog/taxi-cost-saudi-arabia-price-guide,0.0262
/blog/makkah-madinah-train-vs-taxi,/blog/jeddah-airport-to-makkah-taxi-service-guide,0.0247
/blog/umrah-with-children,/blog/how-to-travel-between-makkah-madinah-jeddah,0.0381
/blog/umrah-with-children,/blog/umrah-for-elderly-pilgrims,0.0611
/blog/umrah-with-children,/blog/complete-guide-to-masjid-al-haram,0.0370
/blog/umrah-with-children,/blog/common-questions-first-time-umrah-pilgrims,0.0479
/blog/umrah-with-children,/blog/jeddah-airport-arrival-guide-umrah,0.0392
/blog/umrah-with-children,/blog/saudi-arabia-entry-requirements-pilgrims-2026,0.0449
/blog/umrah-with-children,/blog/essential-duas-for-umrah-and-hajj,0.0415
/blog/umrah-with-children,/blog/difference-between-hajj-and-umrah,0.0381
/blog/umrah-with-children,/blog/first-time-visiting-makkah-guide,0.0382
/blog/umrah-with-children,/blog/first-time-visiting-madinah-guide,0.0376
/blog/umrah-with-children,/blog/best-time-to-perform-umrah-2026,0.0404
/blog/umrah-with-children,/blog/madinah-ziyarat-historic-sites-guide,0.0218
/blog/umrah-with-children,/blog/what-to-pack-for-umrah-checklist,0.0323
/blog/umrah-with-children,/blog/main-rituals-of-hajj-explained,0.0292
/blog/umrah-with-children,/blog/common-mistakes-to-avoid-during-umrah,0.0231
/blog/umrah-with-children,/blog/umrah-transport-makkah-madinah-guide,0.0289
/blog/umrah-with-children,/blog/riyadh-to-dammam-taxi-guide,0.0265
/blog/umrah-with-children,/blog/how-to-perform-umrah-step-by-step-guide,0.0258
/blog/umrah-with-children,/blog/saudi-to-bahrain-taxi-king-fahd-causeway,0.0270
/blog/umrah-with-children,/blog/saudi-arabia-intercity-taxi-services-guide,0.0251
/blog/umrah-with-children,/blog/makkah-to-madinah-private-taxi-guide,0.0254
/blog/umrah-with-children,/blog/riyadh-airport-transfer-business-travelers,0.0252
/blog/umrah-with-children,/blog/jeddah-to-taif-taxi-guide,0.0261
/blog/umrah-with-children,/blog/top-tourist-destinations-private-taxi-saudi-arabia,0.0245
/blog/umrah-with-children,/blog/taxi-cost-saudi-arabia-price-guide,0.0248
/blog/umrah-with-children,/blog/jeddah-airport-to-makkah-taxi-service-guide,0.0234
/blog/how-to-travel-between-makkah-madinah-jeddah,/blog/umrah-for-elderly-pilgrims,0.0393
/blog/how-to-travel-between-makkah-madinah-jeddah,/blog/complete-guide-to-masjid-al-haram,0.0428
/blog/how-to-travel-between-makkah-madinah-jeddah,/blog/common-questions-first-time-umrah-pilgrims,0.0437
/blog/how-to-travel-between-makkah-madinah-jeddah,/blog/jeddah-airport-arrival-guide-umrah,0.0425
/blog/how-to-travel-between-makkah-madinah-jeddah,/blog/saudi-arabia-entry-requirements-pilgrims-2026,0.0430
/blog/how-to-travel-between-makkah-madinah-jeddah,/blog/essential-duas-for-umrah-and-hajj,0.0420
/blog/how-to-travel-between-makkah-madinah-jeddah,/blog/difference-between-hajj-and-umrah,0.0403
/blog/how-to-travel-between-makkah-madinah-jeddah,/blog/first-time-visiting-makkah-guide,0.0414
/blog/how-to-travel-between-makkah-madinah-jeddah,/blog/first-time-visiting-madinah-guide,0.0446
/blog/how-to-travel-between-makkah-madinah-jeddah,/blog/best-time-to-perform-umrah-2026,0.0428
/blog/how-to-travel-between-makkah-madinah-jeddah,/blog/madinah-ziyarat-historic-sites-guide,0.0221
/blog/how-to-travel-between-makkah-madinah-jeddah,/blog/what-to-pack-for-umrah-checklist,0.0219
/blog/how-to-travel-between-makkah-madinah-jeddah,/blog/main-rituals-of-hajj-explained,0.0321
/blog/how-to-travel-between-makkah-madinah-jeddah,/blog/common-mistakes-to-avoid-during-umrah,0.0217
/blog/how-to-travel-between-makkah-madinah-jeddah,/blog/umrah-transport-makkah-madinah-guide,0.0331
/blog/how-to-travel-between-makkah-madinah-jeddah,/blog/riyadh-to-dammam-taxi-guide,0.0347
/blog/how-to-travel-between-makkah-madinah-jeddah,/blog/how-to-perform-umrah-step-by-step-guide,0.0239
/blog/how-to-travel-between-makkah-madinah-jeddah,/blog/saudi-to-bahrain-taxi-king-fahd-causeway,0.0309
/blog/how-to-travel-between-makkah-madinah-jeddah,/blog/saudi-arabia-intercity-taxi-services-guide,0.0346
/blog/how-to-travel-between-makkah-madinah-jeddah,/blog/makkah-to-madinah-private-taxi-guide,0.0351
/blog/how-to-travel-between-makkah-madinah-jeddah,/blog/riyadh-airport-transfer-business-travelers,0.0288
/blog/how-to-travel-between-makkah-madinah-jeddah,/blog/jeddah-to-taif-taxi-guide,0.0306
/blog/how-to-travel-between-makkah-madinah-jeddah,/blog/top-tourist-destinations-private-taxi-saudi-arabia,0.0284
/blog/how-to-travel-between-makkah-madinah-jeddah,/blog/taxi-cost-saudi-arabia-price-guide,0.0286
/blog/how-to-travel-between-makkah-madinah-jeddah,/blog/jeddah-airport-to-makkah-taxi-service-guide,0.0291
/blog/umrah-for-elderly-pilgrims,/blog/complete-guide-to-masjid-al-haram,0.0398
/blog/umrah-for-elderly-pilgrims,/blog/common-questions-first-time-umrah-pilgrims,0.0437
/blog/umrah-for-elderly-pilgrims,/blog/jeddah-airport-arrival-guide-umrah,0.0373
/blog/umrah-for-elderly-pilgrims,/blog/saudi-arabia-entry-requirements-pilgrims-2026,0.0445
/blog/umrah-for-elderly-pilgrims,/blog/essential-duas-for-umrah-and-hajj,0.0386
/blog/umrah-for-elderly-pilgrims,/blog/difference-between-hajj-and-umrah,0.0404
/blog/umrah-for-elderly-pilgrims,/blog/first-time-visiting-makkah-guide,0.0380
/blog/umrah-for-elderly-pilgrims,/blog/first-time-visiting-madinah-guide,0.0364
/blog/umrah-for-elderly-pilgrims,/blog/best-time-to-perform-umrah-2026,0.0391
/blog/umrah-for-elderly-pilgrims,/blog/madinah-ziyarat-historic-sites-guide,0.0221
/blog/umrah-for-elderly-pilgrims,/blog/what-to-pack-for-umrah-checklist,0.0335
/blog/umrah-for-elderly-pilgrims,/blog/main-rituals-of-hajj-explained,0.0230
/blog/umrah-for-elderly-pilgrims,/blog/common-mistakes-to-avoid-during-umrah,0.0232
/blog/umrah-for-elderly-pilgrims,/blog/umrah-transport-makkah-madinah-guide,0.0309
/blog/umrah-for-elderly-pilgrims,/blog/riyadh-to-dammam-taxi-guide,0.0263
/blog/umrah-for-elderly-pilgrims,/blog/how-to-perform-umrah-step-by-step-guide,0.0254
/blog/umrah-for-elderly-pilgrims,/blog/saudi-to-bahrain-taxi-king-fahd-causeway,0.0256
/blog/umrah-for-elderly-pilgrims,/blog/saudi-arabia-intercity-taxi-services-guide,0.0247
/blog/umrah-for-elderly-pilgrims,/blog/makkah-to-madinah-private-taxi-guide,0.0271
/blog/umrah-for-elderly-pilgrims,/blog/riyadh-airport-transfer-business-travelers,0.0247
/blog/umrah-for-elderly-pilgrims,/blog/jeddah-to-taif-taxi-guide,0.0256
/blog/umrah-for-elderly-pilgrims,/blog/top-tourist-destinations-private-taxi-saudi-arabia,0.0240
/blog/umrah-for-elderly-pilgrims,/blog/taxi-cost-saudi-arabia-price-guide,0.0244
/blog/umrah-for-elderly-pilgrims,/blog/jeddah-airport-to-makkah-taxi-service-guide,0.0227
/blog/complete-guide-to-masjid-al-haram,/blog/common-questions-first-time-umrah-pilgrims,0.0627
/blog/complete-guide-to-masjid-al-haram,/blog/jeddah-airport-arrival-guide-umrah,0.0408
/blog/complete-guide-to-masjid-al-haram,/blog/saudi-arabia-entry-requirements-pilgrims-2026,0.0452
/blog/complete-guide-to-masjid-al-haram,/blog/essential-duas-for-umrah-and-hajj,0.0547
/blog/complete-guide-to-masjid-al-haram,/blog/difference-between-hajj-and-umrah,0.0421
/blog/complete-guide-to-masjid-al-haram,/blog/first-time-visiting-makkah-guide,0.0519
/blog/complete-guide-to-masjid-al-haram,/blog/first-time-visiting-madinah-guide,0.0414
/blog/complete-guide-to-masjid-al-haram,/blog/best-time-to-perform-umrah-2026,0.0526
/blog/complete-guide-to-masjid-al-haram,/blog/madinah-ziyarat-historic-sites-guide,0.0230
/blog/complete-guide-to-masjid-al-haram,/blog/what-to-pack-for-umrah-checklist,0.0238
/blog/complete-guide-to-masjid-al-haram,/blog/main-rituals-of-hajj-explained,0.0243
/blog/complete-guide-to-masjid-al-haram,/blog/common-mistakes-to-avoid-during-umrah,0.0242
/blog/complete-guide-to-masjid-al-haram,/blog/umrah-transport-makkah-madinah-guide,0.0293
/blog/complete-guide-to-masjid-al-haram,/blog/riyadh-to-dammam-taxi-guide,0.0302
/blog/complete-guide-to-masjid-al-haram,/blog/how-to-perform-umrah-step-by-step-guide,0.0379
/blog/complete-guide-to-masjid-al-haram,/blog/saudi-to-bahrain-taxi-king-fahd-causeway,0.0294
/blog/complete-guide-to-masjid-al-haram,/blog/saudi-arabia-intercity-taxi-services-guide,0.0322
/blog/complete-guide-to-masjid-al-haram,/blog/makkah-to-madinah-private-taxi-guide,0.0281
/blog/complete-guide-to-masjid-al-haram,/blog/riyadh-airport-transfer-business-travelers,0.0286
/blog/complete-guide-to-masjid-al-haram,/blog/jeddah-to-taif-taxi-guide,0.0333
/blog/complete-guide-to-masjid-al-haram,/blog/top-tourist-destinations-private-taxi-saudi-arabia,0.0313
/blog/complete-guide-to-masjid-al-haram,/blog/taxi-cost-saudi-arabia-price-guide,0.0315
/blog/complete-guide-to-masjid-al-haram,/blog/jeddah-airport-to-makkah-taxi-service-guide,0.0263
/blog/common-questions-first-time-umrah-pilgrims,/blog/jeddah-airport-arrival-guide-umrah,0.0450
/blog/common-questions-first-time-umrah-pilgrims,/blog/saudi-arabia-entry-requirements-pilgrims-2026,0.0464
/blog/common-questions-first-time-umrah-pilgrims,/blog/essential-duas-for-umrah-and-hajj,0.0784
/blog/common-questions-first-time-umrah-pilgrims,/blog/difference-between-hajj-and-umrah,0.0503
/blog/common-questions-first-time-umrah-pilgrims,/blog/first-time-visiting-makkah-guide,0.0457
/blog/common-questions-first-time-umrah-pilgrims,/blog/first-time-visiting-madinah-guide,0.0433
/blog/common-questions-first-time-umrah-pilgrims,/blog/best-time-to-perform-umrah-2026,0.0643
/blog/common-questions-first-time-umrah-pilgrims,/blog/madinah-ziyarat-historic-sites-guide,0.0267
/blog/common-questions-first-time-umrah-pilgrims,/blog/what-to-pack-for-umrah-checklist,0.0282
/blog/common-questions-first-time-umrah-pilgrims,/blog/main-rituals-of-hajj-explained,0.0264
/blog/common-questions-first-time-umrah-pilgrims,/blog/common-mistakes-to-avoid-during-umrah,0.0507
/blog/common-questions-first-time-umrah-pilgrims,/blog/umrah-transport-makkah-madinah-guide,0.0356
/blog/common-questions-first-time-umrah-pilgrims,/blog/riyadh-to-dammam-taxi-guide,0.0315
/blog/common-questions-first-time-umrah-pilgrims,/blog/how-to-perform-umrah-step-by-step-guide,0.0846
/blog/common-questions-first-time-umrah-pilgrims,/blog/saudi-to-bahrain-taxi-king-fahd-causeway,0.0327
/blog/common-questions-first-time-umrah-pilgrims,/blog/saudi-arabia-intercity-taxi-services-guide,0.0299
/blog/common-questions-first-time-umrah-pilgrims,/blog/makkah-to-madinah-private-taxi-guide,0.0296
/blog/common-questions-first-time-umrah-pilgrims,/blog/riyadh-airport-transfer-business-travelers,0.0297
/blog/common-questions-first-time-umrah-pilgrims,/blog/jeddah-to-taif-taxi-guide,0.0317
/blog/common-questions-first-time-umrah-pilgrims,/blog/top-tourist-destinations-private-taxi-saudi-arabia,0.0294
/blog/common-questions-first-time-umrah-pilgrims,/blog/taxi-cost-saudi-arabia-price-guide,0.0292
/blog/common-questions-first-time-umrah-pilgrims,/blog/jeddah-airport-to-makkah-taxi-service-guide,0.0270
/blog/jeddah-airport-arrival-guide-umrah,/blog/saudi-arabia-entry-requirements-pilgrims-2026,0.0433
/blog/jeddah-airport-arrival-guide-umrah,/blog/essential-duas-for-umrah-and-hajj,0.0449
/blog/jeddah-airport-arrival-guide-umrah,/blog/difference-between-hajj-and-umrah,0.0439
/blog/jeddah-airport-arrival-guide-umrah,/blog/first-time-visiting-makkah-guide,0.0601
/blog/jeddah-airport-arrival-guide-umrah,/blog/first-time-visiting-madinah-guide,0.0439
/blog/jeddah-airport-arrival-guide-umrah,/blog/best-time-to-perform-umrah-2026,0.0441
/blog/jeddah-airport-arrival-guide-umrah,/blog/madinah-ziyarat-historic-sites-guide,0.0376
/blog/jeddah-airport-arrival-guide-umrah,/blog/what-to-pack-for-umrah-checklist,0.0249
/blog/jeddah-airport-arrival-guide-umrah,/blog/main-rituals-of-hajj-explained,0.0224
/blog/jeddah-airport-arrival-guide-umrah,/blog/common-mistakes-to-avoid-during-umrah,0.0245
/blog/jeddah-airport-arrival-guide-umrah,/blog/umrah-transport-makkah-madinah-guide,0.0579
/blog/jeddah-airport-arrival-guide-umrah,/blog/riyadh-to-dammam-taxi-guide,0.0309
/blog/jeddah-airport-arrival-guide-umrah,/blog/how-to-perform-umrah-step-by-step-guide,0.0265
/blog/jeddah-airport-arrival-guide-umrah,/blog/saudi-to-bahrain-taxi-king-fahd-causeway,0.0298
/blog/jeddah-airport-arrival-guide-umrah,/blog/saudi-arabia-intercity-taxi-services-guide,0.0291
/blog/jeddah-airport-arrival-guide-umrah,/blog/makkah-to-madinah-private-taxi-guide,0.0291
/blog/jeddah-airport-arrival-guide-umrah,/blog/riyadh-airport-transfer-business-travelers,0.0337
/blog/jeddah-airport-arrival-guide-umrah,/blog/jeddah-to-taif-taxi-guide,0.0301
/blog/jeddah-airport-arrival-guide-umrah,/blog/top-tourist-destinations-private-taxi-saudi-arabia,0.0289
/blog/jeddah-airport-arrival-guide-umrah,/blog/taxi-cost-saudi-arabia-price-guide,0.0294
/blog/jeddah-airport-arrival-guide-umrah,/blog/jeddah-airport-to-makkah-taxi-service-guide,0.0310
/blog/saudi-arabia-entry-requirements-pilgrims-2026,/blog/essential-duas-for-umrah-and-hajj,0.0431
/blog/saudi-arabia-entry-requirements-pilgrims-2026,/blog/difference-between-hajj-and-umrah,0.0418
/blog/saudi-arabia-entry-requirements-pilgrims-2026,/blog/first-time-visiting-makkah-guide,0.0442
/blog/saudi-arabia-entry-requirements-pilgrims-2026,/blog/first-time-visiting-madinah-guide,0.0429
/blog/saudi-arabia-entry-requirements-pilgrims-2026,/blog/best-time-to-perform-umrah-2026,0.0452
/blog/saudi-arabia-entry-requirements-pilgrims-2026,/blog/madinah-ziyarat-historic-sites-guide,0.0242
/blog/saudi-arabia-entry-requirements-pilgrims-2026,/blog/what-to-pack-for-umrah-checklist,0.0483
/blog/saudi-arabia-entry-requirements-pilgrims-2026,/blog/main-rituals-of-hajj-explained,0.0345
/blog/saudi-arabia-entry-requirements-pilgrims-2026,/blog/common-mistakes-to-avoid-during-umrah,0.0238
/blog/saudi-arabia-entry-requirements-pilgrims-2026,/blog/umrah-transport-makkah-madinah-guide,0.0305
/blog/saudi-arabia-entry-requirements-pilgrims-2026,/blog/riyadh-to-dammam-taxi-guide,0.0314
/blog/saudi-arabia-entry-requirements-pilgrims-2026,/blog/how-to-perform-umrah-step-by-step-guide,0.0240
/blog/saudi-arabia-entry-requirements-pilgrims-2026,/blog/saudi-to-bahrain-taxi-king-fahd-causeway,0.0313
/blog/saudi-arabia-entry-requirements-pilgrims-2026,/blog/saudi-arabia-intercity-taxi-services-guide,0.0328
/blog/saudi-arabia-entry-requirements-pilgrims-2026,/blog/makkah-to-madinah-private-taxi-guide,0.0302
/blog/saudi-arabia-entry-requirements-pilgrims-2026,/blog/riyadh-airport-transfer-business-travelers,0.0294
/blog/saudi-arabia-entry-requirements-pilgrims-2026,/blog/jeddah-to-taif-taxi-guide,0.0349
/blog/saudi-arabia-entry-requirements-pilgrims-2026,/blog/top-tourist-destinations-private-taxi-saudi-arabia,0.0324
/blog/saudi-arabia-entry-requirements-pilgrims-2026,/blog/taxi-cost-saudi-arabia-price-guide,0.0327
/blog/saudi-arabia-entry-requirements-pilgrims-2026,/blog/jeddah-airport-to-makkah-taxi-service-guide,0.0267
/blog/essential-duas-for-umrah-and-hajj,/blog/difference-between-hajj-and-umrah,0.0478
/blog/essential-duas-for-umrah-and-hajj,/blog/first-time-visiting-makkah-guide,0.0450
/blog/essential-duas-for-umrah-and-hajj,/blog/first-time-visiting-madinah-guide,0.0434
/blog/essential-duas-for-umrah-and-hajj,/blog/best-time-to-perform-umrah-2026,0.0753
/blog/essential-duas-for-umrah-and-hajj,/blog/madinah-ziyarat-historic-sites-guide,0.0233
/blog/essential-duas-for-umrah-and-hajj,/blog/what-to-pack-for-umrah-checklist,0.0257
/blog/essential-duas-for-umrah-and-hajj,/blog/main-rituals-of-hajj-explained,0.0271
/blog/essential-duas-for-umrah-and-hajj,/blog/common-mistakes-to-avoid-during-umrah,0.0446
/blog/essential-duas-for-umrah-and-hajj,/blog/umrah-transport-makkah-madinah-guide,0.0341
/blog/essential-duas-for-umrah-and-hajj,/blog/riyadh-to-dammam-taxi-guide,0.0308
/blog/essential-duas-for-umrah-and-hajj,/blog/how-to-perform-umrah-step-by-step-guide,0.0568
/blog/essential-duas-for-umrah-and-hajj,/blog/saudi-to-bahrain-taxi-king-fahd-causeway,0.0323
/blog/essential-duas-for-umrah-and-hajj,/blog/saudi-arabia-intercity-taxi-services-guide,0.0293
/blog/essential-duas-for-umrah-and-hajj,/blog/makkah-to-madinah-private-taxi-guide,0.0292
/blog/essential-duas-for-umrah-and-hajj,/blog/riyadh-airport-transfer-business-travelers,0.0294
/blog/essential-duas-for-umrah-and-hajj,/blog/jeddah-to-taif-taxi-guide,0.0306
/blog/essential-duas-for-umrah-and-hajj,/blog/top-tourist-destinations-private-taxi-saudi-arabia,0.0290
/blog/essential-duas-for-umrah-and-hajj,/blog/taxi-cost-saudi-arabia-price-guide,0.0289
/blog/essential-duas-for-umrah-and-hajj,/blog/jeddah-airport-to-makkah-taxi-service-guide,0.0267
/blog/difference-between-hajj-and-umrah,/blog/first-time-visiting-makkah-guide,0.0422
/blog/difference-between-hajj-and-umrah,/blog/first-time-visiting-madinah-guide,0.0416
/blog/difference-between-hajj-and-umrah,/blog/best-time-to-perform-umrah-2026,0.0506
/blog/difference-between-hajj-and-umrah,/blog/madinah-ziyarat-historic-sites-guide,0.0235
/blog/difference-between-hajj-and-umrah,/blog/what-to-pack-for-umrah-checklist,0.0263
/blog/difference-between-hajj-and-umrah,/blog/main-rituals-of-hajj-explained,0.0449
/blog/difference-between-hajj-and-umrah,/blog/common-mistakes-to-avoid-during-umrah,0.0292
/blog/difference-between-hajj-and-umrah,/blog/umrah-transport-makkah-madinah-guide,0.0340
/blog/difference-between-hajj-and-umrah,/blog/riyadh-to-dammam-taxi-guide,0.0306
/blog/difference-between-hajj-and-umrah,/blog/how-to-perform-umrah-step-by-step-guide,0.0312
/blog/difference-between-hajj-and-umrah,/blog/saudi-to-bahrain-taxi-king-fahd-causeway,0.0302
/blog/difference-between-hajj-and-umrah,/blog/saudi-arabia-intercity-taxi-services-guide,0.0292
/blog/difference-between-hajj-and-umrah,/blog/makkah-to-madinah-private-taxi-guide,0.0285
/blog/difference-between-hajj-and-umrah,/blog/riyadh-airport-transfer-business-travelers,0.0293
/blog/difference-between-hajj-and-umrah,/blog/jeddah-to-taif-taxi-guide,0.0301
/blog/difference-between-hajj-and-umrah,/blog/top-tourist-destinations-private-taxi-saudi-arabia,0.0283
/blog/difference-between-hajj-and-umrah,/blog/taxi-cost-saudi-arabia-price-guide,0.0294
/blog/difference-between-hajj-and-umrah,/blog/jeddah-airport-to-makkah-taxi-service-guide,0.0266
/blog/first-time-visiting-makkah-guide,/blog/first-time-visiting-madinah-guide,0.0498
/blog/first-time-visiting-makkah-guide,/blog/best-time-to-perform-umrah-2026,0.0424
/blog/first-time-visiting-makkah-guide,/blog/madinah-ziyarat-historic-sites-guide,0.0427
/blog/first-time-visiting-makkah-guide,/blog/what-to-pack-for-umrah-checklist,0.0241
/blog/first-time-visiting-makkah-guide,/blog/main-rituals-of-hajj-explained,0.0225
/blog/first-time-visiting-makkah-guide,/blog/common-mistakes-to-avoid-during-umrah,0.0245
/blog/first-time-visiting-makkah-guide,/blog/umrah-transport-makkah-madinah-guide,0.0550
/blog/first-time-visiting-makkah-guide,/blog/riyadh-to-dammam-taxi-guide,0.0311
/blog/first-time-visiting-makkah-guide,/blog/how-to-perform-umrah-step-by-step-guide,0.0268
/blog/first-time-visiting-makkah-guide,/blog/saudi-to-bahrain-taxi-king-fahd-causeway,0.0302
/blog/first-time-visiting-makkah-guide,/blog/saudi-arabia-intercity-taxi-services-guide,0.0327
/blog/first-time-visiting-makkah-guide,/blog/makkah-to-madinah-private-taxi-guide,0.0298
/blog/first-time-visiting-makkah-guide,/blog/riyadh-airport-transfer-business-travelers,0.0310
/blog/first-time-visiting-makkah-guide,/blog/jeddah-to-taif-taxi-guide,0.0348
/blog/first-time-visiting-makkah-guide,/blog/top-tourist-destinations-private-taxi-saudi-arabia,0.0324
/blog/first-time-visiting-makkah-guide,/blog/taxi-cost-saudi-arabia-price-guide,0.0330
/blog/first-time-visiting-makkah-guide,/blog/jeddah-airport-to-makkah-taxi-service-guide,0.0282
/blog/first-time-visiting-madinah-guide,/blog/best-time-to-perform-umrah-2026,0.0421
/blog/first-time-visiting-madinah-guide,/blog/madinah-ziyarat-historic-sites-guide,0.0964
/blog/first-time-visiting-madinah-guide,/blog/what-to-pack-for-umrah-checklist,0.0245
/blog/first-time-visiting-madinah-guide,/blog/main-rituals-of-hajj-explained,0.0227
/blog/first-time-visiting-madinah-guide,/blog/common-mistakes-to-avoid-during-umrah,0.0227
/blog/first-time-visiting-madinah-guide,/blog/umrah-transport-makkah-madinah-guide,0.0315
/blog/first-time-visiting-madinah-guide,/blog/riyadh-to-dammam-taxi-guide,0.0466
/blog/first-time-visiting-madinah-guide,/blog/how-to-perform-umrah-step-by-step-guide,0.0240
/blog/first-time-visiting-madinah-guide,/blog/saudi-to-bahrain-taxi-king-fahd-causeway,0.0310
/blog/first-time-visiting-madinah-guide,/blog/saudi-arabia-intercity-taxi-services-guide,0.0443
/blog/first-time-visiting-madinah-guide,/blog/makkah-to-madinah-private-taxi-guide,0.0476
/blog/first-time-visiting-madinah-guide,/blog/riyadh-airport-transfer-business-travelers,0.0330
/blog/first-time-visiting-madinah-guide,/blog/jeddah-to-taif-taxi-guide,0.0458
/blog/first-time-visiting-madinah-guide,/blog/top-tourist-destinations-private-taxi-saudi-arabia,0.0426
/blog/first-time-visiting-madinah-guide,/blog/taxi-cost-saudi-arabia-price-guide,0.0318
/blog/first-time-visiting-madinah-guide,/blog/jeddah-airport-to-makkah-taxi-service-guide,0.0285
/blog/best-time-to-perform-umrah-2026,/blog/madinah-ziyarat-historic-sites-guide,0.0235
/blog/best-time-to-perform-umrah-2026,/blog/what-to-pack-for-umrah-checklist,0.0261
/blog/best-time-to-perform-umrah-2026,/blog/main-rituals-of-hajj-explained,0.0243
/blog/best-time-to-perform-umrah-2026,/blog/common-mistakes-to-avoid-during-umrah,0.0412
/blog/best-time-to-perform-umrah-2026,/blog/umrah-transport-makkah-madinah-guide,0.0333
/blog/best-time-to-perform-umrah-2026,/blog/riyadh-to-dammam-taxi-guide,0.0306
/blog/best-time-to-perform-umrah-2026,/blog/how-to-perform-umrah-step-by-step-guide,0.0461
/blog/best-time-to-perform-umrah-2026,/blog/saudi-to-bahrain-taxi-king-fahd-causeway,0.0298
/blog/best-time-to-perform-umrah-2026,/blog/saudi-arabia-intercity-taxi-services-guide,0.0288
/blog/best-time-to-perform-umrah-2026,/blog/makkah-to-madinah-private-taxi-guide,0.0285
/blog/best-time-to-perform-umrah-2026,/blog/riyadh-airport-transfer-business-travelers,0.0289
/blog/best-time-to-perform-umrah-2026,/blog/jeddah-to-taif-taxi-guide,0.0301
/blog/best-time-to-perform-umrah-2026,/blog/top-tourist-destinations-private-taxi-saudi-arabia,0.0283
/blog/best-time-to-perform-umrah-2026,/blog/taxi-cost-saudi-arabia-price-guide,0.0288
/blog/best-time-to-perform-umrah-2026,/blog/jeddah-airport-to-makkah-taxi-service-guide,0.0263
/blog/madinah-ziyarat-historic-sites-guide,/blog/what-to-pack-for-umrah-checklist,0.0280
/blog/madinah-ziyarat-historic-sites-guide,/blog/main-rituals-of-hajj-explained,0.0294
/blog/madinah-ziyarat-historic-sites-guide,/blog/common-mistakes-to-avoid-during-umrah,0.0270
/blog/madinah-ziyarat-historic-sites-guide,/blog/umrah-transport-makkah-madinah-guide,0.0742
/blog/madinah-ziyarat-historic-sites-guide,/blog/riyadh-to-dammam-taxi-guide,0.0335
/blog/madinah-ziyarat-historic-sites-guide,/blog/how-to-perform-umrah-step-by-step-guide,0.0295
/blog/madinah-ziyarat-historic-sites-guide,/blog/saudi-to-bahrain-taxi-king-fahd-causeway,0.0336
/blog/madinah-ziyarat-historic-sites-guide,/blog/saudi-arabia-intercity-taxi-services-guide,0.0329
/blog/madinah-ziyarat-historic-sites-guide,/blog/makkah-to-madinah-private-taxi-guide,0.0328
/blog/madinah-ziyarat-historic-sites-guide,/blog/riyadh-airport-transfer-business-travelers,0.0327
/blog/madinah-ziyarat-historic-sites-guide,/blog/jeddah-to-taif-taxi-guide,0.0333
/blog/madinah-ziyarat-historic-sites-guide,/blog/top-tourist-destinations-private-taxi-saudi-arabia,0.0326
/blog/madinah-ziyarat-historic-sites-guide,/blog/taxi-cost-saudi-arabia-price-guide,0.0317
/blog/madinah-ziyarat-historic-sites-guide,/blog/jeddah-airport-to-makkah-taxi-service-guide,0.0301
/blog/what-to-pack-for-umrah-checklist,/blog/main-rituals-of-hajj-explained,0.0374
/blog/what-to-pack-for-umrah-checklist,/blog/common-mistakes-to-avoid-during-umrah,0.0303
/blog/what-to-pack-for-umrah-checklist,/blog/umrah-transport-makkah-madinah-guide,0.0368
/blog/what-to-pack-for-umrah-checklist,/blog/riyadh-to-dammam-taxi-guide,0.0330
/blog/what-to-pack-for-umrah-checklist,/blog/how-to-perform-umrah-step-by-step-guide,0.0285
/blog/what-to-pack-for-umrah-checklist,/blog/saudi-to-bahrain-taxi-king-fahd-causeway,0.0325
/blog/what-to-pack-for-umrah-checklist,/blog/saudi-arabia-intercity-taxi-services-guide,0.0316
/blog/what-to-pack-for-umrah-checklist,/blog/makkah-to-madinah-private-taxi-guide,0.0312
/blog/what-to-pack-for-umrah-checklist,/blog/riyadh-airport-transfer-business-travelers,0.0320
/blog/what-to-pack-for-umrah-checklist,/blog/jeddah-to-taif-taxi-guide,0.0325
/blog/what-to-pack-for-umrah-checklist,/blog/top-tourist-destinations-private-taxi-saudi-arabia,0.0307
/blog/what-to-pack-for-umrah-checklist,/blog/taxi-cost-saudi-arabia-price-guide,0.0312
/blog/what-to-pack-for-umrah-checklist,/blog/jeddah-airport-to-makkah-taxi-service-guide,0.0296
/blog/main-rituals-of-hajj-explained,/blog/common-mistakes-to-avoid-during-umrah,0.0293
/blog/main-rituals-of-hajj-explained,/blog/umrah-transport-makkah-madinah-guide,0.0332
/blog/main-rituals-of-hajj-explained,/blog/riyadh-to-dammam-taxi-guide,0.0345
/blog/main-rituals-of-hajj-explained,/blog/how-to-perform-umrah-step-by-step-guide,0.0310
/blog/main-rituals-of-hajj-explained,/blog/saudi-to-bahrain-taxi-king-fahd-causeway,0.0337
/blog/main-rituals-of-hajj-explained,/blog/saudi-arabia-intercity-taxi-services-guide,0.0326
/blog/main-rituals-of-hajj-explained,/blog/makkah-to-madinah-private-taxi-guide,0.0323
/blog/main-rituals-of-hajj-explained,/blog/riyadh-airport-transfer-business-travelers,0.0327
/blog/main-rituals-of-hajj-explained,/blog/jeddah-to-taif-taxi-guide,0.0340
/blog/main-rituals-of-hajj-explained,/blog/top-tourist-destinations-private-taxi-saudi-arabia,0.0320
/blog/main-rituals-of-hajj-explained,/blog/taxi-cost-saudi-arabia-price-guide,0.0322
/blog/main-rituals-of-hajj-explained,/blog/jeddah-airport-to-makkah-taxi-service-guide,0.0300
/blog/common-mistakes-to-avoid-during-umrah,/blog/umrah-transport-makkah-madinah-guide,0.0374
/blog/common-mistakes-to-avoid-during-umrah,/blog/riyadh-to-dammam-taxi-guide,0.0344
/blog/common-mistakes-to-avoid-during-umrah,/blog/how-to-perform-umrah-step-by-step-guide,0.0522
/blog/common-mistakes-to-avoid-during-umrah,/blog/saudi-to-bahrain-taxi-king-fahd-causeway,0.0357
/blog/common-mistakes-to-avoid-during-umrah,/blog/saudi-arabia-intercity-taxi-services-guide,0.0326
/blog/common-mistakes-to-avoid-during-umrah,/blog/makkah-to-madinah-private-taxi-guide,0.0322
/blog/common-mistakes-to-avoid-during-umrah,/blog/riyadh-airport-transfer-business-travelers,0.0330
/blog/common-mistakes-to-avoid-during-umrah,/blog/jeddah-to-taif-taxi-guide,0.0342
/blog/common-mistakes-to-avoid-during-umrah,/blog/top-tourist-destinations-private-taxi-saudi-arabia,0.0320
/blog/common-mistakes-to-avoid-during-umrah,/blog/taxi-cost-saudi-arabia-price-guide,0.0322
/blog/common-mistakes-to-avoid-during-umrah,/blog/jeddah-airport-to-makkah-taxi-service-guide,0.0305
/blog/umrah-transport-makkah-madinah-guide,/blog/riyadh-to-dammam-taxi-guide,0.0651
/blog/umrah-transport-makkah-madinah-guide,/blog/how-to-perform-umrah-step-by-step-guide,0.0412
/blog/umrah-transport-makkah-madinah-guide,/blog/saudi-to-bahrain-taxi-king-fahd-causeway,0.0880
/blog/umrah-transport-makkah-madinah-guide,/blog/saudi-arabia-intercity-taxi-services-guide,0.0540
/blog/umrah-transport-makkah-madinah-guide,/blog/makkah-to-madinah-private-taxi-guide,0.0572
/blog/umrah-transport-makkah-madinah-guide,/blog/riyadh-airport-transfer-business-travelers,0.0547
/blog/umrah-transport-makkah-madinah-guide,/blog/jeddah-to-taif-taxi-guide,0.0621
/blog/umrah-transport-makkah-madinah-guide,/blog/top-tourist-destinations-private-taxi-saudi-arabia,0.0495
/blog/umrah-transport-makkah-madinah-guide,/blog/taxi-cost-saudi-arabia-price-guide,0.0525
/blog/umrah-transport-makkah-madinah-guide,/blog/jeddah-airport-to-makkah-taxi-service-guide,0.0557
/blog/riyadh-to-dammam-taxi-guide,/blog/how-to-perform-umrah-step-by-step-guide,0.0349
/blog/riyadh-to-dammam-taxi-guide,/blog/saudi-to-bahrain-taxi-king-fahd-causeway,0.0749
/blog/riyadh-to-dammam-taxi-guide,/blog/saudi-arabia-intercity-taxi-services-guide,0.1491
/blog/riyadh-to-dammam-taxi-guide,/blog/makkah-to-madinah-private-taxi-guide,0.1349
/blog/riyadh-to-dammam-taxi-guide,/blog/riyadh-airport-transfer-business-travelers,0.0675
/blog/riyadh-to-dammam-taxi-guide,/blog/jeddah-to-taif-taxi-guide,0.1674
/blog/riyadh-to-dammam-taxi-guide,/blog/top-tourist-destinations-private-taxi-saudi-arabia,0.0566
/blog/riyadh-to-dammam-taxi-guide,/blog/taxi-cost-saudi-arabia-price-guide,0.0620
/blog/riyadh-to-dammam-taxi-guide,/blog/jeddah-airport-to-makkah-taxi-service-guide,0.0574
/blog/how-to-perform-umrah-step-by-step-guide,/blog/saudi-to-bahrain-taxi-king-fahd-causeway,0.0390
/blog/how-to-perform-umrah-step-by-step-guide,/blog/saudi-arabia-intercity-taxi-services-guide,0.0330
/blog/how-to-perform-umrah-step-by-step-guide,/blog/makkah-to-madinah-private-taxi-guide,0.0335
/blog/how-to-perform-umrah-step-by-step-guide,/blog/riyadh-airport-transfer-business-travelers,0.0329
/blog/how-to-perform-umrah-step-by-step-guide,/blog/jeddah-to-taif-taxi-guide,0.0344
/blog/how-to-perform-umrah-step-by-step-guide,/blog/top-tourist-destinations-private-taxi-saudi-arabia,0.0324
/blog/how-to-perform-umrah-step-by-step-guide,/blog/taxi-cost-saudi-arabia-price-guide,0.0324
/blog/how-to-perform-umrah-step-by-step-guide,/blog/jeddah-airport-to-makkah-taxi-service-guide,0.0301
/blog/saudi-to-bahrain-taxi-king-fahd-causeway,/blog/saudi-arabia-intercity-taxi-services-guide,0.0598
/blog/saudi-to-bahrain-taxi-king-fahd-causeway,/blog/makkah-to-madinah-private-taxi-guide,0.0554
/blog/saudi-to-bahrain-taxi-king-fahd-causeway,/blog/riyadh-airport-transfer-business-travelers,0.0597
/blog/saudi-to-bahrain-taxi-king-fahd-causeway,/blog/jeddah-to-taif-taxi-guide,0.0669
/blog/saudi-to-bahrain-taxi-king-fahd-causeway,/blog/top-tourist-destinations-private-taxi-saudi-arabia,0.0513
/blog/saudi-to-bahrain-taxi-king-fahd-causeway,/blog/taxi-cost-saudi-arabia-price-guide,0.0559
/blog/saudi-to-bahrain-taxi-king-fahd-causeway,/blog/jeddah-airport-to-makkah-taxi-service-guide,0.0502
/blog/saudi-arabia-intercity-taxi-services-guide,/blog/makkah-to-madinah-private-taxi-guide,0.1113
/blog/saudi-arabia-intercity-taxi-services-guide,/blog/riyadh-airport-transfer-business-travelers,0.0606
/blog/saudi-arabia-intercity-taxi-services-guide,/blog/jeddah-to-taif-taxi-guide,0.1550
/blog/saudi-arabia-intercity-taxi-services-guide,/blog/top-tourist-destinations-private-taxi-saudi-arabia,0.0635
/blog/saudi-arabia-intercity-taxi-services-guide,/blog/taxi-cost-saudi-arabia-price-guide,0.0687
/blog/saudi-arabia-intercity-taxi-services-guide,/blog/jeddah-airport-to-makkah-taxi-service-guide,0.0539
/blog/makkah-to-madinah-private-taxi-guide,/blog/riyadh-airport-transfer-business-travelers,0.0609
/blog/makkah-to-madinah-private-taxi-guide,/blog/jeddah-to-taif-taxi-guide,0.1247
/blog/makkah-to-madinah-private-taxi-guide,/blog/top-tourist-destinations-private-taxi-saudi-arabia,0.0521
/blog/makkah-to-madinah-private-taxi-guide,/blog/taxi-cost-saudi-arabia-price-guide,0.0537
/blog/makkah-to-madinah-private-taxi-guide,/blog/jeddah-airport-to-makkah-taxi-service-guide,0.0604
/blog/riyadh-airport-transfer-business-travelers,/blog/jeddah-to-taif-taxi-guide,0.0611
/blog/riyadh-airport-transfer-business-travelers,/blog/top-tourist-destinations-private-taxi-saudi-arabia,0.0537
/blog/riyadh-airport-transfer-business-travelers,/blog/taxi-cost-saudi-arabia-price-guide,0.0496
/blog/riyadh-airport-transfer-business-travelers,/blog/jeddah-airport-to-makkah-taxi-service-guide,0.1272
/blog/jeddah-to-taif-taxi-guide,/blog/top-tourist-destinations-private-taxi-saudi-arabia,0.0660
/blog/jeddah-to-taif-taxi-guide,/blog/taxi-cost-saudi-arabia-price-guide,0.0706
/blog/jeddah-to-taif-taxi-guide,/blog/jeddah-airport-to-makkah-taxi-service-guide,0.0567
/blog/top-tourist-destinations-private-taxi-saudi-arabia,/blog/taxi-cost-saudi-arabia-price-guide,0.0594
/blog/top-tourist-destinations-private-taxi-saudi-arabia,/blog/jeddah-airport-to-makkah-taxi-service-guide,0.0463
/blog/taxi-cost-saudi-arabia-price-guide,/blog/jeddah-airport-to-makkah-taxi-service-guide,0.0469